kappa,h,reference_resolvable,registered_grid_sha,parameter_source,completed,missing
0.0,0.875,True,f8082def2d62179064b9573e205702ffa08064f33c5794f0c2a76a5475f41c3b,results/stage6_v1/legacy_b3/adaptive/cache/88c063317cdb49927a3123e251bdf87919d174faa60d57fcf60d54800a832672.npz,[],"[[0, ""raw""], [0, ""zne_quadratic""], [0, ""sv""], [0.01, ""raw""], [0.01, ""zne_quadratic""], [0.01, ""sv""], [0.05, ""raw""], [0.05, ""zne_quadratic""], [0.05, ""sv""]]"
0.0,0.8875,True,f8082def2d62179064b9573e205702ffa08064f33c5794f0c2a76a5475f41c3b,results/stage6_v1/legacy_b3/adaptive/cache/6dd5b7e849e33ce6256b74ffe632e8a2da1f1e52d73e8a035e2481791cc299ab.npz,[],"[[0, ""raw""], [0, ""zne_quadratic""], [0, ""sv""], [0.01, ""raw""], [0.01, ""zne_quadratic""], [0.01, ""sv""], [0.05, ""raw""], [0.05, ""zne_quadratic""], [0.05, ""sv""]]"
0.0,0.9,True,f8082def2d62179064b9573e205702ffa08064f33c5794f0c2a76a5475f41c3b,results/stage6_v1/legacy_b3/adaptive/cache/352c971597ab2bb7c6e09b20dbb97c621afff845e000d068371ea39dd9507965.npz,[],"[[0, ""raw""], [0, ""zne_quadratic""], [0, ""sv""], [0.01, ""raw""], [0.01, ""zne_quadratic""], [0.01, ""sv""], [0.05, ""raw""], [0.05, ""zne_quadratic""], [0.05, ""sv""]]"
0.0,0.9125,True,f8082def2d62179064b9573e205702ffa08064f33c5794f0c2a76a5475f41c3b,results/stage6_v1/legacy_b3/adaptive/cache/a9c29daabee149cdac17bb1bebe8f965897854dffd00e6fb2ad6fbbb7596ac2b.npz,[],"[[0, ""raw""], [0, ""zne_quadratic""], [0, ""sv""], [0.01, ""raw""], [0.01, ""zne_quadratic""], [0.01, ""sv""], [0.05, ""raw""], [0.05, ""zne_quadratic""], [0.05, ""sv""]]"
0.0,0.925,True,f8082def2d62179064b9573e205702ffa08064f33c5794f0c2a76a5475f41c3b,results/stage6_v1/legacy_b3/adaptive/cache/5c9bcaa86baf87baeea0bdeb4fd88c1c351b1f7a20452c648c7186d345bae89b.npz,[],"[[0, ""raw""], [0, ""zne_quadratic""], [0, ""sv""], [0.01, ""raw""], [0.01, ""zne_quadratic""], [0.01, ""sv""], [0.05, ""raw""], [0.05, ""zne_quadratic""], [0.05, ""sv""]]"
0.0,0.9375,True,f8082def2d62179064b9573e205702ffa08064f33c5794f0c2a76a5475f41c3b,results/stage6_v1/legacy_b3/adaptive/cache/039c3f5adce547a63b86c970bd54c26aa31306a1f4429ebca4f1720747748d10.npz,[],"[[0, ""raw""], [0, ""zne_quadratic""], [0, ""sv""], [0.01, ""raw""], [0.01, ""zne_quadratic""], [0.01, ""sv""], [0.05, ""raw""], [0.05, ""zne_quadratic""], [0.05, ""sv""]]"
0.0,0.95,True,f8082def2d62179064b9573e205702ffa08064f33c5794f0c2a76a5475f41c3b,results/stage6_v1/legacy_b3/adaptive/cache/ff7dcf76f59998aec9cb33694346ca3cbc66c212c9dd86bdf5a1171ecb2e719e.npz,[],"[[0, ""raw""], [0, ""zne_quadratic""], [0, ""sv""], [0.01, ""raw""], [0.01, ""zne_quadratic""], [0.01, ""sv""], [0.05, ""raw""], [0.05, ""zne_quadratic""], [0.05, ""sv""]]"
0.0,0.9625,True,f8082def2d62179064b9573e205702ffa08064f33c5794f0c2a76a5475f41c3b,results/stage6_v1/legacy_b3/adaptive/cache/e59562d5d8b51421208ba227b43a5d19c6d48d873680d9968696745512a0541f.npz,[],"[[0, ""raw""], [0, ""zne_quadratic""], [0, ""sv""], [0.01, ""raw""], [0.01, ""zne_quadratic""], [0.01, ""sv""], [0.05, ""raw""], [0.05, ""zne_quadratic""], [0.05, ""sv""]]"
0.0,0.975,True,f8082def2d62179064b9573e205702ffa08064f33c5794f0c2a76a5475f41c3b,results/stage6_v1/legacy_b3/adaptive/cache/a563febacfa9b91237395a6940c7b53c32c960f54fa73284d9ceb06b232d75b1.npz,[],"[[0, ""raw""], [0, ""zne_quadratic""], [0, ""sv""], [0.01, ""raw""], [0.01, ""zne_quadratic""], [0.01, ""sv""], [0.05, ""raw""], [0.05, ""zne_quadratic""], [0.05, ""sv""]]"
0.0,0.9875,True,f8082def2d62179064b9573e205702ffa08064f33c5794f0c2a76a5475f41c3b,results/stage6_v1/legacy_b3/adaptive/cache/def40c4bbf3408e8135018812b5422ce7608575fbd7d0b8e122efc28d90ed84f.npz,[],"[[0, ""raw""], [0, ""zne_quadratic""], [0, ""sv""], [0.01, ""raw""], [0.01, ""zne_quadratic""], [0.01, ""sv""], [0.05, ""raw""], [0.05, ""zne_quadratic""], [0.05, ""sv""]]"
0.0,1.0,True,f8082def2d62179064b9573e205702ffa08064f33c5794f0c2a76a5475f41c3b,results/stage6_v1/legacy_b3/adaptive/cache/83cb3d8f392bbc07eadd214819f619eff372837d7c18531cca86960a59eb7bf8.npz,[],"[[0, ""raw""], [0, ""zne_quadratic""], [0, ""sv""], [0.01, ""raw""], [0.01, ""zne_quadratic""], [0.01, ""sv""], [0.05, ""raw""], [0.05, ""zne_quadratic""], [0.05, ""sv""]]"
0.0,1.0125,True,f8082def2d62179064b9573e205702ffa08064f33c5794f0c2a76a5475f41c3b,results/stage6_v1/legacy_b3/adaptive/cache/409d344c63891499ed14081aeb3bd5872ae76a2ed6686d51996881cb799e5b76.npz,[],"[[0, ""raw""], [0, ""zne_quadratic""], [0, ""sv""], [0.01, ""raw""], [0.01, ""zne_quadratic""], [0.01, ""sv""], [0.05, ""raw""], [0.05, ""zne_quadratic""], [0.05, ""sv""]]"
0.0,1.025,True,f8082def2d62179064b9573e205702ffa08064f33c5794f0c2a76a5475f41c3b,results/stage6_v1/legacy_b3/adaptive/cache/a5b2100176890bd3d4cfb244379df1ca9fb1cf2ff328d0b5363d45a5c1f04b74.npz,[],"[[0, ""raw""], [0, ""zne_quadratic""], [0, ""sv""], [0.01, ""raw""], [0.01, ""zne_quadratic""], [0.01, ""sv""], [0.05, ""raw""], [0.05, ""zne_quadratic""], [0.05, ""sv""]]"
0.0,1.0375,True,f8082def2d62179064b9573e205702ffa08064f33c5794f0c2a76a5475f41c3b,results/stage6_v1/legacy_b3/adaptive/cache/10909ea6df4895177116f0094e332a17522db63fb63938de357f7c2ece4b4d0b.npz,[],"[[0, ""raw""], [0, ""zne_quadratic""], [0, ""sv""], [0.01, ""raw""], [0.01, ""zne_quadratic""], [0.01, ""sv""], [0.05, ""raw""], [0.05, ""zne_quadratic""], [0.05, ""sv""]]"
0.0,1.05,True,f8082def2d62179064b9573e205702ffa08064f33c5794f0c2a76a5475f41c3b,results/stage6_v1/legacy_b3/adaptive/cache/4ee59cede345d87efadd873f1ecd3f29b78490ac6284584ee7755dd6aca2f767.npz,[],"[[0, ""raw""], [0, ""zne_quadratic""], [0, ""sv""], [0.01, ""raw""], [0.01, ""zne_quadratic""], [0.01, ""sv""], [0.05, ""raw""], [0.05, ""zne_quadratic""], [0.05, ""sv""]]"
0.0,1.0625,True,f8082def2d62179064b9573e205702ffa08064f33c5794f0c2a76a5475f41c3b,results/stage6_v1/legacy_b3/adaptive/cache/38b4dbaf2f6e416594fb6045a4907b38a40da81bc57334dc3f4e9976df2e8913.npz,[],"[[0, ""raw""], [0, ""zne_quadratic""], [0, ""sv""], [0.01, ""raw""], [0.01, ""zne_quadratic""], [0.01, ""sv""], [0.05, ""raw""], [0.05, ""zne_quadratic""], [0.05, ""sv""]]"
0.0,1.075,True,f8082def2d62179064b9573e205702ffa08064f33c5794f0c2a76a5475f41c3b,results/stage6_v1/legacy_b3/adaptive/cache/093daee6454b027170a5bae21ed8740505d6d64cda6140a5108a4704a7ddb764.npz,[],"[[0, ""raw""], [0, ""zne_quadratic""], [0, ""sv""], [0.01, ""raw""], [0.01, ""zne_quadratic""], [0.01, ""sv""], [0.05, ""raw""], [0.05, ""zne_quadratic""], [0.05, ""sv""]]"
0.3,0.375,True,2fd190996019928c13ad8c51a77c91ac995fe73f5ee9d47c48c92ca538b1b414,results/stage6_v1/legacy_b3/adaptive/cache/509ac9f4d8afe7953f95fde3f0523371bc6b1211908da22a0773d16601bb8a20.npz,[],"[[0, ""raw""], [0, ""zne_quadratic""], [0, ""sv""], [0.01, ""raw""], [0.01, ""zne_quadratic""], [0.01, ""sv""], [0.05, ""raw""], [0.05, ""zne_quadratic""], [0.05, ""sv""]]"
0.3,0.3875,True,2fd190996019928c13ad8c51a77c91ac995fe73f5ee9d47c48c92ca538b1b414,results/stage6_v1/legacy_b3/adaptive/cache/f9f6c7ac5a31115a26ee084ff9b74a82487f0490b2c1edd000522e6af0927291.npz,[],"[[0, ""raw""], [0, ""zne_quadratic""], [0, ""sv""], [0.01, ""raw""], [0.01, ""zne_quadratic""], [0.01, ""sv""], [0.05, ""raw""], [0.05, ""zne_quadratic""], [0.05, ""sv""]]"
0.3,0.4,True,2fd190996019928c13ad8c51a77c91ac995fe73f5ee9d47c48c92ca538b1b414,results/stage6_v1/legacy_b3/adaptive/cache/e14d679a7dc25a73fc24585af98ad50c2a5a0f24bc3b0ae435d0fcf43757930d.npz,[],"[[0, ""raw""], [0, ""zne_quadratic""], [0, ""sv""], [0.01, ""raw""], [0.01, ""zne_quadratic""], [0.01, ""sv""], [0.05, ""raw""], [0.05, ""zne_quadratic""], [0.05, ""sv""]]"
0.3,0.4125,True,2fd190996019928c13ad8c51a77c91ac995fe73f5ee9d47c48c92ca538b1b414,results/stage6_v1/legacy_b3/adaptive/cache/0480983902a460ea6fe1316f2318cd6d462f69f8aeef78ecb2f8d4b07f3e33af.npz,[],"[[0, ""raw""], [0, ""zne_quadratic""], [0, ""sv""], [0.01, ""raw""], [0.01, ""zne_quadratic""], [0.01, ""sv""], [0.05, ""raw""], [0.05, ""zne_quadratic""], [0.05, ""sv""]]"
0.3,0.425,True,2fd190996019928c13ad8c51a77c91ac995fe73f5ee9d47c48c92ca538b1b414,results/stage6_v1/legacy_b3/adaptive/cache/ec953a4106e87f5e0452a47b6893efb014943cedaf1c973b1d6d257ac16e50bf.npz,[],"[[0, ""raw""], [0, ""zne_quadratic""], [0, ""sv""], [0.01, ""raw""], [0.01, ""zne_quadratic""], [0.01, ""sv""], [0.05, ""raw""], [0.05, ""zne_quadratic""], [0.05, ""sv""]]"
0.3,0.4375,True,2fd190996019928c13ad8c51a77c91ac995fe73f5ee9d47c48c92ca538b1b414,results/stage6_v1/legacy_b3/adaptive/cache/dca37b28829fcaadbc74ffda13f85deb4250553dfec6e4e838087cf4103ccc8e.npz,[],"[[0, ""raw""], [0, ""zne_quadratic""], [0, ""sv""], [0.01, ""raw""], [0.01, ""zne_quadratic""], [0.01, ""sv""], [0.05, ""raw""], [0.05, ""zne_quadratic""], [0.05, ""sv""]]"
0.3,0.45,True,2fd190996019928c13ad8c51a77c91ac995fe73f5ee9d47c48c92ca538b1b414,results/stage6_v1/legacy_b3/adaptive/cache/2e1211c8158706451b22b12871f917e7e650978f2d3b168883926b7f0ed00172.npz,[],"[[0, ""raw""], [0, ""zne_quadratic""], [0, ""sv""], [0.01, ""raw""], [0.01, ""zne_quadratic""], [0.01, ""sv""], [0.05, ""raw""], [0.05, ""zne_quadratic""], [0.05, ""sv""]]"
0.3,0.4625,True,2fd190996019928c13ad8c51a77c91ac995fe73f5ee9d47c48c92ca538b1b414,results/stage6_v1/legacy_b3/adaptive/cache/48f10dac5aefaab581973a3ee851233907eb17f8569ef901ee202de745db85b8.npz,[],"[[0, ""raw""], [0, ""zne_quadratic""], [0, ""sv""], [0.01, ""raw""], [0.01, ""zne_quadratic""], [0.01, ""sv""], [0.05, ""raw""], [0.05, ""zne_quadratic""], [0.05, ""sv""]]"
0.3,0.475,True,2fd190996019928c13ad8c51a77c91ac995fe73f5ee9d47c48c92ca538b1b414,results/stage6_v1/legacy_b3/adaptive/cache/f571f5fe08d447d20f613dc4eec9df5bfe5f2d1a472c70d8a9f8511579b0fab9.npz,[],"[[0, ""raw""], [0, ""zne_quadratic""], [0, ""sv""], [0.01, ""raw""], [0.01, ""zne_quadratic""], [0.01, ""sv""], [0.05, ""raw""], [0.05, ""zne_quadratic""], [0.05, ""sv""]]"
0.3,0.4875,True,2fd190996019928c13ad8c51a77c91ac995fe73f5ee9d47c48c92ca538b1b414,results/stage6_v1/legacy_b3/adaptive/cache/8467bcc2e954cde72596d42e55a681baa1e2b5f64f3016f4491114c265b503db.npz,[],"[[0, ""raw""], [0, ""zne_quadratic""], [0, ""sv""], [0.01, ""raw""], [0.01, ""zne_quadratic""], [0.01, ""sv""], [0.05, ""raw""], [0.05, ""zne_quadratic""], [0.05, ""sv""]]"
0.3,0.5,True,2fd190996019928c13ad8c51a77c91ac995fe73f5ee9d47c48c92ca538b1b414,results/stage6_v1/legacy_b3/adaptive/cache/92d4006dfe874297edc7a86979571ad76a32dcb093b21030c29203d7a99dfd8e.npz,[],"[[0, ""raw""], [0, ""zne_quadratic""], [0, ""sv""], [0.01, ""raw""], [0.01, ""zne_quadratic""], [0.01, ""sv""], [0.05, ""raw""], [0.05, ""zne_quadratic""], [0.05, ""sv""]]"
0.3,0.5125,True,2fd190996019928c13ad8c51a77c91ac995fe73f5ee9d47c48c92ca538b1b414,results/stage6_v1/legacy_b3/adaptive/cache/09b0b53e2c24a27769939feb504abd0f82c4ab313b2c839a137665b6ebf145e7.npz,[],"[[0, ""raw""], [0, ""zne_quadratic""], [0, ""sv""], [0.01, ""raw""], [0.01, ""zne_quadratic""], [0.01, ""sv""], [0.05, ""raw""], [0.05, ""zne_quadratic""], [0.05, ""sv""]]"
0.3,0.525,True,2fd190996019928c13ad8c51a77c91ac995fe73f5ee9d47c48c92ca538b1b414,results/stage6_v1/legacy_b3/adaptive/cache/ecd8f72e2615a8dd2e0fe2d9bc64e80c7127717dd334340690db274e946414c6.npz,[],"[[0, ""raw""], [0, ""zne_quadratic""], [0, ""sv""], [0.01, ""raw""], [0.01, ""zne_quadratic""], [0.01, ""sv""], [0.05, ""raw""], [0.05, ""zne_quadratic""], [0.05, ""sv""]]"
0.3,0.5375,True,2fd190996019928c13ad8c51a77c91ac995fe73f5ee9d47c48c92ca538b1b414,results/stage6_v1/legacy_b3/adaptive/cache/9a83923b0c7e4b47dc9034bf884d3fc33c40ea938bddeb5a07d52ac39cd7096b.npz,[],"[[0, ""raw""], [0, ""zne_quadratic""], [0, ""sv""], [0.01, ""raw""], [0.01, ""zne_quadratic""], [0.01, ""sv""], [0.05, ""raw""], [0.05, ""zne_quadratic""], [0.05, ""sv""]]"
0.3,0.55,True,2fd190996019928c13ad8c51a77c91ac995fe73f5ee9d47c48c92ca538b1b414,results/stage6_v1/legacy_b3/adaptive/cache/6cdbbb18dddb4d8b0d2b68d9ead549c58db7bc125bef9b0708a314e967bc21d2.npz,[],"[[0, ""raw""], [0, ""zne_quadratic""], [0, ""sv""], [0.01, ""raw""], [0.01, ""zne_quadratic""], [0.01, ""sv""], [0.05, ""raw""], [0.05, ""zne_quadratic""], [0.05, ""sv""]]"
0.3,0.5625,True,2fd190996019928c13ad8c51a77c91ac995fe73f5ee9d47c48c92ca538b1b414,results/stage6_v1/legacy_b3/adaptive/cache/b439009de70cb4544a54f4dbf76a4ed677507c16e4f36e0f22d1ab55d7cd73ff.npz,[],"[[0, ""raw""], [0, ""zne_quadratic""], [0, ""sv""], [0.01, ""raw""], [0.01, ""zne_quadratic""], [0.01, ""sv""], [0.05, ""raw""], [0.05, ""zne_quadratic""], [0.05, ""sv""]]"
0.3,0.575,True,2fd190996019928c13ad8c51a77c91ac995fe73f5ee9d47c48c92ca538b1b414,results/stage6_v1/legacy_b3/adaptive/cache/3be8c780198eb0bdfff18465fb4b13d44275abc235b2c5a903bd2011dfd556ee.npz,[],"[[0, ""raw""], [0, ""zne_quadratic""], [0, ""sv""], [0.01, ""raw""], [0.01, ""zne_quadratic""], [0.01, ""sv""], [0.05, ""raw""], [0.05, ""zne_quadratic""], [0.05, ""sv""]]"
0.45,0.0125,True,bd45fcd0ee1b30c38fbad53e4046cac0b54002841dc5a3a2d541b38dbca02c8b,results/stage6_v1/legacy_b3/adaptive/cache/926eaead11ef8c8f6b4a0ac2ff86ae59858354fe004fb63bc71bf74b7b3c75bc.npz,"[[0, ""raw"", [10000, 100000]], [0, ""zne_quadratic"", [10000, 100000]], [0, ""sv"", [10000, 100000]], [0.01, ""raw"", [10000, 100000]], [0.01, ""zne_quadratic"", [10000, 100000]], [0.01, ""sv"", [10000, 100000]], [0.05, ""raw"", [10000, 100000]], [0.05, ""zne_quadratic"", [10000, 100000]], [0.05, ""sv"", [10000, 100000]]]",[]
0.45,0.025,True,bd45fcd0ee1b30c38fbad53e4046cac0b54002841dc5a3a2d541b38dbca02c8b,results/stage6_v1/legacy_b3/adaptive/cache/90a506bc0f9bb80cb81a208f3d54a3973ce5717d0006303bbf4a816070907961.npz,"[[0, ""raw"", [10000, 100000]], [0, ""zne_quadratic"", [10000, 100000]], [0, ""sv"", [10000, 100000]], [0.01, ""raw"", [10000, 100000]], [0.01, ""zne_quadratic"", [10000, 100000]], [0.01, ""sv"", [10000, 100000]], [0.05, ""raw"", [10000, 100000]], [0.05, ""zne_quadratic"", [10000, 100000]], [0.05, ""sv"", [10000, 100000]]]",[]
0.45,0.0375,True,bd45fcd0ee1b30c38fbad53e4046cac0b54002841dc5a3a2d541b38dbca02c8b,results/stage6_v1/legacy_b3/adaptive/cache/9b59a90fb5457d58e28c56111ca7b4c57702f81bcaabf05ed8db90414a1ad54d.npz,"[[0, ""raw"", [10000, 100000]], [0, ""zne_quadratic"", [10000, 100000]], [0, ""sv"", [10000, 100000]], [0.01, ""raw"", [10000, 100000]], [0.01, ""zne_quadratic"", [10000, 100000]], [0.01, ""sv"", [10000, 100000]], [0.05, ""raw"", [10000, 100000]], [0.05, ""zne_quadratic"", [10000, 100000]], [0.05, ""sv"", [10000, 100000]]]",[]
0.45,0.05,True,bd45fcd0ee1b30c38fbad53e4046cac0b54002841dc5a3a2d541b38dbca02c8b,results/stage6_v1/legacy_b3/adaptive/cache/431d91ed20192fbc86f73b711eb2c99b29f37da204bd68717523a4a742e4b1d5.npz,"[[0, ""raw"", [10000, 100000]], [0, ""zne_quadratic"", [10000, 100000]], [0, ""sv"", [10000, 100000]], [0.01, ""raw"", [10000, 100000]], [0.01, ""zne_quadratic"", [10000, 100000]], [0.01, ""sv"", [10000, 100000]], [0.05, ""raw"", [10000, 100000]], [0.05, ""zne_quadratic"", [10000, 100000]], [0.05, ""sv"", [10000, 100000]]]",[]
0.45,0.0625,True,bd45fcd0ee1b30c38fbad53e4046cac0b54002841dc5a3a2d541b38dbca02c8b,results/stage6_v1/legacy_b3/adaptive/cache/a28c70560db9118e19794c474b2b3bab180ff21827f2c6b9a7165afbcc9dff9b.npz,"[[0, ""raw"", [10000, 100000]], [0, ""zne_quadratic"", [10000, 100000]], [0, ""sv"", [10000, 100000]], [0.01, ""raw"", [10000, 100000]], [0.01, ""zne_quadratic"", [10000, 100000]], [0.01, ""sv"", [10000, 100000]], [0.05, ""raw"", [10000, 100000]], [0.05, ""zne_quadratic"", [10000, 100000]], [0.05, ""sv"", [10000, 100000]]]",[]
0.45,0.075,True,bd45fcd0ee1b30c38fbad53e4046cac0b54002841dc5a3a2d541b38dbca02c8b,results/stage6_v1/legacy_b3/adaptive/cache/4d78e51885540fa7a6d51931a81c7423da65989b861fd61f0fda02ce04aa1f4d.npz,"[[0, ""raw"", [10000, 100000]], [0, ""zne_quadratic"", [10000, 100000]], [0, ""sv"", [10000, 100000]], [0.01, ""raw"", [10000, 100000]], [0.01, ""zne_quadratic"", [10000, 100000]], [0.01, ""sv"", [10000, 100000]], [0.05, ""raw"", [10000, 100000]], [0.05, ""zne_quadratic"", [10000, 100000]], [0.05, ""sv"", [10000, 100000]]]",[]
0.45,0.0875,True,bd45fcd0ee1b30c38fbad53e4046cac0b54002841dc5a3a2d541b38dbca02c8b,results/stage6_v1/legacy_b3/adaptive/cache/5aea443df783d5b96e2fc2a2ef9fac595480126485500629288e1e7ce735f357.npz,"[[0, ""raw"", [10000, 100000]], [0, ""zne_quadratic"", [10000, 100000]], [0, ""sv"", [10000, 100000]], [0.01, ""raw"", [10000, 100000]], [0.01, ""zne_quadratic"", [10000, 100000]], [0.01, ""sv"", [10000, 100000]], [0.05, ""raw"", [10000, 100000]], [0.05, ""zne_quadratic"", [10000, 100000]], [0.05, ""sv"", [10000, 100000]]]",[]
0.45,0.1,True,bd45fcd0ee1b30c38fbad53e4046cac0b54002841dc5a3a2d541b38dbca02c8b,results/stage6_v1/legacy_b3/adaptive/cache/31bec6567cfbef5fd443191e1c097210b18692d541a1bcae672ba5ea67fb827b.npz,"[[0, ""raw"", [10000, 100000]], [0, ""zne_quadratic"", [10000, 100000]], [0, ""sv"", [10000, 100000]], [0.01, ""raw"", [10000, 100000]], [0.01, ""zne_quadratic"", [10000, 100000]], [0.01, ""sv"", [10000, 100000]], [0.05, ""raw"", [10000, 100000]], [0.05, ""zne_quadratic"", [10000, 100000]], [0.05, ""sv"", [10000, 100000]]]",[]
0.45,0.1125,True,bd45fcd0ee1b30c38fbad53e4046cac0b54002841dc5a3a2d541b38dbca02c8b,results/stage6_v1/legacy_b3/adaptive/cache/25de747a919b49b27629f613ff515b21528222f29be92aa13b34ac5538d5d630.npz,"[[0, ""raw"", [10000, 100000]], [0, ""zne_quadratic"", [10000, 100000]], [0, ""sv"", [10000, 100000]], [0.01, ""raw"", [10000, 100000]], [0.01, ""zne_quadratic"", [10000, 100000]], [0.01, ""sv"", [10000, 100000]], [0.05, ""raw"", [10000, 100000]], [0.05, ""zne_quadratic"", [10000, 100000]], [0.05, ""sv"", [10000, 100000]]]",[]
0.45,0.125,True,bd45fcd0ee1b30c38fbad53e4046cac0b54002841dc5a3a2d541b38dbca02c8b,results/stage6_v1/legacy_b3/adaptive/cache/1dd250af23dcf5051d4815773a8d58f143201dcc5b7098b5bf551610fd6d431b.npz,"[[0, ""raw"", [10000, 100000]], [0, ""zne_quadratic"", [10000, 100000]], [0, ""sv"", [10000, 100000]], [0.01, ""raw"", [10000, 100000]], [0.01, ""zne_quadratic"", [10000, 100000]], [0.01, ""sv"", [10000, 100000]], [0.05, ""raw"", [10000, 100000]], [0.05, ""zne_quadratic"", [10000, 100000]], [0.05, ""sv"", [10000, 100000]]]",[]
0.45,0.1375,True,bd45fcd0ee1b30c38fbad53e4046cac0b54002841dc5a3a2d541b38dbca02c8b,results/stage6_v1/legacy_b3/adaptive/cache/d12f9e0c609fc34bf44da69288095d582f309fe9f7e411961e73d9db66044b4b.npz,"[[0, ""raw"", [10000, 100000]], [0, ""zne_quadratic"", [10000, 100000]], [0, ""sv"", [10000, 100000]], [0.01, ""raw"", [10000, 100000]], [0.01, ""zne_quadratic"", [10000, 100000]], [0.01, ""sv"", [10000, 100000]], [0.05, ""raw"", [10000, 100000]], [0.05, ""zne_quadratic"", [10000, 100000]], [0.05, ""sv"", [10000, 100000]]]",[]
0.45,0.15,True,bd45fcd0ee1b30c38fbad53e4046cac0b54002841dc5a3a2d541b38dbca02c8b,results/stage6_v1/legacy_b3/adaptive/cache/d06e5cae3c7e7aee7cdc1ab07d8099c5af2c211f2fb31dc1b9ca46a3abac92d9.npz,"[[0, ""raw"", [10000, 100000]], [0, ""zne_quadratic"", [10000, 100000]], [0, ""sv"", [10000, 100000]], [0.01, ""raw"", [10000, 100000]], [0.01, ""zne_quadratic"", [10000, 100000]], [0.01, ""sv"", [10000, 100000]], [0.05, ""raw"", [10000, 100000]], [0.05, ""zne_quadratic"", [10000, 100000]], [0.05, ""sv"", [10000, 100000]]]",[]
0.45,0.1625,True,bd45fcd0ee1b30c38fbad53e4046cac0b54002841dc5a3a2d541b38dbca02c8b,results/stage6_v1/legacy_b3/adaptive/cache/d7998d632e59ca6b48407db4bd8df0e64c24b98283c0d43b72832d1528df519b.npz,"[[0, ""raw"", [10000, 100000]], [0, ""zne_quadratic"", [10000, 100000]], [0, ""sv"", [10000, 100000]], [0.01, ""raw"", [10000, 100000]], [0.01, ""zne_quadratic"", [10000, 100000]], [0.01, ""sv"", [10000, 100000]], [0.05, ""raw"", [10000, 100000]], [0.05, ""zne_quadratic"", [10000, 100000]], [0.05, ""sv"", [10000, 100000]]]",[]
0.45,0.175,True,bd45fcd0ee1b30c38fbad53e4046cac0b54002841dc5a3a2d541b38dbca02c8b,results/stage6_v1/legacy_b3/adaptive/cache/9230dca72934a5430e6c248f407efc9d1086343bba98aa30432dd3e333150f23.npz,"[[0, ""raw"", [10000, 100000]], [0, ""zne_quadratic"", [10000, 100000]], [0, ""sv"", [10000, 100000]], [0.01, ""raw"", [10000, 100000]], [0.01, ""zne_quadratic"", [10000, 100000]], [0.01, ""sv"", [10000, 100000]], [0.05, ""raw"", [10000, 100000]], [0.05, ""zne_quadratic"", [10000, 100000]], [0.05, ""sv"", [10000, 100000]]]",[]
0.45,0.1875,True,bd45fcd0ee1b30c38fbad53e4046cac0b54002841dc5a3a2d541b38dbca02c8b,results/stage6_v1/legacy_b3/adaptive/cache/5f0a605c637dfa86d346e43472a735b8e8e7be3bf5b24ed3eb425a0079ed3350.npz,"[[0, ""raw"", [10000, 100000]], [0, ""zne_quadratic"", [10000, 100000]], [0, ""sv"", [10000, 100000]], [0.01, ""raw"", [10000, 100000]], [0.01, ""zne_quadratic"", [10000, 100000]], [0.01, ""sv"", [10000, 100000]], [0.05, ""raw"", [10000, 100000]], [0.05, ""zne_quadratic"", [10000, 100000]], [0.05, ""sv"", [10000, 100000]]]",[]
0.45,0.2,True,bd45fcd0ee1b30c38fbad53e4046cac0b54002841dc5a3a2d541b38dbca02c8b,results/stage6_v1/legacy_b3/adaptive/cache/55ac2a08d3b3ea7c32890728c5ba21aec38ec64ed0be738227d1f7aa22a2f7c2.npz,"[[0, ""raw"", [10000, 100000]], [0, ""zne_quadratic"", [10000, 100000]], [0, ""sv"", [10000, 100000]], [0.01, ""raw"", [10000, 100000]], [0.01, ""zne_quadratic"", [10000, 100000]], [0.01, ""sv"", [10000, 100000]], [0.05, ""raw"", [10000, 100000]], [0.05, ""zne_quadratic"", [10000, 100000]], [0.05, ""sv"", [10000, 100000]]]",[]
0.45,0.2125,True,bd45fcd0ee1b30c38fbad53e4046cac0b54002841dc5a3a2d541b38dbca02c8b,results/stage6_v1/legacy_b3/adaptive/cache/2dc65d23b3883df1d483367ec5e9b99b83689f7a3cfc0ab2110f7f7596b4299d.npz,"[[0, ""raw"", [10000, 100000]], [0, ""zne_quadratic"", [10000, 100000]], [0, ""sv"", [10000, 100000]], [0.01, ""raw"", [10000, 100000]], [0.01, ""zne_quadratic"", [10000, 100000]], [0.01, ""sv"", [10000, 100000]], [0.05, ""raw"", [10000, 100000]], [0.05, ""zne_quadratic"", [10000, 100000]], [0.05, ""sv"", [10000, 100000]]]",[]
0.5,0.05,False,9509c10490cedbb4a295e205c72564deeff46ca17cecafcd717075279910c565,results/stage6_v1/legacy_b3/adaptive/cache/6fa977c60e11fca58c76abf64cfb5895219a60117465435c5d725d3001613645.npz,[],"[[0, ""raw""], [0, ""zne_quadratic""], [0, ""sv""], [0.01, ""raw""], [0.01, ""zne_quadratic""], [0.01, ""sv""], [0.05, ""raw""], [0.05, ""zne_quadratic""], [0.05, ""sv""]]"
0.5,0.0625,False,9509c10490cedbb4a295e205c72564deeff46ca17cecafcd717075279910c565,results/stage6_v1/legacy_b3/adaptive/cache/b51e7961ee454584b47e5c9b4b72c63ed0db3d5d055fafd572530fb517807e91.npz,[],"[[0, ""raw""], [0, ""zne_quadratic""], [0, ""sv""], [0.01, ""raw""], [0.01, ""zne_quadratic""], [0.01, ""sv""], [0.05, ""raw""], [0.05, ""zne_quadratic""], [0.05, ""sv""]]"
0.5,0.075,False,9509c10490cedbb4a295e205c72564deeff46ca17cecafcd717075279910c565,results/stage6_v1/legacy_b3/adaptive/cache/cdec9da5d143785e578ebdb23ea02e60a87796d27c119b4f0be2d59eb108bdd3.npz,"[[0, ""raw"", [10000, 100000]], [0, ""zne_quadratic"", [10000, 100000]], [0, ""sv"", [10000, 100000]], [0.01, ""raw"", [10000, 100000]], [0.01, ""zne_quadratic"", [10000, 100000]], [0.01, ""sv"", [10000, 100000]], [0.05, ""raw"", [10000, 100000]], [0.05, ""zne_quadratic"", [10000, 100000]], [0.05, ""sv"", [10000, 100000]]]",[]
0.5,0.0875,False,9509c10490cedbb4a295e205c72564deeff46ca17cecafcd717075279910c565,results/stage6_v1/legacy_b3/adaptive/cache/7af7ae9f9651bac3b6c1751a5ab6eb3acb4868ebe6cc4a65b3d2e9efe93b6be9.npz,[],"[[0, ""raw""], [0, ""zne_quadratic""], [0, ""sv""], [0.01, ""raw""], [0.01, ""zne_quadratic""], [0.01, ""sv""], [0.05, ""raw""], [0.05, ""zne_quadratic""], [0.05, ""sv""]]"
0.5,0.1,False,9509c10490cedbb4a295e205c72564deeff46ca17cecafcd717075279910c565,results/stage6_v1/legacy_b3/adaptive/cache/03abb218500e5b90519b3761152a485483624015542837490cf3461c77bb23da.npz,"[[0, ""raw"", [10000, 100000]], [0, ""zne_quadratic"", [10000, 100000]], [0, ""sv"", [10000, 100000]], [0.01, ""raw"", [10000, 100000]], [0.01, ""zne_quadratic"", [10000, 100000]], [0.01, ""sv"", [10000, 100000]], [0.05, ""raw"", [10000, 100000]], [0.05, ""zne_quadratic"", [10000, 100000]], [0.05, ""sv"", [10000, 100000]]]",[]
0.5,0.1125,False,9509c10490cedbb4a295e205c72564deeff46ca17cecafcd717075279910c565,results/stage6_v1/legacy_b3/adaptive/cache/f2f149c164c6eeffbc98ab5017fce4e2ab1db1d519238b545b1e1ae63e2d2a63.npz,[],"[[0, ""raw""], [0, ""zne_quadratic""], [0, ""sv""], [0.01, ""raw""], [0.01, ""zne_quadratic""], [0.01, ""sv""], [0.05, ""raw""], [0.05, ""zne_quadratic""], [0.05, ""sv""]]"
0.5,0.125,False,9509c10490cedbb4a295e205c72564deeff46ca17cecafcd717075279910c565,results/stage6_v1/legacy_b3/adaptive/cache/3c114058ddcdce495c962835e9fb6dd07f55225ebbf0235f9ada37cec4817da1.npz,[],"[[0, ""raw""], [0, ""zne_quadratic""], [0, ""sv""], [0.01, ""raw""], [0.01, ""zne_quadratic""], [0.01, ""sv""], [0.05, ""raw""], [0.05, ""zne_quadratic""], [0.05, ""sv""]]"
0.5,0.1375,False,9509c10490cedbb4a295e205c72564deeff46ca17cecafcd717075279910c565,results/stage6_v1/legacy_b3/adaptive/cache/2f8c9f8d1ebbc730f325eb40ad8940dfada97edd91a23928d215711852a1cccd.npz,[],"[[0, ""raw""], [0, ""zne_quadratic""], [0, ""sv""], [0.01, ""raw""], [0.01, ""zne_quadratic""], [0.01, ""sv""], [0.05, ""raw""], [0.05, ""zne_quadratic""], [0.05, ""sv""]]"
0.5,0.15,False,9509c10490cedbb4a295e205c72564deeff46ca17cecafcd717075279910c565,results/stage6_v1/legacy_b3/adaptive/cache/890587812d00c17a5a6b1aa1f8d706bf45bffbd464b9887779397f9fe99f83c4.npz,"[[0, ""raw"", [10000, 100000]], [0, ""zne_quadratic"", [10000, 100000]], [0, ""sv"", [10000, 100000]], [0.01, ""raw"", [10000, 100000]], [0.01, ""zne_quadratic"", [10000, 100000]], [0.01, ""sv"", [10000, 100000]], [0.05, ""raw"", [10000, 100000]], [0.05, ""zne_quadratic"", [10000, 100000]], [0.05, ""sv"", [10000, 100000]]]",[]
0.5,0.1625,False,9509c10490cedbb4a295e205c72564deeff46ca17cecafcd717075279910c565,results/stage6_v1/legacy_b3/adaptive/cache/d6146eb3a703c8b548f77f83049411747cff81c2d3e0a4f816b7bc9d1f64a730.npz,[],"[[0, ""raw""], [0, ""zne_quadratic""], [0, ""sv""], [0.01, ""raw""], [0.01, ""zne_quadratic""], [0.01, ""sv""], [0.05, ""raw""], [0.05, ""zne_quadratic""], [0.05, ""sv""]]"
0.5,0.175,False,9509c10490cedbb4a295e205c72564deeff46ca17cecafcd717075279910c565,results/stage6_v1/legacy_b3/adaptive/cache/2b0a770b19f0421e14ce93108ab9acfcd03747a40143c755b97fc86ddec5f01b.npz,[],"[[0, ""raw""], [0, ""zne_quadratic""], [0, ""sv""], [0.01, ""raw""], [0.01, ""zne_quadratic""], [0.01, ""sv""], [0.05, ""raw""], [0.05, ""zne_quadratic""], [0.05, ""sv""]]"
0.5,0.1875,False,9509c10490cedbb4a295e205c72564deeff46ca17cecafcd717075279910c565,results/stage6_v1/legacy_b3/adaptive/cache/db9da3233b641b7dc0bcb2d4e01977191e39458ff62b0d94ee8bebdd183d3c51.npz,[],"[[0, ""raw""], [0, ""zne_quadratic""], [0, ""sv""], [0.01, ""raw""], [0.01, ""zne_quadratic""], [0.01, ""sv""], [0.05, ""raw""], [0.05, ""zne_quadratic""], [0.05, ""sv""]]"
0.5,0.2,False,9509c10490cedbb4a295e205c72564deeff46ca17cecafcd717075279910c565,results/stage6_v1/legacy_b3/adaptive/cache/22ac08f5e50192fb32a26e3a96905e210b98f8186414755241ad9c7f5e591e58.npz,"[[0, ""raw"", [10000, 100000]], [0, ""zne_quadratic"", [10000, 100000]], [0, ""sv"", [10000, 100000]], [0.01, ""raw"", [10000, 100000]], [0.01, ""zne_quadratic"", [10000, 100000]], [0.01, ""sv"", [10000, 100000]], [0.05, ""raw"", [10000, 100000]], [0.05, ""zne_quadratic"", [10000, 100000]], [0.05, ""sv"", [10000, 100000]]]",[]
0.5,0.2125,False,9509c10490cedbb4a295e205c72564deeff46ca17cecafcd717075279910c565,results/stage6_v1/legacy_b3/adaptive/cache/31d55a7c1c3a4a28b8391bb75d9d45b1ea82ab806c8ca8a6c5e263d4d338a199.npz,[],"[[0, ""raw""], [0, ""zne_quadratic""], [0, ""sv""], [0.01, ""raw""], [0.01, ""zne_quadratic""], [0.01, ""sv""], [0.05, ""raw""], [0.05, ""zne_quadratic""], [0.05, ""sv""]]"
0.5,0.225,False,9509c10490cedbb4a295e205c72564deeff46ca17cecafcd717075279910c565,results/stage6_v1/legacy_b3/adaptive/cache/9ca3d915aaf24d470c740ea2e5849405806d595c89d0cb2dfaa0c66153a1ab11.npz,[],"[[0, ""raw""], [0, ""zne_quadratic""], [0, ""sv""], [0.01, ""raw""], [0.01, ""zne_quadratic""], [0.01, ""sv""], [0.05, ""raw""], [0.05, ""zne_quadratic""], [0.05, ""sv""]]"
0.5,0.2375,False,9509c10490cedbb4a295e205c72564deeff46ca17cecafcd717075279910c565,results/stage6_v1/legacy_b3/adaptive/cache/d17dbb84d204ba0087e590ccd9572d6491dd895675a7f998aab22bf1959fde50.npz,[],"[[0, ""raw""], [0, ""zne_quadratic""], [0, ""sv""], [0.01, ""raw""], [0.01, ""zne_quadratic""], [0.01, ""sv""], [0.05, ""raw""], [0.05, ""zne_quadratic""], [0.05, ""sv""]]"
0.5,0.25,False,9509c10490cedbb4a295e205c72564deeff46ca17cecafcd717075279910c565,results/stage6_v1/legacy_b3/adaptive/cache/cc187e168d5ae8596842ec65d452bbf549dc3aa231773a733de8afa7c403fbab.npz,[],"[[0, ""raw""], [0, ""zne_quadratic""], [0, ""sv""], [0.01, ""raw""], [0.01, ""zne_quadratic""], [0.01, ""sv""], [0.05, ""raw""], [0.05, ""zne_quadratic""], [0.05, ""sv""]]"
0.55,0.0125,True,bd45fcd0ee1b30c38fbad53e4046cac0b54002841dc5a3a2d541b38dbca02c8b,results/stage6_v1/legacy_b3/adaptive/cache/206a172cca482a4466d016ecad1ec7ef7af86618b6a13bee7a0489be6de2c7d0.npz,"[[0, ""raw"", [10000, 100000]], [0, ""zne_quadratic"", [10000, 100000]], [0, ""sv"", [10000, 100000]], [0.01, ""raw"", [10000, 100000]], [0.01, ""zne_quadratic"", [10000, 100000]], [0.01, ""sv"", [10000, 100000]], [0.05, ""raw"", [10000, 100000]], [0.05, ""zne_quadratic"", [10000, 100000]], [0.05, ""sv"", [10000, 100000]]]",[]
0.55,0.025,True,bd45fcd0ee1b30c38fbad53e4046cac0b54002841dc5a3a2d541b38dbca02c8b,results/stage6_v1/legacy_b3/adaptive/cache/70d4767918af15cf4922e05f9565fbb39ce14e24a37d558e718c515221a68680.npz,"[[0, ""raw"", [10000, 100000]], [0, ""zne_quadratic"", [10000, 100000]], [0, ""sv"", [10000, 100000]], [0.01, ""raw"", [10000, 100000]], [0.01, ""zne_quadratic"", [10000, 100000]], [0.01, ""sv"", [10000, 100000]], [0.05, ""raw"", [10000, 100000]], [0.05, ""zne_quadratic"", [10000, 100000]], [0.05, ""sv"", [10000, 100000]]]",[]
0.55,0.0375,True,bd45fcd0ee1b30c38fbad53e4046cac0b54002841dc5a3a2d541b38dbca02c8b,results/stage6_v1/legacy_b3/adaptive/cache/4bdbd047f0a22a5af3c2c3a2349a141c41ff2cdd595006ca551f0bb41df406fe.npz,"[[0, ""raw"", [10000, 100000]], [0, ""zne_quadratic"", [10000, 100000]], [0, ""sv"", [10000, 100000]], [0.01, ""raw"", [10000, 100000]], [0.01, ""zne_quadratic"", [10000, 100000]], [0.01, ""sv"", [10000, 100000]], [0.05, ""raw"", [10000, 100000]], [0.05, ""zne_quadratic"", [10000, 100000]], [0.05, ""sv"", [10000, 100000]]]",[]
0.55,0.05,True,bd45fcd0ee1b30c38fbad53e4046cac0b54002841dc5a3a2d541b38dbca02c8b,results/stage6_v1/legacy_b3/adaptive/cache/9acb6ed1478fba7c68b414321d357f04c1edbbf1bb36687ba2e73d648b619bfe.npz,"[[0, ""raw"", [10000, 100000]], [0, ""zne_quadratic"", [10000, 100000]], [0, ""sv"", [10000, 100000]], [0.01, ""raw"", [10000, 100000]], [0.01, ""zne_quadratic"", [10000, 100000]], [0.01, ""sv"", [10000, 100000]], [0.05, ""raw"", [10000, 100000]], [0.05, ""zne_quadratic"", [10000, 100000]], [0.05, ""sv"", [10000, 100000]]]",[]
0.55,0.0625,True,bd45fcd0ee1b30c38fbad53e4046cac0b54002841dc5a3a2d541b38dbca02c8b,results/stage6_v1/legacy_b3/adaptive/cache/ab12c1fb92732f433ad51489ae2ff0acfae88ae16336e67ddff05ee2ffe83319.npz,"[[0, ""raw"", [10000, 100000]], [0, ""zne_quadratic"", [10000, 100000]], [0, ""sv"", [10000, 100000]], [0.01, ""raw"", [10000, 100000]], [0.01, ""zne_quadratic"", [10000, 100000]], [0.01, ""sv"", [10000, 100000]], [0.05, ""raw"", [10000, 100000]], [0.05, ""zne_quadratic"", [10000, 100000]], [0.05, ""sv"", [10000, 100000]]]",[]
0.55,0.075,True,bd45fcd0ee1b30c38fbad53e4046cac0b54002841dc5a3a2d541b38dbca02c8b,results/stage6_v1/legacy_b3/adaptive/cache/729f23a23ab5a553a3cc247ae090542a7d21fdc8aee6ccc75b46a9e405a20e66.npz,"[[0, ""raw"", [10000, 100000]], [0, ""zne_quadratic"", [10000, 100000]], [0, ""sv"", [10000, 100000]], [0.01, ""raw"", [10000, 100000]], [0.01, ""zne_quadratic"", [10000, 100000]], [0.01, ""sv"", [10000, 100000]], [0.05, ""raw"", [10000, 100000]], [0.05, ""zne_quadratic"", [10000, 100000]], [0.05, ""sv"", [10000, 100000]]]",[]
0.55,0.0875,True,bd45fcd0ee1b30c38fbad53e4046cac0b54002841dc5a3a2d541b38dbca02c8b,results/stage6_v1/legacy_b3/adaptive/cache/af13a54685ec050fd2cad2bede9719e53990e97f0f27d4fee55e07154ffa14e2.npz,"[[0, ""raw"", [10000, 100000]], [0, ""zne_quadratic"", [10000, 100000]], [0, ""sv"", [10000, 100000]], [0.01, ""raw"", [10000, 100000]], [0.01, ""zne_quadratic"", [10000, 100000]], [0.01, ""sv"", [10000, 100000]], [0.05, ""raw"", [10000, 100000]], [0.05, ""zne_quadratic"", [10000, 100000]], [0.05, ""sv"", [10000, 100000]]]",[]
0.55,0.1,True,bd45fcd0ee1b30c38fbad53e4046cac0b54002841dc5a3a2d541b38dbca02c8b,results/stage6_v1/legacy_b3/adaptive/cache/3735846ad66536ade0626f8af1d1ff13013c831fb7d7799e52f5a1e5c54b6fc1.npz,"[[0, ""raw"", [10000, 100000]], [0, ""zne_quadratic"", [10000, 100000]], [0, ""sv"", [10000, 100000]], [0.01, ""raw"", [10000, 100000]], [0.01, ""zne_quadratic"", [10000, 100000]], [0.01, ""sv"", [10000, 100000]], [0.05, ""raw"", [10000, 100000]], [0.05, ""zne_quadratic"", [10000, 100000]], [0.05, ""sv"", [10000, 100000]]]",[]
0.55,0.1125,True,bd45fcd0ee1b30c38fbad53e4046cac0b54002841dc5a3a2d541b38dbca02c8b,results/stage6_v1/legacy_b3/adaptive/cache/a19cc3c84a7cfd98513be9f2e2168b6414b72c249772dc3ec472c873fc721180.npz,"[[0, ""raw"", [10000, 100000]], [0, ""zne_quadratic"", [10000, 100000]], [0, ""sv"", [10000, 100000]], [0.01, ""raw"", [10000, 100000]], [0.01, ""zne_quadratic"", [10000, 100000]], [0.01, ""sv"", [10000, 100000]], [0.05, ""raw"", [10000, 100000]], [0.05, ""zne_quadratic"", [10000, 100000]], [0.05, ""sv"", [10000, 100000]]]",[]
0.55,0.125,True,bd45fcd0ee1b30c38fbad53e4046cac0b54002841dc5a3a2d541b38dbca02c8b,results/stage6_v1/legacy_b3/adaptive/cache/3186708950b017c004af6a081e9bad7225945ad4168f4cf9a6f54f11d20d1f21.npz,"[[0, ""raw"", [10000, 100000]], [0, ""zne_quadratic"", [10000, 100000]], [0, ""sv"", [10000, 100000]], [0.01, ""raw"", [10000, 100000]], [0.01, ""zne_quadratic"", [10000, 100000]], [0.01, ""sv"", [10000, 100000]], [0.05, ""raw"", [10000, 100000]], [0.05, ""zne_quadratic"", [10000, 100000]], [0.05, ""sv"", [10000, 100000]]]",[]
0.55,0.1375,True,bd45fcd0ee1b30c38fbad53e4046cac0b54002841dc5a3a2d541b38dbca02c8b,results/stage6_v1/legacy_b3/adaptive/cache/ff478f50316e8833ec794f8d796654fa3ee86b68be3df8c3c94b2e0ac7ce9211.npz,"[[0, ""raw"", [10000, 100000]], [0, ""zne_quadratic"", [10000, 100000]], [0, ""sv"", [10000, 100000]], [0.01, ""raw"", [10000, 100000]], [0.01, ""zne_quadratic"", [10000, 100000]], [0.01, ""sv"", [10000, 100000]], [0.05, ""raw"", [10000, 100000]], [0.05, ""zne_quadratic"", [10000, 100000]], [0.05, ""sv"", [10000, 100000]]]",[]
0.55,0.15,True,bd45fcd0ee1b30c38fbad53e4046cac0b54002841dc5a3a2d541b38dbca02c8b,results/stage6_v1/legacy_b3/adaptive/cache/0a4cbb8a0ee602dfba0ed971f8a2b6084125ccf55a44f8c6fb573e326ea81449.npz,"[[0, ""raw"", [10000, 100000]], [0, ""zne_quadratic"", [10000, 100000]], [0, ""sv"", [10000, 100000]], [0.01, ""raw"", [10000, 100000]], [0.01, ""zne_quadratic"", [10000, 100000]], [0.01, ""sv"", [10000, 100000]], [0.05, ""raw"", [10000, 100000]], [0.05, ""zne_quadratic"", [10000, 100000]], [0.05, ""sv"", [10000, 100000]]]",[]
0.55,0.1625,True,bd45fcd0ee1b30c38fbad53e4046cac0b54002841dc5a3a2d541b38dbca02c8b,results/stage6_v1/legacy_b3/adaptive/cache/2048f8bf2dcb1b408abdea0f1a73f6d227f186d8f4212ba9c4df483b28ceec60.npz,"[[0, ""raw"", [10000, 100000]], [0, ""zne_quadratic"", [10000, 100000]], [0, ""sv"", [10000, 100000]], [0.01, ""raw"", [10000, 100000]], [0.01, ""zne_quadratic"", [10000, 100000]], [0.01, ""sv"", [10000, 100000]], [0.05, ""raw"", [10000, 100000]], [0.05, ""zne_quadratic"", [10000, 100000]], [0.05, ""sv"", [10000, 100000]]]",[]
0.55,0.175,True,bd45fcd0ee1b30c38fbad53e4046cac0b54002841dc5a3a2d541b38dbca02c8b,results/stage6_v1/legacy_b3/adaptive/cache/a10bd8ec487b2859488a82b1468d7b6062704013b45b12d384928dad6afd4bdb.npz,"[[0, ""raw"", [10000, 100000]], [0, ""zne_quadratic"", [10000, 100000]], [0, ""sv"", [10000, 100000]], [0.01, ""raw"", [10000, 100000]], [0.01, ""zne_quadratic"", [10000, 100000]], [0.01, ""sv"", [10000, 100000]], [0.05, ""raw"", [10000, 100000]], [0.05, ""zne_quadratic"", [10000, 100000]], [0.05, ""sv"", [10000, 100000]]]",[]
0.55,0.1875,True,bd45fcd0ee1b30c38fbad53e4046cac0b54002841dc5a3a2d541b38dbca02c8b,results/stage6_v1/legacy_b3/adaptive/cache/100e58898364a9e3343a790bba558940db7169daa492e8f9560d7e558f5d6872.npz,"[[0, ""raw"", [10000, 100000]], [0, ""zne_quadratic"", [10000, 100000]], [0, ""sv"", [10000, 100000]], [0.01, ""raw"", [10000, 100000]], [0.01, ""zne_quadratic"", [10000, 100000]], [0.01, ""sv"", [10000, 100000]], [0.05, ""raw"", [10000, 100000]], [0.05, ""zne_quadratic"", [10000, 100000]], [0.05, ""sv"", [10000, 100000]]]",[]
0.55,0.2,True,bd45fcd0ee1b30c38fbad53e4046cac0b54002841dc5a3a2d541b38dbca02c8b,results/stage6_v1/legacy_b3/adaptive/cache/9b5a40d2da1eeefbbcbb233ff28d281c031b88d6cb1a0574144429ea16a39a47.npz,"[[0, ""raw"", [10000, 100000]], [0, ""zne_quadratic"", [10000, 100000]], [0, ""sv"", [10000, 100000]], [0.01, ""raw"", [10000, 100000]], [0.01, ""zne_quadratic"", [10000, 100000]], [0.01, ""sv"", [10000, 100000]], [0.05, ""raw"", [10000, 100000]], [0.05, ""zne_quadratic"", [10000, 100000]], [0.05, ""sv"", [10000, 100000]]]",[]
0.55,0.2125,True,bd45fcd0ee1b30c38fbad53e4046cac0b54002841dc5a3a2d541b38dbca02c8b,results/stage6_v1/legacy_b3/adaptive/cache/4760d57d71c431a7d86e1b6ae967066655a5d16e8a25029bbde53ebac6edc3fa.npz,"[[0, ""raw"", [10000, 100000]], [0, ""zne_quadratic"", [10000, 100000]], [0, ""sv"", [10000, 100000]], [0.01, ""raw"", [10000, 100000]], [0.01, ""zne_quadratic"", [10000, 100000]], [0.01, ""sv"", [10000, 100000]], [0.05, ""raw"", [10000, 100000]], [0.05, ""zne_quadratic"", [10000, 100000]], [0.05, ""sv"", [10000, 100000]]]",[]
0.8,0.475,True,4c550335f97d014f3987990fed8a8c8b8ef9da552da8bbc001688c956fc0dde1,results/stage6_v1/legacy_b3/adaptive/cache/fbf3e57350899148772a562876aec121e4fc5e3628583a1a15f69cec2eedc266.npz,"[[0, ""raw"", [10000, 100000]], [0, ""zne_quadratic"", [10000, 100000]], [0, ""sv"", [10000, 100000]], [0.01, ""raw"", [10000, 100000]], [0.01, ""zne_quadratic"", [10000, 100000]], [0.01, ""sv"", [10000, 100000]], [0.05, ""raw"", [10000, 100000]], [0.05, ""zne_quadratic"", [10000, 100000]], [0.05, ""sv"", [10000, 100000]]]",[]
0.8,0.4875,True,4c550335f97d014f3987990fed8a8c8b8ef9da552da8bbc001688c956fc0dde1,results/stage6_v1/legacy_b3/adaptive/cache/7f93abab0349201032cdd95a9c1597e5aab007bdd0096046d08046cb396325a6.npz,"[[0, ""raw"", [10000, 100000]], [0, ""zne_quadratic"", [10000, 100000]], [0, ""sv"", [10000, 100000]], [0.01, ""raw"", [10000, 100000]], [0.01, ""zne_quadratic"", [10000, 100000]], [0.01, ""sv"", [10000, 100000]], [0.05, ""raw"", [10000, 100000]], [0.05, ""zne_quadratic"", [10000, 100000]], [0.05, ""sv"", [10000, 100000]]]",[]
0.8,0.5,True,4c550335f97d014f3987990fed8a8c8b8ef9da552da8bbc001688c956fc0dde1,results/stage6_v1/legacy_b3/adaptive/cache/647bd64a6399ef7643b40eb97f2f69376329698296bbff1a70587734f8435747.npz,"[[0, ""raw"", [10000, 100000]], [0, ""zne_quadratic"", [10000, 100000]], [0, ""sv"", [10000, 100000]], [0.01, ""raw"", [10000, 100000]], [0.01, ""zne_quadratic"", [10000, 100000]], [0.01, ""sv"", [10000, 100000]], [0.05, ""raw"", [10000, 100000]], [0.05, ""zne_quadratic"", [10000, 100000]], [0.05, ""sv"", [10000, 100000]]]",[]
0.8,0.5125,True,4c550335f97d014f3987990fed8a8c8b8ef9da552da8bbc001688c956fc0dde1,results/stage6_v1/legacy_b3/adaptive/cache/b59d9985cf5292aa25754fe02e00e565a308ddfa771ef2cf97329e050efc907c.npz,"[[0, ""raw"", [10000, 100000]], [0, ""zne_quadratic"", [10000, 100000]], [0, ""sv"", [10000, 100000]], [0.01, ""raw"", [10000, 100000]], [0.01, ""zne_quadratic"", [10000, 100000]], [0.01, ""sv"", [10000, 100000]], [0.05, ""raw"", [10000, 100000]], [0.05, ""zne_quadratic"", [10000, 100000]], [0.05, ""sv"", [10000, 100000]]]",[]
0.8,0.525,True,4c550335f97d014f3987990fed8a8c8b8ef9da552da8bbc001688c956fc0dde1,results/stage6_v1/legacy_b3/adaptive/cache/57cf7c859032c26ef6b4900f002ee3ca9dfe0b0cd06922658207fc342f0112e1.npz,"[[0, ""raw"", [10000, 100000]], [0, ""zne_quadratic"", [10000, 100000]], [0, ""sv"", [10000, 100000]], [0.01, ""raw"", [10000, 100000]], [0.01, ""zne_quadratic"", [10000, 100000]], [0.01, ""sv"", [10000, 100000]], [0.05, ""raw"", [10000, 100000]], [0.05, ""zne_quadratic"", [10000, 100000]], [0.05, ""sv"", [10000, 100000]]]",[]
0.8,0.5375,True,4c550335f97d014f3987990fed8a8c8b8ef9da552da8bbc001688c956fc0dde1,results/stage6_v1/legacy_b3/adaptive/cache/066c630279904ccaba153442e029895ba32e1389111ad5adb8c35cd7a26ac693.npz,"[[0, ""raw"", [10000, 100000]], [0, ""zne_quadratic"", [10000, 100000]], [0, ""sv"", [10000, 100000]], [0.01, ""raw"", [10000, 100000]], [0.01, ""zne_quadratic"", [10000, 100000]], [0.01, ""sv"", [10000, 100000]], [0.05, ""raw"", [10000, 100000]], [0.05, ""zne_quadratic"", [10000, 100000]], [0.05, ""sv"", [10000, 100000]]]",[]
0.8,0.55,True,4c550335f97d014f3987990fed8a8c8b8ef9da552da8bbc001688c956fc0dde1,results/stage6_v1/legacy_b3/adaptive/cache/f0b5cde7df1c6a9b432731c82f85f7287aaff5bb5f6886962ed735d6def1a682.npz,"[[0, ""raw"", [10000, 100000]], [0, ""zne_quadratic"", [10000, 100000]], [0, ""sv"", [10000, 100000]], [0.01, ""raw"", [10000, 100000]], [0.01, ""zne_quadratic"", [10000, 100000]], [0.01, ""sv"", [10000, 100000]], [0.05, ""raw"", [10000, 100000]], [0.05, ""zne_quadratic"", [10000, 100000]], [0.05, ""sv"", [10000, 100000]]]",[]
0.8,0.5625,True,4c550335f97d014f3987990fed8a8c8b8ef9da552da8bbc001688c956fc0dde1,results/stage6_v1/legacy_b3/adaptive/cache/5d8d727e02537b375d9bbdaf9490e20c72b6920989552954e50e3cde880e0bd1.npz,"[[0, ""raw"", [10000, 100000]], [0, ""zne_quadratic"", [10000, 100000]], [0, ""sv"", [10000, 100000]], [0.01, ""raw"", [10000, 100000]], [0.01, ""zne_quadratic"", [10000, 100000]], [0.01, ""sv"", [10000, 100000]], [0.05, ""raw"", [10000, 100000]], [0.05, ""zne_quadratic"", [10000, 100000]], [0.05, ""sv"", [10000, 100000]]]",[]
0.8,0.575,True,4c550335f97d014f3987990fed8a8c8b8ef9da552da8bbc001688c956fc0dde1,results/stage6_v1/legacy_b3/adaptive/cache/7a246b03cf9591ef1e69efc66a367fcbd0a96b4ab158d65df0f834995104cfe3.npz,"[[0, ""raw"", [10000, 100000]], [0, ""zne_quadratic"", [10000, 100000]], [0, ""sv"", [10000, 100000]], [0.01, ""raw"", [10000, 100000]], [0.01, ""zne_quadratic"", [10000, 100000]], [0.01, ""sv"", [10000, 100000]], [0.05, ""raw"", [10000, 100000]], [0.05, ""zne_quadratic"", [10000, 100000]], [0.05, ""sv"", [10000, 100000]]]",[]
0.8,0.5875,True,4c550335f97d014f3987990fed8a8c8b8ef9da552da8bbc001688c956fc0dde1,results/stage6_v1/legacy_b3/adaptive/cache/6a0cac50df6591ea1d50ca419658fb483abe753976aa07a2da70a26594a0f6ee.npz,"[[0, ""raw"", [10000, 100000]], [0, ""zne_quadratic"", [10000, 100000]], [0, ""sv"", [10000, 100000]], [0.01, ""raw"", [10000, 100000]], [0.01, ""zne_quadratic"", [10000, 100000]], [0.01, ""sv"", [10000, 100000]], [0.05, ""raw"", [10000, 100000]], [0.05, ""zne_quadratic"", [10000, 100000]], [0.05, ""sv"", [10000, 100000]]]",[]
0.8,0.6,True,4c550335f97d014f3987990fed8a8c8b8ef9da552da8bbc001688c956fc0dde1,results/stage6_v1/legacy_b3/adaptive/cache/4f88da5da5f965990e6d8c9e0fa35583de1dd6507ca312e66023af1519f7a173.npz,"[[0, ""raw"", [10000, 100000]], [0, ""zne_quadratic"", [10000, 100000]], [0, ""sv"", [10000, 100000]], [0.01, ""raw"", [10000, 100000]], [0.01, ""zne_quadratic"", [10000, 100000]], [0.01, ""sv"", [10000, 100000]], [0.05, ""raw"", [10000, 100000]], [0.05, ""zne_quadratic"", [10000, 100000]], [0.05, ""sv"", [10000, 100000]]]",[]
0.8,0.6125,True,4c550335f97d014f3987990fed8a8c8b8ef9da552da8bbc001688c956fc0dde1,results/stage6_v1/legacy_b3/adaptive/cache/f57842317c385866c1651df7e723efb551e6ee3b49efa46654a637a308a626d2.npz,"[[0, ""raw"", [10000, 100000]], [0, ""zne_quadratic"", [10000, 100000]], [0, ""sv"", [10000, 100000]], [0.01, ""raw"", [10000, 100000]], [0.01, ""zne_quadratic"", [10000, 100000]], [0.01, ""sv"", [10000, 100000]], [0.05, ""raw"", [10000, 100000]], [0.05, ""zne_quadratic"", [10000, 100000]], [0.05, ""sv"", [10000, 100000]]]",[]
0.8,0.625,True,4c550335f97d014f3987990fed8a8c8b8ef9da552da8bbc001688c956fc0dde1,results/stage6_v1/legacy_b3/adaptive/cache/afc3af4977a7304d6fd78aca393a0d4bcc1e45102e0a501fb3a6840031411a8d.npz,"[[0, ""raw"", [10000, 100000]], [0, ""zne_quadratic"", [10000, 100000]], [0, ""sv"", [10000, 100000]], [0.01, ""raw"", [10000, 100000]], [0.01, ""zne_quadratic"", [10000, 100000]], [0.01, ""sv"", [10000, 100000]], [0.05, ""raw"", [10000, 100000]], [0.05, ""zne_quadratic"", [10000, 100000]], [0.05, ""sv"", [10000, 100000]]]",[]
0.8,0.6375,True,4c550335f97d014f3987990fed8a8c8b8ef9da552da8bbc001688c956fc0dde1,results/stage6_v1/legacy_b3/adaptive/cache/36cd11fff7e6eb0906488b8b6463733efe2538d09437fad208981428e127eb53.npz,"[[0, ""raw"", [10000, 100000]], [0, ""zne_quadratic"", [10000, 100000]], [0, ""sv"", [10000, 100000]], [0.01, ""raw"", [10000, 100000]], [0.01, ""zne_quadratic"", [10000, 100000]], [0.01, ""sv"", [10000, 100000]], [0.05, ""raw"", [10000, 100000]], [0.05, ""zne_quadratic"", [10000, 100000]], [0.05, ""sv"", [10000, 100000]]]",[]
0.8,0.65,True,4c550335f97d014f3987990fed8a8c8b8ef9da552da8bbc001688c956fc0dde1,results/stage6_v1/legacy_b3/adaptive/cache/578f6e09a9da7829d91bd0eaac44be6353b0091a52d5eeb52688a2f596b00c35.npz,"[[0, ""raw"", [10000, 100000]], [0, ""zne_quadratic"", [10000, 100000]], [0, ""sv"", [10000, 100000]], [0.01, ""raw"", [10000, 100000]], [0.01, ""zne_quadratic"", [10000, 100000]], [0.01, ""sv"", [10000, 100000]], [0.05, ""raw"", [10000, 100000]], [0.05, ""zne_quadratic"", [10000, 100000]], [0.05, ""sv"", [10000, 100000]]]",[]
0.8,0.6625,True,4c550335f97d014f3987990fed8a8c8b8ef9da552da8bbc001688c956fc0dde1,results/stage6_v1/legacy_b3/adaptive/cache/18737f508182d4ffd8bcde2e0cfdcc7e5012f66c40fd4c47bc73d33c4ac63012.npz,"[[0, ""raw"", [10000, 100000]], [0, ""zne_quadratic"", [10000, 100000]], [0, ""sv"", [10000, 100000]], [0.01, ""raw"", [10000, 100000]], [0.01, ""zne_quadratic"", [10000, 100000]], [0.01, ""sv"", [10000, 100000]], [0.05, ""raw"", [10000, 100000]], [0.05, ""zne_quadratic"", [10000, 100000]], [0.05, ""sv"", [10000, 100000]]]",[]
0.8,0.675,True,4c550335f97d014f3987990fed8a8c8b8ef9da552da8bbc001688c956fc0dde1,results/stage6_v1/legacy_b3/adaptive/cache/af085e753f682a57f2f25b9cc6412cd6070f4f4f6cf01ea7e1ace4cdd85827d2.npz,"[[0, ""raw"", [10000, 100000]], [0, ""zne_quadratic"", [10000, 100000]], [0, ""sv"", [10000, 100000]], [0.01, ""raw"", [10000, 100000]], [0.01, ""zne_quadratic"", [10000, 100000]], [0.01, ""sv"", [10000, 100000]], [0.05, ""raw"", [10000, 100000]], [0.05, ""zne_quadratic"", [10000, 100000]], [0.05, ""sv"", [10000, 100000]]]",[]
