window,h,p,epsilon_c,epsilon_sf,epsilon_mx,branch_sensitive,both_preparations_pass
W1,0.75,0,0.000523179808169072,0.0003261016652924553,0.00042364701693953233,False,True
W1,0.75,0.01,0.07930659596689851,0.031088456224113048,0.07661704615010462,True,True
W1,0.75,0.05,0.01578090397921708,0.0045167024853621784,0.019763834122195536,False,True
W1,0.7625,0,0.0005182418508560271,0.0003317851981690101,0.00041031577862399304,False,True
W1,0.7625,0.01,0.07793276285642137,0.03053172844633162,0.07641739498546701,True,True
W1,0.7625,0.05,0.015614062122553297,0.004455137014069757,0.019953202676423414,False,True
W1,0.775,0,0.0029381244048906074,0.0020492661516585686,0.0019328379497620674,False,True
W1,0.775,0.01,0.07602657955174064,0.025502259511726133,0.07699934246912893,True,True
W1,0.775,0.05,0.015553803778013808,0.0048735104447274885,0.01762931423464701,False,True
W1,0.7875,0,0.0029401347445282555,0.002044587432164846,0.0018967610579631589,False,True
W1,0.7875,0.01,0.07484415992811658,0.02493931241731595,0.07649293277539393,True,True
W1,0.7875,0.05,0.015414071089531654,0.004833767818886656,0.017651987465350707,False,True
W1,0.8,0,0.002907584294637555,0.0020095095083247916,0.0018312645124235472,False,True
W1,0.8,0.01,0.07356794428728808,0.02429321540309254,0.07426772627282702,True,True
W1,0.8,0.05,0.015288132681085849,0.004849064417716542,0.0173056575282266,False,True
W1,0.8125,0,0.002854314715146522,0.00195769353274855,0.0017489183189178248,False,True
W1,0.8125,0.01,0.07258844705789524,0.02399343510003743,0.07384899170850512,True,True
W1,0.8125,0.05,0.015188159228390341,0.004793397485479661,0.017485008268588474,False,True
W1,0.825,0,0.008994147856467016,0.006117311852900875,0.004614071771526784,False,True
W1,0.825,0.01,0.08211312178657437,0.0318520653568332,0.042165387360197315,True,True
W1,0.825,0.05,0.014208836771697944,0.0052537651477346375,0.0014608074051802242,False,True
W1,0.8375,0,0.008723858005164842,0.0058690865353482335,0.0043057112409500276,False,True
W1,0.8375,0.01,0.08243198022865539,0.03148834246019479,0.03991310180562002,True,True
W1,0.8375,0.05,0.014368731884908767,0.0052106864362955335,0.000875170141915696,False,True
W1,0.85,0,0.008352522673852003,0.005562346036358412,0.0039677690063775195,False,True
W1,0.85,0.01,0.08292807932488971,0.031169348355827076,0.036359677310088045,True,True
W1,0.85,0.05,0.014694856336273421,0.005227791294726877,2.0819686742480636e-05,False,True
W1,0.8625,0,0.007917767982834834,0.005217960970765545,0.0036126813797885404,False,True
W1,0.8625,0.01,0.08251812569561812,0.03073424134490753,0.03466089195643435,True,True
W1,0.8625,0.05,0.014731111100218866,0.0051843050277809305,0.000300465057518913,False,True
W1,0.875,0,0.007438191654526083,0.004849516992282532,0.0032526138409305627,False,True
W1,0.875,0.01,0.0817567448804759,0.03025069552965219,0.03313435172759832,True,True
W1,0.875,0.05,0.014729848263643364,0.005140028424416826,0.000554648040014448,False,True
W1,0.8875,0,0.006936050727244014,0.004471864078267718,0.0028991294464653095,False,True
W1,0.8875,0.01,0.0808675533881062,0.029742018527788752,0.03160509027988112,True,True
W1,0.8875,0.05,0.014706029395735093,0.005092736678425053,0.0007896102563095184,False,True
W1,0.9,0,0.006400951728025239,0.004081832295244503,0.00255471249265371,False,True
W1,0.9,0.01,0.08051824398792629,0.02927996849127823,0.028037614336023087,True,True
W1,0.9,0.05,0.014950401113042192,0.0051133575659814134,0.0015617583170814756,False,True
W1,0.9125,0,0.005887549994626484,0.0037117868334811677,0.0022354587138738724,False,True
W1,0.9125,0.01,0.07955681904076956,0.028742757930821594,0.02640778602579219,True,True
W1,0.9125,0.05,0.014909256325813313,0.005059193970659848,0.0018258573886790266,False,True
W1,0.925,0,0.005369396643531532,0.0033439716544310105,0.0019312909625335273,False,True
W1,0.925,0.01,0.0775854138356113,0.028049110267374514,0.025511445243946884,True,True
W1,0.925,0.05,0.014741921304098043,0.004999781888281443,0.0017962572743796222,False,True
W1,0.9375,0,0.008327876203290674,0.0051675267778025225,0.0028539565750416163,False,True
W1,0.9375,0.01,0.08820391455145105,0.028809484106625094,0.00753095437705964,True,True
W1,0.9375,0.05,0.016970090108068665,0.005168537304487936,0.012716784513264166,False,True
W1,0.95,0,0.007683940934413158,0.004699904474025018,0.0025603342556608233,False,True
W1,0.95,0.01,0.0875821836789559,0.028417222239065038,0.010889157608996614,True,True
W1,0.95,0.05,0.017006910140377897,0.005140789476578797,0.013433824594564603,False,True
W1,0.9625,0,0.007069446516244637,0.004262688555309868,0.0022870769465194174,False,True
W1,0.9625,0.01,0.08709953569229847,0.028017087962376924,0.015478304208204452,True,True
W1,0.9625,0.05,0.017291538345402556,0.005180725261513766,0.0145633898254123,False,True
W1,0.975,0,0.006514976023784813,0.0038681634369325257,0.0020420103766679576,False,True
W1,0.975,0.01,0.08576782478626466,0.027517060983476505,0.017736337572318905,True,True
W1,0.975,0.05,0.017214098547364283,0.005139166396669587,0.014969538176532377,False,True
W1,0.9875,0,0.0060192937026231075,0.003513747802049605,0.0018269738332623575,False,True
W1,0.9875,0.01,0.0843105884515121,0.026983884265499858,0.019955777888002624,True,True
W1,0.9875,0.05,0.01711917302190435,0.005093312169849734,0.01536260264047249,False,True
W1,1.0,0,0.005573123566930294,0.003196190958911549,0.0016368017146272118,False,True
W1,1.0,0.01,0.08271661810856074,0.02642482099615824,0.022069055845285845,True,True
W1,1.0,0.05,0.017013169902356143,0.005045620552801902,0.015738216380356246,False,True
W1,1.0125,0,0.005189465680425498,0.002925009828975922,0.0014802165937999323,False,True
W1,1.0125,0.01,0.08106281166902882,0.02585009620310265,0.024213306042914107,True,True
W1,1.0125,0.05,0.01690065351019497,0.004995879495998029,0.01612591845593582,False,True
W1,1.025,0,0.00482359431072954,0.002673450515936593,0.0013401476936731882,False,True
W1,1.025,0.01,0.07999965343467161,0.02528364488853091,0.028294796407659972,True,True
W1,1.025,0.05,0.017078813192536672,0.005011213947613988,0.017134977593846166,False,True
W1,1.0375,0,0.00450955142846271,0.0024565938466715176,0.0012203311866618716,False,True
W1,1.0375,0.01,0.07822897076665034,0.024678823357865948,0.030338740039909218,True,True
W1,1.0375,0.05,0.016932087930027255,0.00495374802502406,0.017489745171417607,False,True
W1,1.05,0,0.0042282800060673975,0.0022681689282338935,0.0011179346736674978,False,True
W1,1.05,0.01,0.07643814424045253,0.024068971882450177,0.03247497857356302,True,True
W1,1.05,0.05,0.016804754282153694,0.004899869157093298,0.017894872145459435,False,True
W1,1.0625,0,0.003970192238175407,0.002099617561190259,0.0010281401275720192,False,True
W1,1.0625,0.01,0.07471603721988118,0.023486149609202894,0.03457260942659579,True,True
W1,1.0625,0.05,0.016666445354125082,0.0048436541115237375,0.018287886130033848,False,True
W1,1.075,0,0.0037363382300225068,0.0019503785036061316,0.0009504716043575723,False,True
W1,1.075,0.01,0.07280901573634313,0.022857441488208258,0.03670712704927187,True,True
W1,1.075,0.05,0.016511290758343053,0.004784881864285287,0.018681312803489718,False,True
W1,1.0875,0,0.003505945083785822,0.001809497499071333,0.0008782017978586909,False,True
W1,1.0875,0.01,0.07107250080752006,0.022260250660706582,0.03899015346753626,True,True
W1,1.0875,0.05,0.016371958671191452,0.004727042827340891,0.01912038544293086,False,True
W1,1.1,0,0.003292444045682741,0.0016840345841264703,0.0008129092005337846,False,True
W1,1.1,0.01,0.06926002039881896,0.021682147836571533,0.04106714978719672,True,True
W1,1.1,0.05,0.016215781196642763,0.004670143532095425,0.01951636545878329,False,True
W1,1.1125,0,0.003064524972930638,0.0015576243200878803,0.0007522971491098485,False,True
W1,1.1125,0.01,0.06816821906636336,0.02109241341626046,0.04526148404836566,True,True
W1,1.1125,0.05,0.016407735415798045,0.004692758046932463,0.02065103053711461,True,True
W1,1.125,0,0.002857017178786281,0.0014415386898896099,0.000693373245921447,False,True
W1,1.125,0.01,0.06633219440808413,0.020524873108553998,0.047252606549533116,True,True
W1,1.125,0.05,0.016227978485636764,0.004633270743315959,0.021017063831541758,True,True
W1,1.1375,0,0.0026520047775574485,0.0013338066271339488,0.000638253240908937,False,True
W1,1.1375,0.01,0.06454279728310613,0.019991307434622047,0.049236125263016295,True,True
W1,1.1375,0.05,0.01607820068415698,0.004583196434761461,0.021427032745215954,True,True
W1,1.15,0,0.0024560661107102533,0.0012324509933023808,0.0005873260992450557,False,True
W1,1.15,0.01,0.06275360579161288,0.019458889477327088,0.05120577060960135,True,True
W1,1.15,0.05,0.015908793044975774,0.0045291882164623515,0.021813711516650527,True,True
W1,1.1625,0,0.002263104168270469,0.0011345811934672656,0.0005380954828746454,False,True
W1,1.1625,0.01,0.0610363644108525,0.018953851694350377,0.05314564394832216,True,True
W1,1.1625,0.05,0.015742740497468943,0.004476909603504248,0.0222021402608271,True,True
W1,1.175,0,0.0020813330819093867,0.0010439114097298696,0.000493093910153175,False,True
W1,1.175,0.01,0.05945416394331776,0.018482350010262355,0.05512704634928728,True,True
W1,1.175,0.05,0.015588866168731747,0.00442699438091089,0.022610506625871118,True,True
W1,1.1875,0,0.0018923333883422155,0.0009527260284742378,0.0004492941196589939,False,True
W1,1.1875,0.01,0.05819537268498298,0.01794235287651623,0.058376611725702465,True,True
W1,1.1875,0.05,0.015706857032464997,0.0044491543825087715,0.02357350705967002,True,True
W1,1.2,0,0.0017187387730648873,0.0008671285623460534,0.0004074495765583608,False,True
W1,1.2,0.01,0.05678190604558381,0.017504401273756826,0.06044150441975271,True,True
W1,1.2,0.05,0.01555680917616279,0.004399631740702473,0.023996199473811715,True,True
W1,1.2125,0,0.0015709878431198199,0.0007902035905298366,0.00036853982341866764,False,True
W1,1.2125,0.01,0.05535690360605744,0.017131621480434983,0.061751370049039966,True,True
W1,1.2125,0.05,0.015374208469113918,0.00434938053300378,0.02426989597278737,True,True
W1,1.225,0,0.0014165592508612601,0.0007148358356047213,0.0003313103219918512,False,True
W1,1.225,0.01,0.054451251636511766,0.01678739456604604,0.06431087305767991,True,True
W1,1.225,0.05,0.01534836752627862,0.004324279170023787,0.024919842557246375,True,True
W1,1.2375,0,0.0012901819460375274,0.0006489290456699881,0.00029794379423842,False,True
W1,1.2375,0.01,0.05314373642378406,0.01644292128101567,0.0656000254366717,True,True
W1,1.2375,0.05,0.015175109872424812,0.004276220815473547,0.02520114125527392,True,True
W1,1.25,0,0.001165951878623006,0.0005878073367462933,0.00026695428095813156,False,True
W1,1.25,0.01,0.05191341409337419,0.01611908726286536,0.06692404294106574,True,True
W1,1.25,0.05,0.015031260425317685,0.004235500869808201,0.025531489723332624,True,True
W2,0.25,0,1.6712462089563118e-05,8.501865546683973e-06,2.8985967931827172e-05,False,True
W2,0.25,0.01,0.03861542516245331,0.024037003057072015,0.04390460181479858,True,True
W2,0.25,0.05,0.008060576557259454,0.0020879725060019005,0.00514393606481926,False,True
W2,0.2625,0,3.257443611537347e-05,5.997739404184355e-06,2.442458558496452e-05,False,True
W2,0.2625,0.01,0.03926267352887275,0.02425683363426656,0.043461874463193745,True,True
W2,0.2625,0.05,0.00808124814828827,0.002093431308704652,0.005160172026444731,False,True
W2,0.275,0,4.4712777100830436e-05,7.28007651861623e-06,2.2725993433309055e-05,False,True
W2,0.275,0.01,0.01926863099402959,0.010443442390200008,0.06126753155566922,True,True
W2,0.275,0.05,0.005808201859966458,0.0015882503046015656,0.008454127985474603,False,True
W2,0.2875,0,8.187238499646199e-05,2.2684853807297678e-05,1.1282131531842321e-05,False,True
W2,0.2875,0.01,0.021321391341978024,0.011283805811654779,0.060943454655745743,True,True
W2,0.2875,0.05,0.006024674850406218,0.0016400981988212021,0.008497332268831356,False,True
W2,0.3,0,0.0001291716914845198,4.5985378823942824e-05,3.6439859692760646e-06,False,True
W2,0.3,0.01,0.022917292620354468,0.011924693180048518,0.0601263254408331,True,True
W2,0.3,0.05,0.006184373899332074,0.0016782979579307716,0.008476639859138338,False,True
W2,0.3125,0,0.00018664583438443572,7.480393392644835e-05,2.266642096604432e-05,False,True
W2,0.3125,0.01,0.024729535732399444,0.01270799279504975,0.05898856864445548,True,True
W2,0.3125,0.05,0.00638614517217944,0.0017253107861912725,0.008395504758100823,False,True
W2,0.325,0,0.0002594602171503979,0.00011222514197761768,4.6291781887142225e-05,False,True
W2,0.325,0.01,0.026624595203810164,0.013694118815436473,0.05741663327873518,True,True
W2,0.325,0.05,0.006609226850676268,0.0017749794637287042,0.008209936238685751,False,True
W2,0.3375,0,0.0003380635784825392,0.0001531544102577609,7.057878548721863e-05,False,True
W2,0.3375,0.01,0.028371030354537696,0.014537536450869526,0.05550528695125635,True,True
W2,0.3375,0.05,0.006816470616561099,0.0018225922508691844,0.008006507033985963,False,True
W2,0.35,0,0.00018421395025858267,9.278724677663774e-05,4.213368355743263e-05,False,True
W2,0.35,0.01,0.07554369969795882,0.03976944335581106,0.005624375093522593,True,True
W2,0.35,0.05,0.018398485683863725,0.00483438714985629,0.0034891507277766687,False,True
W2,0.3625,0,0.00021283059903653978,0.000114074361195593,5.9922609835338925e-05,False,True
W2,0.3625,0.01,0.07554290937285285,0.03932793337732071,0.002639284776196793,True,True
W2,0.3625,0.05,0.01859141479220741,0.00486664866522496,0.004214976541612216,False,True
W2,0.375,0,0.00022541350170524055,0.00012474313001076265,6.600419385621725e-05,False,True
W2,0.375,0.01,0.07546987795602073,0.038858083753982364,0.0005790447938352761,True,True
W2,0.375,0.05,0.018784428741947242,0.004901098592385161,0.005009300800256545,False,True
W2,0.3875,0,0.00018731912643910054,0.00010737514126457626,5.707304544616543e-05,False,True
W2,0.3875,0.01,0.0756631921423272,0.03853471089653904,0.004348763882462803,True,True
W2,0.3875,0.05,0.01906627468843054,0.004965454488840754,0.005966303512072179,False,True
W2,0.4,0,0.00012140083086409348,7.418239967893481e-05,3.894763200218421e-05,False,True
W2,0.4,0.01,0.07529752843987292,0.037632180614622035,0.007881936099427916,True,True
W2,0.4,0.05,0.01927186451422727,0.004998592515297079,0.006844002860702417,False,True
W2,0.4125,0,5.6848667437048306e-05,2.9304190868884028e-05,1.38382675244908e-05,False,True
W2,0.4125,0.01,0.07474915999896081,0.03651747402941585,0.011436854087651216,True,True
W2,0.4125,0.05,0.019465138881068593,0.005026445951071129,0.007737126783834255,False,True
W2,0.425,0,3.32356685834867e-05,1.0893527880723175e-05,1.0894976840702952e-06,False,True
W2,0.425,0.01,0.07392100918401107,0.03522690282407803,0.01493886905172609,True,True
W2,0.425,0.05,0.01961975708996452,0.005045487302202445,0.008616989148694257,False,True
W2,0.4375,0,6.527081774632126e-05,1.5904279405162813e-05,9.634842826566903e-06,False,True
W2,0.4375,0.01,0.07161004825376477,0.03273409912503744,0.01681529803141374,True,True
W2,0.4375,0.05,0.019496195761676712,0.004966522285028918,0.009015744323446331,False,True
W2,0.45,0,6.21540552578903e-05,1.4669958085300472e-05,4.78205223325423e-06,False,True
W2,0.45,0.01,0.07021552823635452,0.031151050221415177,0.019908194642474397,True,True
W2,0.45,0.05,0.019549551777645082,0.0049806076155676365,0.009801450878299076,False,True
W2,0.4625,0,6.243716637843733e-05,2.836675413697698e-05,9.463526287500912e-06,False,True
W2,0.4625,0.01,0.06732301406011015,0.02854091357941474,0.021020915358884784,True,True
W2,0.4625,0.05,0.01928535206416604,0.004929011611435649,0.009994344568270249,False,True
W2,0.475,0,6.05059274332298e-05,2.4706830394571888e-05,1.2227190328339965e-05,False,True
W2,0.475,0.01,0.06152539363296844,0.024979638331469822,0.020208982160054734,True,True
W2,0.475,0.05,0.018378699661801154,0.004722556047379506,0.009445191655606647,False,True
W2,0.4875,0,0.0013178351664174248,0.0008704330553234163,0.0003411807205095929,False,True
W2,0.4875,0.01,0.03993558562351801,0.01803261126559652,0.031227946191841105,True,True
W2,0.4875,0.05,0.013177157353599665,0.0036211052268763366,0.010874842911394136,False,True
W2,0.5,0,0.0011274342275724436,0.0007302801939860215,0.00026991816943422453,False,True
W2,0.5,0.01,0.03780122602850028,0.017295147739828376,0.03377543024361512,True,True
W2,0.5,0.05,0.012955372172426382,0.0036649648464952,0.011605331409247011,False,True
W2,0.5125,0,0.0008008821783326847,0.0005135868590067094,0.00017801285195306882,False,True
W2,0.5125,0.01,0.03599096238034705,0.01669796431049897,0.035461630392066235,True,True
W2,0.5125,0.05,0.01279952110717866,0.0037506458880806615,0.012068967840387933,False,True
W2,0.525,0,0.00048433562746680314,0.0002938450115208546,9.378645678814745e-05,False,True
W2,0.525,0.01,0.03565027615559624,0.017288526465119136,0.03930332767457262,True,True
W2,0.525,0.05,0.012902940932100801,0.003913873479519547,0.01354821114806641,False,True
W2,0.5375,0,0.0002560282322061902,0.00014567863561304462,4.08142108890841e-05,False,True
W2,0.5375,0.01,0.03494808838752872,0.01817024788771504,0.04130727901366682,True,True
W2,0.5375,0.05,0.01308334070199459,0.004215141358750674,0.014008100278954171,False,True
W2,0.55,0,0.0005311909938052473,0.0002919923227611698,7.336321437911852e-05,False,True
W2,0.55,0.01,0.030100518670845955,0.016906310330776664,0.04593452523926633,True,True
W2,0.55,0.05,0.011926341508580584,0.004093171608158752,0.015122677607975164,False,True
W2,0.5625,0,0.0008261072453361051,0.00046830281168924737,0.00011616683345749834,False,True
W2,0.5625,0.01,0.023905818269043533,0.014095350751016034,0.04866184525320966,True,True
W2,0.5625,0.05,0.010246180443345538,0.0037503877743297886,0.0165287233406553,False,True
W2,0.575,0,0.0584146295987058,0.03298213718393439,0.010337566098790218,True,False
W2,0.575,0.01,0.09090050187251125,0.03639343300122866,0.06377361348478339,True,False
W2,0.575,0.05,0.02096283549312023,0.005453912277512019,0.02433548337367572,True,False
W2,0.5875,0,0.043369567873084644,0.024330156312225182,0.007286645178934403,True,False
W2,0.5875,0.01,0.08532926234256055,0.03300747753691252,0.06885043173401278,True,False
W2,0.5875,0.05,0.020336473905654264,0.005396264095169717,0.026474610167416975,True,False
W2,0.6,0,0.030695143984612636,0.017127638788912547,0.004907494366878318,True,False
W2,0.6,0.01,0.07870472026598266,0.028521876423109077,0.06705243640450037,True,False
W2,0.6,0.05,0.01881996847148132,0.004918001460624641,0.026332625848295724,True,False
W2,0.6125,0,0.020405191216615964,0.011308302150027982,0.003094509217735575,True,True
W2,0.6125,0.01,0.07384475484953096,0.025575655731700536,0.07156437570791391,True,True
W2,0.6125,0.05,0.01831325098585399,0.004778129366807174,0.029203936369921354,True,True
W2,0.625,0,0.011830803420335281,0.006512508640661496,0.001714347198626509,False,True
W2,0.625,0.01,0.07442631645612241,0.021464660952370263,0.06658521545450041,True,True
W2,0.625,0.05,0.019618510763536583,0.0056006582222265094,0.029021339300551306,True,True
W2,0.6375,0,0.006071541194311705,0.0033456096524308587,0.0008479651434463165,False,True
W2,0.6375,0.01,0.06828976911984738,0.020038175183596282,0.065235990647377,True,True
W2,0.6375,0.05,0.018369755730685694,0.005279975314492147,0.029027164551663414,True,True
W2,0.65,0,0.003157760694906364,0.0018428043083997814,0.0004558564918275554,False,True
W2,0.65,0.01,0.04783311272093413,0.01566546437409158,0.03762935114899851,True,True
W2,0.65,0.05,0.012686473257532683,0.004011652279356431,0.019565982388159556,False,True
W3,0.35,0,0.0005557207468031011,0.00012009384884670293,0.00023190405494138977,False,True
W3,0.35,0.01,0.047003007321967716,0.009737702268456438,0.028819147960442076,True,True
W3,0.35,0.05,0.005718786901901952,0.0012228063770553799,0.0060236776921769744,False,True
W3,0.3625,0,0.0010784805354748794,0.0002665613914178411,0.0005642224906393656,False,True
W3,0.3625,0.01,0.048383664050408504,0.014029436411806817,0.007603483486891577,True,True
W3,0.3625,0.05,0.007278707329122556,0.002570805639352275,0.002589574111702431,False,True
W3,0.375,0,0.0013659970939055022,0.0003360291690360784,0.0006780806395594308,False,True
W3,0.375,0.01,0.04673034343801008,0.013726738533111738,0.006804070913494664,True,True
W3,0.375,0.05,0.007385541029180863,0.002575901060920538,0.002226630532007886,False,True
W3,0.3875,0,0.0017136754605980853,0.0004199536818174643,0.000807662339729065,False,True
W3,0.3875,0.01,0.044581611882164696,0.013314109689478104,0.006365807694993814,True,True
W3,0.3875,0.05,0.00744343080539386,0.002564423469024135,0.0019662555512884854,False,True
W3,0.4,0,0.0021258170743113647,0.0005185287935582927,0.0009476374611877558,False,True
W3,0.4,0.01,0.042893981725748875,0.013094715725185058,0.005526453941275961,True,True
W3,0.4,0.05,0.007605205554286693,0.0025827183809576937,0.0015765698025252007,False,True
W3,0.4125,0,0.002603143863291524,0.0006327843517968113,0.0011009139782351962,False,True
W3,0.4125,0.01,0.04094936831409707,0.012782819675656809,0.004707835639310681,True,True
W3,0.4125,0.05,0.007721559039568187,0.0025877764203329767,0.0011921177622683417,False,True
W3,0.425,0,0.003147801423512231,0.0007630684253650544,0.0012644755958093334,False,True
W3,0.425,0.01,0.03891221584571064,0.012452232188857992,0.0037956244383147986,True,True
W3,0.425,0.05,0.007832634145906901,0.0025902367658500736,0.0007808423404801999,False,True
W3,0.4375,0,0.003768263321262344,0.0009106788627113449,0.0014327252358652953,False,True
W3,0.4375,0.01,0.03700057198690365,0.012190053836044545,0.002751378914276875,True,True
W3,0.4375,0.05,0.007980415954479328,0.002603002741262017,0.0003237567659640731,False,True
W3,0.45,0,0.004464107921518745,0.0010772935644504655,0.0016153642325619777,False,True
W3,0.45,0.01,0.034959065418720736,0.011852359441866939,0.0015549786736678561,True,True
W3,0.45,0.05,0.008091200621230824,0.002605631692780608,0.00017091480630858184,False,True
W3,0.4625,0,0.005241289521743853,0.0012632985699375654,0.0018003199125959934,False,True
W3,0.4625,0.01,0.03293017363279255,0.011522631603425232,0.00025442689648377814,True,True
W3,0.4625,0.05,0.008208759605934307,0.0026102374032271614,0.0007043276007327702,False,True
W3,0.475,0,0.006075825349364683,0.0014637769522996558,0.0019849383058753167,False,True
W3,0.475,0.01,0.03089538394489999,0.011173022549939682,0.0012182787801790218,True,True
W3,0.475,0.05,0.008317954870733663,0.002661109008945478,0.0012898717718782555,False,True
W3,0.4875,0,0.00693954166206634,0.0016698680147396727,0.0021446688794902746,False,True
W3,0.4875,0.01,0.0301616425045675,0.010853522472085098,0.0028231118620792583,True,True
W3,0.4875,0.05,0.008439195403286411,0.002778446943841925,0.0019256970605436002,False,True
W3,0.5,0,0.007798679110441187,0.001873147430193789,0.00226740910900064,False,True
W3,0.5,0.01,0.031184633103229484,0.010909006601582186,0.0045325551599466885,True,True
W3,0.5,0.05,0.008565329882940054,0.002897288204502191,0.002603624658711459,False,True
W3,0.5125,0,0.008591063573561986,0.0020579123318202885,0.002332599547768932,False,True
W3,0.5125,0.01,0.03213203520886229,0.01098415947006702,0.006419357349389809,True,True
W3,0.5125,0.05,0.008725339939565358,0.0030275023576617904,0.003348833113519868,False,True
W3,0.525,0,0.010895321928749868,0.0029840513323249884,0.0038189967821069537,False,True
W3,0.525,0.01,0.030296164956175646,0.009810040234498885,0.005005694249245407,True,True
W3,0.525,0.05,0.008469492314659197,0.002879321542429647,0.0032081220796621387,False,True
W3,0.5375,0,0.011940501974869844,0.003238018548138877,0.0038622919739665917,False,True
W3,0.5375,0.01,0.03053198615373015,0.009707440246615906,0.004402951759904461,True,True
W3,0.5375,0.05,0.008339796911649947,0.00286864161245963,0.0032439775941048993,False,True
W3,0.55,0,0.012788973275838611,0.0034241593602802878,0.0037573859407648014,False,True
W3,0.55,0.01,0.030686102959538483,0.009601126889906969,0.003753714493131499,True,True
W3,0.55,0.05,0.008205862919974907,0.0028568147255859933,0.003276544112318225,False,True
W3,0.5625,0,0.013316323915820716,0.003508136412240126,0.0034732270871740134,False,True
W3,0.5625,0.01,0.030729670520730612,0.009493949982999988,0.003062632349874417,True,True
W3,0.5625,0.05,0.008080059144837025,0.002846175851543023,0.003312169065021596,False,True
W3,0.575,0,0.01338317526283328,0.003452807673207936,0.002980549559435719,False,True
W3,0.575,0.01,0.03067075240295905,0.009387589740026847,0.0022938170610479203,True,True
W3,0.575,0.05,0.007954775458568285,0.0028360740508636406,0.0033461088364436266,False,True
W3,0.5875,0,0.012799465589116599,0.003212370336720727,0.002247985734060043,False,True
W3,0.5875,0.01,0.03048749963974002,0.00927617550514856,0.0013546977638170254,True,True
W3,0.5875,0.05,0.007825293177431403,0.0028264542679882487,0.0033642826175078674,False,True
W3,0.6,0,0.008827987550764749,0.0021338123137492615,0.0005254133763854529,False,False
W3,0.6,0.01,0.02975987709243144,0.008958055948969743,0.0016767055654757779,True,False
W3,0.6,0.05,0.007549721727351081,0.002810213242143464,0.003065709627979026,False,False
W3,0.6125,0,0.008646220353491163,0.0021040078044713,0.0001222467811063943,False,False
W3,0.6125,0.01,0.029911022152893235,0.009100578505781137,0.0010584077258772306,True,False
W3,0.6125,0.05,0.007641360416976443,0.002855832681682477,0.003366855394276235,False,False
W3,0.625,0,0.008413347455864084,0.00206975681522166,0.00027868661492647107,False,False
W3,0.625,0.01,0.030035538359181338,0.009251856177806259,0.00020419746730065969,True,False
W3,0.625,0.05,0.007760075025397146,0.0029078344237452453,0.0037212944541582457,False,False
W3,0.6375,0,0.008110638334701714,0.0020177383628068035,0.000669474034026285,False,False
W3,0.6375,0.01,0.03016384367665574,0.009413723838629748,0.0008688197782160123,True,False
W3,0.6375,0.05,0.00790823257592935,0.0029690978327701623,0.004126797710513594,False,False
W3,0.65,0,0.0077141050307588666,0.0019411724177341577,0.0010392446066562755,False,False
W3,0.65,0.01,0.03027959731547239,0.009579666246556623,0.002158731701271066,True,False
W3,0.65,0.05,0.008080542716382318,0.0030378955553955617,0.004584529078691248,False,False
W3,0.6625,0,0.0072402267427208455,0.0018435235534071531,0.001374325103858931,False,False
W3,0.6625,0.01,0.030397211050493686,0.009752270457003581,0.0036965258067146456,True,False
W3,0.6625,0.05,0.008279710510785583,0.003115709500212699,0.005104094353412782,False,False
W3,0.675,0,0.0067129385035196165,0.0017304739237468114,0.00166827682239723,False,False
W3,0.675,0.01,0.030511387084127123,0.009925798815911671,0.005435484600548102,True,False
W3,0.675,0.05,0.008496674380040651,0.003199548916726941,0.005674016369122001,False,False
W3,0.6875,0,0.006177191334256427,0.0016109342093281048,0.0019001547390536944,False,True
W3,0.6875,0.01,0.030622951666446074,0.010098196386687977,0.007419299703864346,True,True
W3,0.6875,0.05,0.00873301260874956,0.0032899775844116297,0.00630590801812821,False,True
W3,0.7,0,0.005631735935624382,0.0014846024412441122,0.002074490460601819,False,True
W3,0.7,0.01,0.030729739660828134,0.010264009706519514,0.009591388289585001,True,True
W3,0.7,0.05,0.00897863218994247,0.0033840442076766147,0.0069848333670248335,False,True
W3,0.7125,0,0.005109879832768116,0.0013595414783306031,0.0021905249725185927,False,True
W3,0.7125,0.01,0.030818277316044432,0.010416293500618914,0.011913013062703703,True,True
W3,0.7125,0.05,0.009224258558924052,0.003478244924771501,0.007701523763194034,False,True
W3,0.725,0,0.004635705381801691,0.0012434953131407883,0.0022492033980984205,False,True
W3,0.725,0.01,0.03089716280422511,0.010557112592940232,0.014391566896428287,True,True
W3,0.725,0.05,0.009469640349104668,0.0035728557948975226,0.008458905323208633,False,True
W3,0.7375,0,0.004204602601833085,0.0012809638072938528,0.002259181401751742,False,True
W3,0.7375,0.01,0.030946087493123414,0.010675718967797107,0.016923302938165297,True,True
W3,0.7375,0.05,0.009701801652310289,0.0036630456488811747,0.00922899632622725,False,True
W3,0.75,0,0.003840902321692985,0.0012953866348770632,0.0022230920954839917,False,True
W3,0.75,0.01,0.030972744891909362,0.010775946052786325,0.019525267125331203,True,True
W3,0.75,0.05,0.00992180153912369,0.0037492467688599734,0.010018092936021898,False,True
W3,0.7625,0,0.0035261689722184686,0.0012918435727108935,0.0021600555511476216,False,True
W3,0.7625,0.01,0.031064091047623282,0.010854806186171448,0.02214386024759718,True,True
W3,0.7625,0.05,0.010121447340465316,0.003828530840888744,0.01081233863624155,False,True
W3,0.775,0,0.0032732964762737238,0.0012700647283608313,0.002065550058493848,False,True
W3,0.775,0.01,0.03169384369397171,0.010915114465043896,0.024786793764455306,True,True
W3,0.775,0.05,0.010305169204881653,0.0039024151126352963,0.011614386179990398,False,True
W3,0.7875,0,0.0030624851618734072,0.0012357330191458127,0.001956759695160293,False,True
W3,0.7875,0.01,0.03221347380529893,0.010952039686316514,0.027357927734091014,True,True
W3,0.7875,0.05,0.010462734251334097,0.003967034760055346,0.012397280367966917,False,True
W3,0.8,0,0.0028828707278856225,0.0011926175232710168,0.00183950872980998,False,True
W3,0.8,0.01,0.03265716572065597,0.010977739322603125,0.02990576952770807,True,True
W3,0.8,0.05,0.010600371962446517,0.004024566764883733,0.013175949970726224,False,True
W3,0.8125,0,0.002735615443430872,0.0011415159528888469,0.0017155542880714636,False,True
W3,0.8125,0.01,0.033014391660764864,0.011102822087888597,0.03238427176948305,True,True
W3,0.8125,0.05,0.010716076081139999,0.004074194387555005,0.01393591566509458,False,True
W3,0.825,0,0.002614962926773823,0.0010898303788499514,0.001596112978929476,False,True
W3,0.825,0.01,0.033289231316972034,0.011198121559790386,0.03472571000108016,True,True
W3,0.825,0.05,0.010808598269629103,0.004114722866227494,0.01465985079531305,False,True
W3,0.8375,0,0.002508792558971268,0.0010345212763081812,0.0014777777115738688,False,True
W3,0.8375,0.01,0.033504198320187306,0.011272979122811833,0.03701754356497661,True,True
W3,0.8375,0.05,0.010884482305964364,0.004149186700168672,0.015369839600648055,False,True
W3,0.85,0,0.0024188903063653844,0.0009801842632479463,0.0013651864377448586,False,True
W3,0.85,0.01,0.03367620782728431,0.011332457033389864,0.03921629050402997,True,True
W3,0.85,0.05,0.010946428226136963,0.004177520375911639,0.016056061895431267,False,True
