index,h,height,prominence,width,endpoint,amplitude,step,position_support,full_computation_support,support_indices,resolved_under_protocol,reasons,window,chain,p,feature,stride,coarse_matches,last_two_position_difference,stable_last_two,stable_all_three
18,0.975,0.9690790659598818,0.3296252533038171,0.29675533326955866,False,0.4133272701457743,0.012499999999999956,"[0.9625, 0.9875]","[0.75, 1.25]","[0, 1, 2, 3, 4, 5, 6, 7, 8, 9, 10, 11, 12, 13, 14, 15, 16, 17, 18, 19, 20, 21, 22, 23, 24, 25, 26, 27, 28, 29, 30, 31, 32, 33, 34, 35, 36, 37, 38, 39, 40]",True,[],W1,W1/ascending/seed307,0,order,1,"[{""index"": 9, ""h"": 0.975, ""height"": 0.9678126092175514, ""prominence"": 0.32851480336104366, ""width"": 0.2971353769223696, ""endpoint"": false, ""amplitude"": 0.4133272701457743, ""step"": 0.025000000000000022, ""position_support"": [0.95, 1.0], ""full_computation_support"": [0.75, 1.25], ""support_indices"": [0, 1, 2, 3, 4, 5, 6, 7, 8, 9, 10, 11, 12, 13, 14, 15, 16, 17, 18, 19, 20], ""resolved_under_protocol"": true, ""reasons"": [], ""window"": ""W1"", ""chain"": ""W1/ascending/seed307"", ""p"": 0, ""feature"": ""order"", ""stride"": 2}, {""index"": 4, ""h"": 0.95, ""height"": 0.9579064459915871, ""prominence"": 0.31754143542411306, ""width"": 0.29892523911813934, ""endpoint"": false, ""amplitude"": 0.4133272701457743, ""step"": 0.050000000000000044, ""position_support"": [0.9, 1.0], ""full_computation_support"": [0.75, 1.25], ""support_indices"": [0, 1, 2, 3, 4, 5, 6, 7, 8, 9, 10], ""resolved_under_protocol"": true, ""reasons"": [], ""window"": ""W1"", ""chain"": ""W1/ascending/seed307"", ""p"": 0, ""feature"": ""order"", ""stride"": 4}]",0.0,True,True
12,0.9,0.8885555500823337,0.1028531384273208,0.18780437591768345,False,0.3706714454338092,0.012499999999999956,"[0.8875, 0.9125]","[0.75, 1.25]","[0, 1, 2, 3, 4, 5, 6, 7, 8, 9, 10, 11, 12, 13, 14, 15, 16, 17, 18, 19, 20, 21, 22, 23, 24, 25, 26, 27, 28, 29, 30, 31, 32, 33, 34, 35, 36, 37, 38, 39, 40]",True,[],W1,W1/ascending/seed307,0,mx,1,"[{""index"": 6, ""h"": 0.9, ""height"": 0.8875884860553658, ""prominence"": 0.10138253567163957, ""width"": 0.1862607952400113, ""endpoint"": false, ""amplitude"": 0.3706714454338092, ""step"": 0.025000000000000022, ""position_support"": [0.875, 0.925], ""full_computation_support"": [0.75, 1.25], ""support_indices"": [0, 1, 2, 3, 4, 5, 6, 7, 8, 9, 10, 11, 12, 13, 14, 15, 16, 17, 18, 19, 20], ""resolved_under_protocol"": true, ""reasons"": [], ""window"": ""W1"", ""chain"": ""W1/ascending/seed307"", ""p"": 0, ""feature"": ""mx"", ""stride"": 2}, {""index"": 3, ""h"": 0.9, ""height"": 0.8836697169002248, ""prominence"": 0.0944182723226259, ""width"": 0.1795619858190934, ""endpoint"": false, ""amplitude"": 0.3706714454338092, ""step"": 0.050000000000000044, ""position_support"": [0.85, 0.95], ""full_computation_support"": [0.75, 1.25], ""support_indices"": [0, 1, 2, 3, 4, 5, 6, 7, 8, 9, 10], ""resolved_under_protocol"": true, ""reasons"": [], ""window"": ""W1"", ""chain"": ""W1/ascending/seed307"", ""p"": 0, ""feature"": ""mx"", ""stride"": 4}]",0.0,True,True
2,0.775,0.1493287707596842,0.0031834374967747436,0.009007171849568792,False,0.10366899365713944,0.012499999999999956,"[0.7625, 0.7875]","[0.75, 1.25]","[0, 1, 2, 3, 4, 5, 6, 7, 8, 9, 10, 11, 12, 13, 14, 15, 16, 17, 18, 19, 20, 21, 22, 23, 24, 25, 26, 27, 28, 29, 30, 31, 32, 33, 34, 35, 36, 37, 38, 39, 40]",False,"[""insufficient_derivative_prominence""]",W1,W1/ascending/seed307,0.01,order,1,"[null, null]",,False,False
6,0.825,0.1800638273654922,0.002312195325400168,0.007932114426859788,False,0.10366899365713944,0.012499999999999956,"[0.8125, 0.8375]","[0.75, 1.25]","[0, 1, 2, 3, 4, 5, 6, 7, 8, 9, 10, 11, 12, 13, 14, 15, 16, 17, 18, 19, 20, 21, 22, 23, 24, 25, 26, 27, 28, 29, 30, 31, 32, 33, 34, 35, 36, 37, 38, 39, 40]",False,"[""insufficient_derivative_prominence""]",W1,W1/ascending/seed307,0.01,order,1,"[null, null]",,False,False
10,0.875,0.20974870606081808,0.006787975429455528,0.011932180640394276,False,0.10366899365713944,0.012499999999999956,"[0.8625, 0.8875]","[0.75, 1.25]","[0, 1, 2, 3, 4, 5, 6, 7, 8, 9, 10, 11, 12, 13, 14, 15, 16, 17, 18, 19, 20, 21, 22, 23, 24, 25, 26, 27, 28, 29, 30, 31, 32, 33, 34, 35, 36, 37, 38, 39, 40]",False,"[""insufficient_derivative_prominence""]",W1,W1/ascending/seed307,0.01,order,1,"[null, null]",,False,False
15,0.9375,0.2365763162550678,0.005486295392197249,0.01644855576291438,False,0.10366899365713944,0.012499999999999956,"[0.925, 0.95]","[0.75, 1.25]","[0, 1, 2, 3, 4, 5, 6, 7, 8, 9, 10, 11, 12, 13, 14, 15, 16, 17, 18, 19, 20, 21, 22, 23, 24, 25, 26, 27, 28, 29, 30, 31, 32, 33, 34, 35, 36, 37, 38, 39, 40]",False,"[""insufficient_derivative_prominence""]",W1,W1/ascending/seed307,0.01,order,1,"[null, {""index"": 5, ""h"": 1.0, ""height"": 0.2411055659352157, ""prominence"": 0.06519834467638264, ""width"": 0.26303465068910703, ""endpoint"": false, ""amplitude"": 0.10366899365713944, ""step"": 0.050000000000000044, ""position_support"": [0.95, 1.05], ""full_computation_support"": [0.75, 1.25], ""support_indices"": [0, 1, 2, 3, 4, 5, 6, 7, 8, 9, 10], ""resolved_under_protocol"": true, ""reasons"": [], ""window"": ""W1"", ""chain"": ""W1/ascending/seed307"", ""p"": 0.01, ""feature"": ""order"", ""stride"": 4}]",,False,False
20,1.0,0.24796795881009004,0.07473304012385995,0.259436636657806,False,0.10366899365713944,0.012499999999999956,"[0.9875, 1.0125]","[0.75, 1.25]","[0, 1, 2, 3, 4, 5, 6, 7, 8, 9, 10, 11, 12, 13, 14, 15, 16, 17, 18, 19, 20, 21, 22, 23, 24, 25, 26, 27, 28, 29, 30, 31, 32, 33, 34, 35, 36, 37, 38, 39, 40]",True,[],W1,W1/ascending/seed307,0.01,order,1,"[{""index"": 12, ""h"": 1.05, ""height"": 0.2444003459563593, ""prominence"": 0.07011825576320163, ""width"": 0.26962865145845377, ""endpoint"": false, ""amplitude"": 0.10366899365713944, ""step"": 0.025000000000000022, ""position_support"": [1.025, 1.075], ""full_computation_support"": [0.75, 1.25], ""support_indices"": [0, 1, 2, 3, 4, 5, 6, 7, 8, 9, 10, 11, 12, 13, 14, 15, 16, 17, 18, 19, 20], ""resolved_under_protocol"": true, ""reasons"": [], ""window"": ""W1"", ""chain"": ""W1/ascending/seed307"", ""p"": 0.01, ""feature"": ""order"", ""stride"": 2}, {""index"": 5, ""h"": 1.0, ""height"": 0.2411055659352157, ""prominence"": 0.06519834467638264, ""width"": 0.26303465068910703, ""endpoint"": false, ""amplitude"": 0.10366899365713944, ""step"": 0.050000000000000044, ""position_support"": [0.95, 1.05], ""full_computation_support"": [0.75, 1.25], ""support_indices"": [0, 1, 2, 3, 4, 5, 6, 7, 8, 9, 10], ""resolved_under_protocol"": true, ""reasons"": [], ""window"": ""W1"", ""chain"": ""W1/ascending/seed307"", ""p"": 0.01, ""feature"": ""order"", ""stride"": 4}]",-0.050000000000000044,True,True
23,1.0375,0.24630047751064765,0.009020186424502086,0.03444273955908474,False,0.10366899365713944,0.012499999999999956,"[1.025, 1.05]","[0.75, 1.25]","[0, 1, 2, 3, 4, 5, 6, 7, 8, 9, 10, 11, 12, 13, 14, 15, 16, 17, 18, 19, 20, 21, 22, 23, 24, 25, 26, 27, 28, 29, 30, 31, 32, 33, 34, 35, 36, 37, 38, 39, 40]",False,"[""insufficient_derivative_prominence""]",W1,W1/ascending/seed307,0.01,order,1,"[{""index"": 12, ""h"": 1.05, ""height"": 0.2444003459563593, ""prominence"": 0.07011825576320163, ""width"": 0.26962865145845377, ""endpoint"": false, ""amplitude"": 0.10366899365713944, ""step"": 0.025000000000000022, ""position_support"": [1.025, 1.075], ""full_computation_support"": [0.75, 1.25], ""support_indices"": [0, 1, 2, 3, 4, 5, 6, 7, 8, 9, 10, 11, 12, 13, 14, 15, 16, 17, 18, 19, 20], ""resolved_under_protocol"": true, ""reasons"": [], ""window"": ""W1"", ""chain"": ""W1/ascending/seed307"", ""p"": 0.01, ""feature"": ""order"", ""stride"": 2}, {""index"": 5, ""h"": 1.0, ""height"": 0.2411055659352157, ""prominence"": 0.06519834467638264, ""width"": 0.26303465068910703, ""endpoint"": false, ""amplitude"": 0.10366899365713944, ""step"": 0.050000000000000044, ""position_support"": [0.95, 1.05], ""full_computation_support"": [0.75, 1.25], ""support_indices"": [0, 1, 2, 3, 4, 5, 6, 7, 8, 9, 10], ""resolved_under_protocol"": true, ""reasons"": [], ""window"": ""W1"", ""chain"": ""W1/ascending/seed307"", ""p"": 0.01, ""feature"": ""order"", ""stride"": 4}]",-0.012499999999999956,False,False
30,1.125,0.2238826678100132,0.008669005216628278,0.018471325471227318,False,0.10366899365713944,0.012499999999999956,"[1.1125, 1.1375]","[0.75, 1.25]","[0, 1, 2, 3, 4, 5, 6, 7, 8, 9, 10, 11, 12, 13, 14, 15, 16, 17, 18, 19, 20, 21, 22, 23, 24, 25, 26, 27, 28, 29, 30, 31, 32, 33, 34, 35, 36, 37, 38, 39, 40]",False,"[""insufficient_derivative_prominence""]",W1,W1/ascending/seed307,0.01,order,1,"[null, null]",,False,False
36,1.2,0.1942954382108848,0.00884805372271913,0.014528186080321819,False,0.10366899365713944,0.012499999999999956,"[1.1875, 1.2125]","[0.75, 1.25]","[0, 1, 2, 3, 4, 5, 6, 7, 8, 9, 10, 11, 12, 13, 14, 15, 16, 17, 18, 19, 20, 21, 22, 23, 24, 25, 26, 27, 28, 29, 30, 31, 32, 33, 34, 35, 36, 37, 38, 39, 40]",False,"[""insufficient_derivative_prominence""]",W1,W1/ascending/seed307,0.01,order,1,"[null, null]",,False,False
4,0.8,0.402441570831197,0.06457175036748097,0.02275522402959708,False,0.18043763886403152,0.012499999999999956,"[0.7875, 0.8125]","[0.75, 1.25]","[0, 1, 2, 3, 4, 5, 6, 7, 8, 9, 10, 11, 12, 13, 14, 15, 16, 17, 18, 19, 20, 21, 22, 23, 24, 25, 26, 27, 28, 29, 30, 31, 32, 33, 34, 35, 36, 37, 38, 39, 40]",True,[],W1,W1/ascending/seed307,0.01,mx,1,"[null, null]",,False,False
8,0.85,0.4259828243929693,0.06382939732693593,0.023116107117973256,False,0.18043763886403152,0.012499999999999956,"[0.8375, 0.8625]","[0.75, 1.25]","[0, 1, 2, 3, 4, 5, 6, 7, 8, 9, 10, 11, 12, 13, 14, 15, 16, 17, 18, 19, 20, 21, 22, 23, 24, 25, 26, 27, 28, 29, 30, 31, 32, 33, 34, 35, 36, 37, 38, 39, 40]",True,[],W1,W1/ascending/seed307,0.01,mx,1,"[{""index"": 6, ""h"": 0.9, ""height"": 0.41915111513993963, ""prominence"": 0.03914080498853423, ""width"": 0.051983450424053966, ""endpoint"": false, ""amplitude"": 0.18043763886403152, ""step"": 0.025000000000000022, ""position_support"": [0.875, 0.925], ""full_computation_support"": [0.75, 1.25], ""support_indices"": [0, 1, 2, 3, 4, 5, 6, 7, 8, 9, 10, 11, 12, 13, 14, 15, 16, 17, 18, 19, 20], ""resolved_under_protocol"": true, ""reasons"": [], ""window"": ""W1"", ""chain"": ""W1/ascending/seed307"", ""p"": 0.01, ""feature"": ""mx"", ""stride"": 2}, null]",-0.050000000000000044,True,False
12,0.9,0.4620770084307164,0.08362927238348483,0.024130603764741035,False,0.18043763886403152,0.012499999999999956,"[0.8875, 0.9125]","[0.75, 1.25]","[0, 1, 2, 3, 4, 5, 6, 7, 8, 9, 10, 11, 12, 13, 14, 15, 16, 17, 18, 19, 20, 21, 22, 23, 24, 25, 26, 27, 28, 29, 30, 31, 32, 33, 34, 35, 36, 37, 38, 39, 40]",True,[],W1,W1/ascending/seed307,0.01,mx,1,"[{""index"": 6, ""h"": 0.9, ""height"": 0.41915111513993963, ""prominence"": 0.03914080498853423, ""width"": 0.051983450424053966, ""endpoint"": false, ""amplitude"": 0.18043763886403152, ""step"": 0.025000000000000022, ""position_support"": [0.875, 0.925], ""full_computation_support"": [0.75, 1.25], ""support_indices"": [0, 1, 2, 3, 4, 5, 6, 7, 8, 9, 10, 11, 12, 13, 14, 15, 16, 17, 18, 19, 20], ""resolved_under_protocol"": true, ""reasons"": [], ""window"": ""W1"", ""chain"": ""W1/ascending/seed307"", ""p"": 0.01, ""feature"": ""mx"", ""stride"": 2}, {""index"": 5, ""h"": 1.0, ""height"": 0.41130076578467634, ""prominence"": 0.07259730684025012, ""width"": 0.23111739688241484, ""endpoint"": false, ""amplitude"": 0.18043763886403152, ""step"": 0.050000000000000044, ""position_support"": [0.95, 1.05], ""full_computation_support"": [0.75, 1.25], ""support_indices"": [0, 1, 2, 3, 4, 5, 6, 7, 8, 9, 10], ""resolved_under_protocol"": true, ""reasons"": [], ""window"": ""W1"", ""chain"": ""W1/ascending/seed307"", ""p"": 0.01, ""feature"": ""mx"", ""stride"": 4}]",0.0,True,True
16,0.95,0.4644074566919585,0.16308142600429498,0.036547453204008075,False,0.18043763886403152,0.012499999999999956,"[0.9375, 0.9625]","[0.75, 1.25]","[0, 1, 2, 3, 4, 5, 6, 7, 8, 9, 10, 11, 12, 13, 14, 15, 16, 17, 18, 19, 20, 21, 22, 23, 24, 25, 26, 27, 28, 29, 30, 31, 32, 33, 34, 35, 36, 37, 38, 39, 40]",True,[],W1,W1/ascending/seed307,0.01,mx,1,"[{""index"": 8, ""h"": 0.95, ""height"": 0.42203710718376275, ""prominence"": 0.15636430410617486, ""width"": 0.298487159372964, ""endpoint"": false, ""amplitude"": 0.18043763886403152, ""step"": 0.025000000000000022, ""position_support"": [0.925, 0.975], ""full_computation_support"": [0.75, 1.25], ""support_indices"": [0, 1, 2, 3, 4, 5, 6, 7, 8, 9, 10, 11, 12, 13, 14, 15, 16, 17, 18, 19, 20], ""resolved_under_protocol"": true, ""reasons"": [], ""window"": ""W1"", ""chain"": ""W1/ascending/seed307"", ""p"": 0.01, ""feature"": ""mx"", ""stride"": 2}, {""index"": 5, ""h"": 1.0, ""height"": 0.41130076578467634, ""prominence"": 0.07259730684025012, ""width"": 0.23111739688241484, ""endpoint"": false, ""amplitude"": 0.18043763886403152, ""step"": 0.050000000000000044, ""position_support"": [0.95, 1.05], ""full_computation_support"": [0.75, 1.25], ""support_indices"": [0, 1, 2, 3, 4, 5, 6, 7, 8, 9, 10], ""resolved_under_protocol"": true, ""reasons"": [], ""window"": ""W1"", ""chain"": ""W1/ascending/seed307"", ""p"": 0.01, ""feature"": ""mx"", ""stride"": 4}]",0.0,True,True
21,1.0125,0.44755906303690374,0.07339882069752868,0.023344865099663985,False,0.18043763886403152,0.012499999999999956,"[1.0, 1.025]","[0.75, 1.25]","[0, 1, 2, 3, 4, 5, 6, 7, 8, 9, 10, 11, 12, 13, 14, 15, 16, 17, 18, 19, 20, 21, 22, 23, 24, 25, 26, 27, 28, 29, 30, 31, 32, 33, 34, 35, 36, 37, 38, 39, 40]",True,[],W1,W1/ascending/seed307,0.01,mx,1,"[null, {""index"": 5, ""h"": 1.0, ""height"": 0.41130076578467634, ""prominence"": 0.07259730684025012, ""width"": 0.23111739688241484, ""endpoint"": false, ""amplitude"": 0.18043763886403152, ""step"": 0.050000000000000044, ""position_support"": [0.95, 1.05], ""full_computation_support"": [0.75, 1.25], ""support_indices"": [0, 1, 2, 3, 4, 5, 6, 7, 8, 9, 10], ""resolved_under_protocol"": true, ""reasons"": [], ""window"": ""W1"", ""chain"": ""W1/ascending/seed307"", ""p"": 0.01, ""feature"": ""mx"", ""stride"": 4}]",,False,False
28,1.1,0.41323112856713173,0.07698862722998889,0.022518455911315235,False,0.18043763886403152,0.012499999999999956,"[1.0875, 1.1125]","[0.75, 1.25]","[0, 1, 2, 3, 4, 5, 6, 7, 8, 9, 10, 11, 12, 13, 14, 15, 16, 17, 18, 19, 20, 21, 22, 23, 24, 25, 26, 27, 28, 29, 30, 31, 32, 33, 34, 35, 36, 37, 38, 39, 40]",True,[],W1,W1/ascending/seed307,0.01,mx,1,"[{""index"": 14, ""h"": 1.1, ""height"": 0.36919664630151505, ""prominence"": 0.027127294801706725, ""width"": 0.0342632654137123, ""endpoint"": false, ""amplitude"": 0.18043763886403152, ""step"": 0.025000000000000022, ""position_support"": [1.075, 1.125], ""full_computation_support"": [0.75, 1.25], ""support_indices"": [0, 1, 2, 3, 4, 5, 6, 7, 8, 9, 10, 11, 12, 13, 14, 15, 16, 17, 18, 19, 20], ""resolved_under_protocol"": true, ""reasons"": [], ""window"": ""W1"", ""chain"": ""W1/ascending/seed307"", ""p"": 0.01, ""feature"": ""mx"", ""stride"": 2}, {""index"": 5, ""h"": 1.0, ""height"": 0.41130076578467634, ""prominence"": 0.07259730684025012, ""width"": 0.23111739688241484, ""endpoint"": false, ""amplitude"": 0.18043763886403152, ""step"": 0.050000000000000044, ""position_support"": [0.95, 1.05], ""full_computation_support"": [0.75, 1.25], ""support_indices"": [0, 1, 2, 3, 4, 5, 6, 7, 8, 9, 10], ""resolved_under_protocol"": true, ""reasons"": [], ""window"": ""W1"", ""chain"": ""W1/ascending/seed307"", ""p"": 0.01, ""feature"": ""mx"", ""stride"": 4}]",0.0,True,True
34,1.175,0.3553965542140638,0.06762929788692418,0.0221004666366004,False,0.18043763886403152,0.012499999999999956,"[1.1625, 1.1875]","[0.75, 1.25]","[0, 1, 2, 3, 4, 5, 6, 7, 8, 9, 10, 11, 12, 13, 14, 15, 16, 17, 18, 19, 20, 21, 22, 23, 24, 25, 26, 27, 28, 29, 30, 31, 32, 33, 34, 35, 36, 37, 38, 39, 40]",True,[],W1,W1/ascending/seed307,0.01,mx,1,"[null, null]",,False,False
37,1.2125,0.263551072910591,0.0049505399278970685,0.010526521799107654,False,0.18043763886403152,0.012499999999999956,"[1.2, 1.225]","[0.75, 1.25]","[0, 1, 2, 3, 4, 5, 6, 7, 8, 9, 10, 11, 12, 13, 14, 15, 16, 17, 18, 19, 20, 21, 22, 23, 24, 25, 26, 27, 28, 29, 30, 31, 32, 33, 34, 35, 36, 37, 38, 39, 40]",False,"[""insufficient_derivative_prominence""]",W1,W1/ascending/seed307,0.01,mx,1,"[null, null]",,False,False
40,1.25,0.24042696132330832,0.0,,True,0.18043763886403152,0.012499999999999956,"[1.2375, 1.25]","[0.75, 1.25]","[0, 1, 2, 3, 4, 5, 6, 7, 8, 9, 10, 11, 12, 13, 14, 15, 16, 17, 18, 19, 20, 21, 22, 23, 24, 25, 26, 27, 28, 29, 30, 31, 32, 33, 34, 35, 36, 37, 38, 39, 40]",False,"[""endpoint"", ""insufficient_derivative_prominence""]",W1,W1/ascending/seed307,0.01,mx,1,"[null, null]",,False,False
2,0.775,-0.0004978036700888921,0.00019447173058750877,0.012573399047640234,False,0.0006754301244453476,0.012499999999999956,"[0.7625, 0.7875]","[0.75, 1.25]","[0, 1, 2, 3, 4, 5, 6, 7, 8, 9, 10, 11, 12, 13, 14, 15, 16, 17, 18, 19, 20, 21, 22, 23, 24, 25, 26, 27, 28, 29, 30, 31, 32, 33, 34, 35, 36, 37, 38, 39, 40]",False,"[""insufficient_raw_signal_range"", ""insufficient_derivative_prominence""]",W1,W1/ascending/seed307,0.05,order,1,"[null, null]",,False,False
6,0.825,-5.642299589236899e-05,0.002555986980694591,0.02359738906008713,False,0.0006754301244453476,0.012499999999999956,"[0.8125, 0.8375]","[0.75, 1.25]","[0, 1, 2, 3, 4, 5, 6, 7, 8, 9, 10, 11, 12, 13, 14, 15, 16, 17, 18, 19, 20, 21, 22, 23, 24, 25, 26, 27, 28, 29, 30, 31, 32, 33, 34, 35, 36, 37, 38, 39, 40]",False,"[""insufficient_raw_signal_range"", ""insufficient_derivative_prominence""]",W1,W1/ascending/seed307,0.05,order,1,"[null, null]",,False,False
10,0.875,0.0005143638439895071,0.0030752676288763325,0.025072268556295185,False,0.0006754301244453476,0.012499999999999956,"[0.8625, 0.8875]","[0.75, 1.25]","[0, 1, 2, 3, 4, 5, 6, 7, 8, 9, 10, 11, 12, 13, 14, 15, 16, 17, 18, 19, 20, 21, 22, 23, 24, 25, 26, 27, 28, 29, 30, 31, 32, 33, 34, 35, 36, 37, 38, 39, 40]",False,"[""insufficient_raw_signal_range"", ""insufficient_derivative_prominence""]",W1,W1/ascending/seed307,0.05,order,1,"[null, null]",,False,False
15,0.9375,0.001474022019497312,0.003246663580422471,0.03555663815029078,False,0.0006754301244453476,0.012499999999999956,"[0.925, 0.95]","[0.75, 1.25]","[0, 1, 2, 3, 4, 5, 6, 7, 8, 9, 10, 11, 12, 13, 14, 15, 16, 17, 18, 19, 20, 21, 22, 23, 24, 25, 26, 27, 28, 29, 30, 31, 32, 33, 34, 35, 36, 37, 38, 39, 40]",False,"[""insufficient_raw_signal_range"", ""insufficient_derivative_prominence""]",W1,W1/ascending/seed307,0.05,order,1,"[null, null]",,False,False
20,1.0,0.002428360250996242,0.0030682316202863547,0.035773111909636064,False,0.0006754301244453476,0.012499999999999956,"[0.9875, 1.0125]","[0.75, 1.25]","[0, 1, 2, 3, 4, 5, 6, 7, 8, 9, 10, 11, 12, 13, 14, 15, 16, 17, 18, 19, 20, 21, 22, 23, 24, 25, 26, 27, 28, 29, 30, 31, 32, 33, 34, 35, 36, 37, 38, 39, 40]",False,"[""insufficient_raw_signal_range"", ""insufficient_derivative_prominence""]",W1,W1/ascending/seed307,0.05,order,1,"[null, null]",,False,False
27,1.0875,0.0033789577087617317,0.0038371643401715616,0.06179660084361052,False,0.0006754301244453476,0.012499999999999956,"[1.075, 1.1]","[0.75, 1.25]","[0, 1, 2, 3, 4, 5, 6, 7, 8, 9, 10, 11, 12, 13, 14, 15, 16, 17, 18, 19, 20, 21, 22, 23, 24, 25, 26, 27, 28, 29, 30, 31, 32, 33, 34, 35, 36, 37, 38, 39, 40]",False,"[""insufficient_raw_signal_range"", ""insufficient_derivative_prominence""]",W1,W1/ascending/seed307,0.05,order,1,"[null, null]",,False,False
30,1.125,0.0035957459515572054,7.585188383441022e-05,0.006375036140332901,False,0.0006754301244453476,0.012499999999999956,"[1.1125, 1.1375]","[0.75, 1.25]","[0, 1, 2, 3, 4, 5, 6, 7, 8, 9, 10, 11, 12, 13, 14, 15, 16, 17, 18, 19, 20, 21, 22, 23, 24, 25, 26, 27, 28, 29, 30, 31, 32, 33, 34, 35, 36, 37, 38, 39, 40]",False,"[""insufficient_raw_signal_range"", ""insufficient_derivative_prominence""]",W1,W1/ascending/seed307,0.05,order,1,"[null, null]",,False,False
33,1.1625,0.0038558252870419807,0.0037920836720868323,0.049143522914889326,False,0.0006754301244453476,0.012499999999999956,"[1.15, 1.175]","[0.75, 1.25]","[0, 1, 2, 3, 4, 5, 6, 7, 8, 9, 10, 11, 12, 13, 14, 15, 16, 17, 18, 19, 20, 21, 22, 23, 24, 25, 26, 27, 28, 29, 30, 31, 32, 33, 34, 35, 36, 37, 38, 39, 40]",False,"[""insufficient_raw_signal_range"", ""insufficient_derivative_prominence""]",W1,W1/ascending/seed307,0.05,order,1,"[null, null]",,False,False
36,1.2,0.004262492850937605,0.0008957194370138311,0.007644398747911536,False,0.0006754301244453476,0.012499999999999956,"[1.1875, 1.2125]","[0.75, 1.25]","[0, 1, 2, 3, 4, 5, 6, 7, 8, 9, 10, 11, 12, 13, 14, 15, 16, 17, 18, 19, 20, 21, 22, 23, 24, 25, 26, 27, 28, 29, 30, 31, 32, 33, 34, 35, 36, 37, 38, 39, 40]",False,"[""insufficient_raw_signal_range"", ""insufficient_derivative_prominence""]",W1,W1/ascending/seed307,0.05,order,1,"[null, null]",,False,False
39,1.2375,0.003987661366089412,0.0005897927307607631,0.012196936246947888,False,0.0006754301244453476,0.012499999999999956,"[1.225, 1.25]","[0.75, 1.25]","[0, 1, 2, 3, 4, 5, 6, 7, 8, 9, 10, 11, 12, 13, 14, 15, 16, 17, 18, 19, 20, 21, 22, 23, 24, 25, 26, 27, 28, 29, 30, 31, 32, 33, 34, 35, 36, 37, 38, 39, 40]",False,"[""insufficient_raw_signal_range"", ""insufficient_derivative_prominence""]",W1,W1/ascending/seed307,0.05,order,1,"[null, null]",,False,False
4,0.8,0.038853749820896955,0.018406562740928223,0.02409856924457361,False,0.0180270954306127,0.012499999999999956,"[0.7875, 0.8125]","[0.75, 1.25]","[0, 1, 2, 3, 4, 5, 6, 7, 8, 9, 10, 11, 12, 13, 14, 15, 16, 17, 18, 19, 20, 21, 22, 23, 24, 25, 26, 27, 28, 29, 30, 31, 32, 33, 34, 35, 36, 37, 38, 39, 40]",False,"[""insufficient_raw_signal_range"", ""insufficient_derivative_prominence""]",W1,W1/ascending/seed307,0.05,mx,1,"[null, null]",,False,False
8,0.85,0.04147015965671774,0.017566966434035214,0.024155912113371095,False,0.0180270954306127,0.012499999999999956,"[0.8375, 0.8625]","[0.75, 1.25]","[0, 1, 2, 3, 4, 5, 6, 7, 8, 9, 10, 11, 12, 13, 14, 15, 16, 17, 18, 19, 20, 21, 22, 23, 24, 25, 26, 27, 28, 29, 30, 31, 32, 33, 34, 35, 36, 37, 38, 39, 40]",False,"[""insufficient_raw_signal_range"", ""insufficient_derivative_prominence""]",W1,W1/ascending/seed307,0.05,mx,1,"[null, null]",,False,False
12,0.9,0.04990233462819882,0.022275897972626524,0.024332255969996445,False,0.0180270954306127,0.012499999999999956,"[0.8875, 0.9125]","[0.75, 1.25]","[0, 1, 2, 3, 4, 5, 6, 7, 8, 9, 10, 11, 12, 13, 14, 15, 16, 17, 18, 19, 20, 21, 22, 23, 24, 25, 26, 27, 28, 29, 30, 31, 32, 33, 34, 35, 36, 37, 38, 39, 40]",False,"[""insufficient_raw_signal_range""]",W1,W1/ascending/seed307,0.05,mx,1,"[null, null]",,False,False
14,0.925,0.028761910063775042,0.00038775326420381617,0.008384314977142197,False,0.0180270954306127,0.012499999999999956,"[0.9125, 0.9375]","[0.75, 1.25]","[0, 1, 2, 3, 4, 5, 6, 7, 8, 9, 10, 11, 12, 13, 14, 15, 16, 17, 18, 19, 20, 21, 22, 23, 24, 25, 26, 27, 28, 29, 30, 31, 32, 33, 34, 35, 36, 37, 38, 39, 40]",False,"[""insufficient_raw_signal_range"", ""insufficient_derivative_prominence""]",W1,W1/ascending/seed307,0.05,mx,1,"[null, null]",,False,False
16,0.95,0.054587509806244494,0.025950366470252062,0.024900192424729784,False,0.0180270954306127,0.012499999999999956,"[0.9375, 0.9625]","[0.75, 1.25]","[0, 1, 2, 3, 4, 5, 6, 7, 8, 9, 10, 11, 12, 13, 14, 15, 16, 17, 18, 19, 20, 21, 22, 23, 24, 25, 26, 27, 28, 29, 30, 31, 32, 33, 34, 35, 36, 37, 38, 39, 40]",False,"[""insufficient_raw_signal_range""]",W1,W1/ascending/seed307,0.05,mx,1,"[null, null]",,False,False
21,1.0125,0.05567738247087761,0.024568145377841244,0.024679196224390323,False,0.0180270954306127,0.012499999999999956,"[1.0, 1.025]","[0.75, 1.25]","[0, 1, 2, 3, 4, 5, 6, 7, 8, 9, 10, 11, 12, 13, 14, 15, 16, 17, 18, 19, 20, 21, 22, 23, 24, 25, 26, 27, 28, 29, 30, 31, 32, 33, 34, 35, 36, 37, 38, 39, 40]",False,"[""insufficient_raw_signal_range""]",W1,W1/ascending/seed307,0.05,mx,1,"[null, null]",,False,False
24,1.05,0.032052794033220255,0.000549865545070638,0.009892238756700476,False,0.0180270954306127,0.012499999999999956,"[1.0375, 1.0625]","[0.75, 1.25]","[0, 1, 2, 3, 4, 5, 6, 7, 8, 9, 10, 11, 12, 13, 14, 15, 16, 17, 18, 19, 20, 21, 22, 23, 24, 25, 26, 27, 28, 29, 30, 31, 32, 33, 34, 35, 36, 37, 38, 39, 40]",False,"[""insufficient_raw_signal_range"", ""insufficient_derivative_prominence""]",W1,W1/ascending/seed307,0.05,mx,1,"[null, null]",,False,False
28,1.1,0.06135638949175726,0.03459802353456265,0.026757866435129778,False,0.0180270954306127,0.012499999999999956,"[1.0875, 1.1125]","[0.75, 1.25]","[0, 1, 2, 3, 4, 5, 6, 7, 8, 9, 10, 11, 12, 13, 14, 15, 16, 17, 18, 19, 20, 21, 22, 23, 24, 25, 26, 27, 28, 29, 30, 31, 32, 33, 34, 35, 36, 37, 38, 39, 40]",False,"[""insufficient_raw_signal_range""]",W1,W1/ascending/seed307,0.05,mx,1,"[null, null]",,False,False
31,1.1375,0.03213016824000947,0.0007966829599181935,0.009254430558972671,False,0.0180270954306127,0.012499999999999956,"[1.125, 1.15]","[0.75, 1.25]","[0, 1, 2, 3, 4, 5, 6, 7, 8, 9, 10, 11, 12, 13, 14, 15, 16, 17, 18, 19, 20, 21, 22, 23, 24, 25, 26, 27, 28, 29, 30, 31, 32, 33, 34, 35, 36, 37, 38, 39, 40]",False,"[""insufficient_raw_signal_range"", ""insufficient_derivative_prominence""]",W1,W1/ascending/seed307,0.05,mx,1,"[null, null]",,False,False
34,1.175,0.05838508175412205,0.028052142414736414,0.023917231232829475,False,0.0180270954306127,0.012499999999999956,"[1.1625, 1.1875]","[0.75, 1.25]","[0, 1, 2, 3, 4, 5, 6, 7, 8, 9, 10, 11, 12, 13, 14, 15, 16, 17, 18, 19, 20, 21, 22, 23, 24, 25, 26, 27, 28, 29, 30, 31, 32, 33, 34, 35, 36, 37, 38, 39, 40]",False,"[""insufficient_raw_signal_range""]",W1,W1/ascending/seed307,0.05,mx,1,"[null, null]",,False,False
37,1.2125,0.032936974586096346,0.004981104169431649,0.02336824993617386,False,0.0180270954306127,0.012499999999999956,"[1.2, 1.225]","[0.75, 1.25]","[0, 1, 2, 3, 4, 5, 6, 7, 8, 9, 10, 11, 12, 13, 14, 15, 16, 17, 18, 19, 20, 21, 22, 23, 24, 25, 26, 27, 28, 29, 30, 31, 32, 33, 34, 35, 36, 37, 38, 39, 40]",False,"[""insufficient_raw_signal_range"", ""insufficient_derivative_prominence""]",W1,W1/ascending/seed307,0.05,mx,1,"[null, null]",,False,False
40,1.25,0.03208199063199668,0.0,,True,0.0180270954306127,0.012499999999999956,"[1.2375, 1.25]","[0.75, 1.25]","[0, 1, 2, 3, 4, 5, 6, 7, 8, 9, 10, 11, 12, 13, 14, 15, 16, 17, 18, 19, 20, 21, 22, 23, 24, 25, 26, 27, 28, 29, 30, 31, 32, 33, 34, 35, 36, 37, 38, 39, 40]",False,"[""endpoint"", ""insufficient_raw_signal_range"", ""insufficient_derivative_prominence""]",W1,W1/ascending/seed307,0.05,mx,1,"[null, null]",,False,False
2,0.775,0.7608711939893311,0.04339463585408865,0.0166585297021943,False,0.41358897581722814,0.012499999999999956,"[0.7625, 0.7875]","[0.75, 1.25]","[0, 1, 2, 3, 4, 5, 6, 7, 8, 9, 10, 11, 12, 13, 14, 15, 16, 17, 18, 19, 20, 21, 22, 23, 24, 25, 26, 27, 28, 29, 30, 31, 32, 33, 34, 35, 36, 37, 38, 39, 40]",True,[],W1,W1/descending/seed307,0,order,1,"[{""index"": 3, ""h"": 0.825, ""height"": 0.8677581630193938, ""prominence"": 0.04840214849811275, ""width"": 0.027223948125648326, ""endpoint"": false, ""amplitude"": 0.41358897581722814, ""step"": 0.025000000000000022, ""position_support"": [0.8, 0.85], ""full_computation_support"": [0.75, 1.25], ""support_indices"": [0, 1, 2, 3, 4, 5, 6, 7, 8, 9, 10, 11, 12, 13, 14, 15, 16, 17, 18, 19, 20], ""resolved_under_protocol"": true, ""reasons"": [], ""window"": ""W1"", ""chain"": ""W1/descending/seed307"", ""p"": 0, ""feature"": ""order"", ""stride"": 2}, null]",-0.04999999999999993,True,False
6,0.825,0.9534866422279933,0.15382739082822994,0.022574795880208328,False,0.41358897581722814,0.012499999999999956,"[0.8125, 0.8375]","[0.75, 1.25]","[0, 1, 2, 3, 4, 5, 6, 7, 8, 9, 10, 11, 12, 13, 14, 15, 16, 17, 18, 19, 20, 21, 22, 23, 24, 25, 26, 27, 28, 29, 30, 31, 32, 33, 34, 35, 36, 37, 38, 39, 40]",True,[],W1,W1/descending/seed307,0,order,1,"[{""index"": 3, ""h"": 0.825, ""height"": 0.8677581630193938, ""prominence"": 0.04840214849811275, ""width"": 0.027223948125648326, ""endpoint"": false, ""amplitude"": 0.41358897581722814, ""step"": 0.025000000000000022, ""position_support"": [0.8, 0.85], ""full_computation_support"": [0.75, 1.25], ""support_indices"": [0, 1, 2, 3, 4, 5, 6, 7, 8, 9, 10, 11, 12, 13, 14, 15, 16, 17, 18, 19, 20], ""resolved_under_protocol"": true, ""reasons"": [], ""window"": ""W1"", ""chain"": ""W1/descending/seed307"", ""p"": 0, ""feature"": ""order"", ""stride"": 2}, null]",0.0,True,False
15,0.9375,1.0125996438475617,0.43533807709326666,0.3222223129651997,False,0.41358897581722814,0.012499999999999956,"[0.925, 0.95]","[0.75, 1.25]","[0, 1, 2, 3, 4, 5, 6, 7, 8, 9, 10, 11, 12, 13, 14, 15, 16, 17, 18, 19, 20, 21, 22, 23, 24, 25, 26, 27, 28, 29, 30, 31, 32, 33, 34, 35, 36, 37, 38, 39, 40]",True,[],W1,W1/descending/seed307,0,order,1,"[{""index"": 8, ""h"": 0.95, ""height"": 0.973933476123884, ""prominence"": 0.24778816806534465, ""width"": 0.22115517778318067, ""endpoint"": false, ""amplitude"": 0.41358897581722814, ""step"": 0.025000000000000022, ""position_support"": [0.925, 0.975], ""full_computation_support"": [0.75, 1.25], ""support_indices"": [0, 1, 2, 3, 4, 5, 6, 7, 8, 9, 10, 11, 12, 13, 14, 15, 16, 17, 18, 19, 20], ""resolved_under_protocol"": true, ""reasons"": [], ""window"": ""W1"", ""chain"": ""W1/descending/seed307"", ""p"": 0, ""feature"": ""order"", ""stride"": 2}, {""index"": 4, ""h"": 0.95, ""height"": 0.9490500326282572, ""prominence"": 0.29371115205014764, ""width"": 0.31559966593682426, ""endpoint"": false, ""amplitude"": 0.41358897581722814, ""step"": 0.050000000000000044, ""position_support"": [0.9, 1.0], ""full_computation_support"": [0.75, 1.25], ""support_indices"": [0, 1, 2, 3, 4, 5, 6, 7, 8, 9, 10], ""resolved_under_protocol"": true, ""reasons"": [], ""window"": ""W1"", ""chain"": ""W1/descending/seed307"", ""p"": 0, ""feature"": ""order"", ""stride"": 4}]",-0.012499999999999956,True,True
19,0.9875,0.9402093694303524,0.011475612305602567,0.051158720351102846,False,0.41358897581722814,0.012499999999999956,"[0.975, 1.0]","[0.75, 1.25]","[0, 1, 2, 3, 4, 5, 6, 7, 8, 9, 10, 11, 12, 13, 14, 15, 16, 17, 18, 19, 20, 21, 22, 23, 24, 25, 26, 27, 28, 29, 30, 31, 32, 33, 34, 35, 36, 37, 38, 39, 40]",False,"[""insufficient_derivative_prominence""]",W1,W1/descending/seed307,0,order,1,"[{""index"": 8, ""h"": 0.95, ""height"": 0.973933476123884, ""prominence"": 0.24778816806534465, ""width"": 0.22115517778318067, ""endpoint"": false, ""amplitude"": 0.41358897581722814, ""step"": 0.025000000000000022, ""position_support"": [0.925, 0.975], ""full_computation_support"": [0.75, 1.25], ""support_indices"": [0, 1, 2, 3, 4, 5, 6, 7, 8, 9, 10, 11, 12, 13, 14, 15, 16, 17, 18, 19, 20], ""resolved_under_protocol"": true, ""reasons"": [], ""window"": ""W1"", ""chain"": ""W1/descending/seed307"", ""p"": 0, ""feature"": ""order"", ""stride"": 2}, {""index"": 4, ""h"": 0.95, ""height"": 0.9490500326282572, ""prominence"": 0.29371115205014764, ""width"": 0.31559966593682426, ""endpoint"": false, ""amplitude"": 0.41358897581722814, ""step"": 0.050000000000000044, ""position_support"": [0.9, 1.0], ""full_computation_support"": [0.75, 1.25], ""support_indices"": [0, 1, 2, 3, 4, 5, 6, 7, 8, 9, 10], ""resolved_under_protocol"": true, ""reasons"": [], ""window"": ""W1"", ""chain"": ""W1/descending/seed307"", ""p"": 0, ""feature"": ""order"", ""stride"": 4}]",0.03750000000000009,False,False
2,0.775,0.8717804479627276,0.05081668392543648,0.01995511456386826,False,0.3705147526978278,0.012499999999999956,"[0.7625, 0.7875]","[0.75, 1.25]","[0, 1, 2, 3, 4, 5, 6, 7, 8, 9, 10, 11, 12, 13, 14, 15, 16, 17, 18, 19, 20, 21, 22, 23, 24, 25, 26, 27, 28, 29, 30, 31, 32, 33, 34, 35, 36, 37, 38, 39, 40]",True,[],W1,W1/descending/seed307,0,mx,1,"[{""index"": 3, ""h"": 0.825, ""height"": 0.9004865541692784, ""prominence"": 0.060247753111136504, ""width"": 0.04899592707109739, ""endpoint"": false, ""amplitude"": 0.3705147526978278, ""step"": 0.025000000000000022, ""position_support"": [0.8, 0.85], ""full_computation_support"": [0.75, 1.25], ""support_indices"": [0, 1, 2, 3, 4, 5, 6, 7, 8, 9, 10, 11, 12, 13, 14, 15, 16, 17, 18, 19, 20], ""resolved_under_protocol"": true, ""reasons"": [], ""window"": ""W1"", ""chain"": ""W1/descending/seed307"", ""p"": 0, ""feature"": ""mx"", ""stride"": 2}, {""index"": 2, ""h"": 0.85, ""height"": 0.8783354748410463, ""prominence"": 0.06822055033846652, ""width"": 0.18400283789189464, ""endpoint"": false, ""amplitude"": 0.3705147526978278, ""step"": 0.050000000000000044, ""position_support"": [0.8, 0.9], ""full_computation_support"": [0.75, 1.25], ""support_indices"": [0, 1, 2, 3, 4, 5, 6, 7, 8, 9, 10], ""resolved_under_protocol"": true, ""reasons"": [], ""window"": ""W1"", ""chain"": ""W1/descending/seed307"", ""p"": 0, ""feature"": ""mx"", ""stride"": 4}]",-0.04999999999999993,True,True
6,0.825,0.9606209045426652,0.2374191283310445,0.03640677841257586,False,0.3705147526978278,0.012499999999999956,"[0.8125, 0.8375]","[0.75, 1.25]","[0, 1, 2, 3, 4, 5, 6, 7, 8, 9, 10, 11, 12, 13, 14, 15, 16, 17, 18, 19, 20, 21, 22, 23, 24, 25, 26, 27, 28, 29, 30, 31, 32, 33, 34, 35, 36, 37, 38, 39, 40]",True,[],W1,W1/descending/seed307,0,mx,1,"[{""index"": 3, ""h"": 0.825, ""height"": 0.9004865541692784, ""prominence"": 0.060247753111136504, ""width"": 0.04899592707109739, ""endpoint"": false, ""amplitude"": 0.3705147526978278, ""step"": 0.025000000000000022, ""position_support"": [0.8, 0.85], ""full_computation_support"": [0.75, 1.25], ""support_indices"": [0, 1, 2, 3, 4, 5, 6, 7, 8, 9, 10, 11, 12, 13, 14, 15, 16, 17, 18, 19, 20], ""resolved_under_protocol"": true, ""reasons"": [], ""window"": ""W1"", ""chain"": ""W1/descending/seed307"", ""p"": 0, ""feature"": ""mx"", ""stride"": 2}, {""index"": 2, ""h"": 0.85, ""height"": 0.8783354748410463, ""prominence"": 0.06822055033846652, ""width"": 0.18400283789189464, ""endpoint"": false, ""amplitude"": 0.3705147526978278, ""step"": 0.050000000000000044, ""position_support"": [0.8, 0.9], ""full_computation_support"": [0.75, 1.25], ""support_indices"": [0, 1, 2, 3, 4, 5, 6, 7, 8, 9, 10], ""resolved_under_protocol"": true, ""reasons"": [], ""window"": ""W1"", ""chain"": ""W1/descending/seed307"", ""p"": 0, ""feature"": ""mx"", ""stride"": 4}]",0.0,True,True
14,0.925,0.9086888664672514,0.0672226094790851,0.028037517604314242,False,0.3705147526978278,0.012499999999999956,"[0.9125, 0.9375]","[0.75, 1.25]","[0, 1, 2, 3, 4, 5, 6, 7, 8, 9, 10, 11, 12, 13, 14, 15, 16, 17, 18, 19, 20, 21, 22, 23, 24, 25, 26, 27, 28, 29, 30, 31, 32, 33, 34, 35, 36, 37, 38, 39, 40]",True,[],W1,W1/descending/seed307,0,mx,1,"[{""index"": 7, ""h"": 0.925, ""height"": 0.8830063432732942, ""prominence"": 0.036086992980601806, ""width"": 0.05014703828091305, ""endpoint"": false, ""amplitude"": 0.3705147526978278, ""step"": 0.025000000000000022, ""position_support"": [0.9, 0.95], ""full_computation_support"": [0.75, 1.25], ""support_indices"": [0, 1, 2, 3, 4, 5, 6, 7, 8, 9, 10, 11, 12, 13, 14, 15, 16, 17, 18, 19, 20], ""resolved_under_protocol"": true, ""reasons"": [], ""window"": ""W1"", ""chain"": ""W1/descending/seed307"", ""p"": 0, ""feature"": ""mx"", ""stride"": 2}, {""index"": 2, ""h"": 0.85, ""height"": 0.8783354748410463, ""prominence"": 0.06822055033846652, ""width"": 0.18400283789189464, ""endpoint"": false, ""amplitude"": 0.3705147526978278, ""step"": 0.050000000000000044, ""position_support"": [0.8, 0.9], ""full_computation_support"": [0.75, 1.25], ""support_indices"": [0, 1, 2, 3, 4, 5, 6, 7, 8, 9, 10], ""resolved_under_protocol"": true, ""reasons"": [], ""window"": ""W1"", ""chain"": ""W1/descending/seed307"", ""p"": 0, ""feature"": ""mx"", ""stride"": 4}]",0.0,True,True
2,0.775,0.3730254119203078,0.18171681945226936,0.021718364636288148,False,0.14495782631173548,0.012499999999999956,"[0.7625, 0.7875]","[0.75, 1.25]","[0, 1, 2, 3, 4, 5, 6, 7, 8, 9, 10, 11, 12, 13, 14, 15, 16, 17, 18, 19, 20, 21, 22, 23, 24, 25, 26, 27, 28, 29, 30, 31, 32, 33, 34, 35, 36, 37, 38, 39, 40]",True,[],W1,W1/descending/seed307,0.01,order,1,"[{""index"": 3, ""h"": 0.825, ""height"": 0.7894759665950346, ""prominence"": 0.5094422309603379, ""width"": 0.048354928103090215, ""endpoint"": false, ""amplitude"": 0.14495782631173548, ""step"": 0.025000000000000022, ""position_support"": [0.8, 0.85], ""full_computation_support"": [0.75, 1.25], ""support_indices"": [0, 1, 2, 3, 4, 5, 6, 7, 8, 9, 10, 11, 12, 13, 14, 15, 16, 17, 18, 19, 20], ""resolved_under_protocol"": true, ""reasons"": [], ""window"": ""W1"", ""chain"": ""W1/descending/seed307"", ""p"": 0.01, ""feature"": ""order"", ""stride"": 2}, {""index"": 1, ""h"": 0.8, ""height"": 0.5347548511148652, ""prominence"": 0.3855517714629144, ""width"": 0.11359576720311713, ""endpoint"": false, ""amplitude"": 0.14495782631173548, ""step"": 0.050000000000000044, ""position_support"": [0.75, 0.85], ""full_computation_support"": [0.75, 1.25], ""support_indices"": [0, 1, 2, 3, 4, 5, 6, 7, 8, 9, 10], ""resolved_under_protocol"": true, ""reasons"": [], ""window"": ""W1"", ""chain"": ""W1/descending/seed307"", ""p"": 0.01, ""feature"": ""order"", ""stride"": 4}]",-0.04999999999999993,True,True
6,0.825,1.3651029501761478,1.224713224935627,0.025693528791954853,False,0.14495782631173548,0.012499999999999956,"[0.8125, 0.8375]","[0.75, 1.25]","[0, 1, 2, 3, 4, 5, 6, 7, 8, 9, 10, 11, 12, 13, 14, 15, 16, 17, 18, 19, 20, 21, 22, 23, 24, 25, 26, 27, 28, 29, 30, 31, 32, 33, 34, 35, 36, 37, 38, 39, 40]",True,[],W1,W1/descending/seed307,0.01,order,1,"[{""index"": 3, ""h"": 0.825, ""height"": 0.7894759665950346, ""prominence"": 0.5094422309603379, ""width"": 0.048354928103090215, ""endpoint"": false, ""amplitude"": 0.14495782631173548, ""step"": 0.025000000000000022, ""position_support"": [0.8, 0.85], ""full_computation_support"": [0.75, 1.25], ""support_indices"": [0, 1, 2, 3, 4, 5, 6, 7, 8, 9, 10, 11, 12, 13, 14, 15, 16, 17, 18, 19, 20], ""resolved_under_protocol"": true, ""reasons"": [], ""window"": ""W1"", ""chain"": ""W1/descending/seed307"", ""p"": 0.01, ""feature"": ""order"", ""stride"": 2}, {""index"": 1, ""h"": 0.8, ""height"": 0.5347548511148652, ""prominence"": 0.3855517714629144, ""width"": 0.11359576720311713, ""endpoint"": false, ""amplitude"": 0.14495782631173548, ""step"": 0.050000000000000044, ""position_support"": [0.75, 0.85], ""full_computation_support"": [0.75, 1.25], ""support_indices"": [0, 1, 2, 3, 4, 5, 6, 7, 8, 9, 10], ""resolved_under_protocol"": true, ""reasons"": [], ""window"": ""W1"", ""chain"": ""W1/descending/seed307"", ""p"": 0.01, ""feature"": ""order"", ""stride"": 4}]",0.0,True,True
12,0.9,0.22863050863740497,0.005883422646732583,0.009533012580163334,False,0.14495782631173548,0.012499999999999956,"[0.8875, 0.9125]","[0.75, 1.25]","[0, 1, 2, 3, 4, 5, 6, 7, 8, 9, 10, 11, 12, 13, 14, 15, 16, 17, 18, 19, 20, 21, 22, 23, 24, 25, 26, 27, 28, 29, 30, 31, 32, 33, 34, 35, 36, 37, 38, 39, 40]",False,"[""insufficient_derivative_prominence""]",W1,W1/descending/seed307,0.01,order,1,"[{""index"": 8, ""h"": 0.95, ""height"": 0.4307541313316978, ""prominence"": 0.21066558540936242, ""width"": 0.05036575680899076, ""endpoint"": false, ""amplitude"": 0.14495782631173548, ""step"": 0.025000000000000022, ""position_support"": [0.925, 0.975], ""full_computation_support"": [0.75, 1.25], ""support_indices"": [0, 1, 2, 3, 4, 5, 6, 7, 8, 9, 10, 11, 12, 13, 14, 15, 16, 17, 18, 19, 20], ""resolved_under_protocol"": true, ""reasons"": [], ""window"": ""W1"", ""chain"": ""W1/descending/seed307"", ""p"": 0.01, ""feature"": ""order"", ""stride"": 2}, {""index"": 1, ""h"": 0.8, ""height"": 0.5347548511148652, ""prominence"": 0.3855517714629144, ""width"": 0.11359576720311713, ""endpoint"": false, ""amplitude"": 0.14495782631173548, ""step"": 0.050000000000000044, ""position_support"": [0.75, 0.85], ""full_computation_support"": [0.75, 1.25], ""support_indices"": [0, 1, 2, 3, 4, 5, 6, 7, 8, 9, 10], ""resolved_under_protocol"": true, ""reasons"": [], ""window"": ""W1"", ""chain"": ""W1/descending/seed307"", ""p"": 0.01, ""feature"": ""order"", ""stride"": 4}]",-0.04999999999999993,False,False
15,0.9375,0.6210617319667531,0.40363172611275466,0.025070565116576394,False,0.14495782631173548,0.012499999999999956,"[0.925, 0.95]","[0.75, 1.25]","[0, 1, 2, 3, 4, 5, 6, 7, 8, 9, 10, 11, 12, 13, 14, 15, 16, 17, 18, 19, 20, 21, 22, 23, 24, 25, 26, 27, 28, 29, 30, 31, 32, 33, 34, 35, 36, 37, 38, 39, 40]",True,[],W1,W1/descending/seed307,0.01,order,1,"[{""index"": 8, ""h"": 0.95, ""height"": 0.4307541313316978, ""prominence"": 0.21066558540936242, ""width"": 0.05036575680899076, ""endpoint"": false, ""amplitude"": 0.14495782631173548, ""step"": 0.025000000000000022, ""position_support"": [0.925, 0.975], ""full_computation_support"": [0.75, 1.25], ""support_indices"": [0, 1, 2, 3, 4, 5, 6, 7, 8, 9, 10, 11, 12, 13, 14, 15, 16, 17, 18, 19, 20], ""resolved_under_protocol"": true, ""reasons"": [], ""window"": ""W1"", ""chain"": ""W1/descending/seed307"", ""p"": 0.01, ""feature"": ""order"", ""stride"": 2}, null]",-0.012499999999999956,True,False
37,1.2125,0.16283628908995063,0.009942226613997462,0.03073370956538726,False,0.14495782631173548,0.012499999999999956,"[1.2, 1.225]","[0.75, 1.25]","[0, 1, 2, 3, 4, 5, 6, 7, 8, 9, 10, 11, 12, 13, 14, 15, 16, 17, 18, 19, 20, 21, 22, 23, 24, 25, 26, 27, 28, 29, 30, 31, 32, 33, 34, 35, 36, 37, 38, 39, 40]",False,"[""insufficient_derivative_prominence""]",W1,W1/descending/seed307,0.01,order,1,"[null, null]",,False,False
1,0.7625,0.3242201401650302,0.07013014858036115,0.03013382698209974,False,0.049708428260500426,0.012499999999999956,"[0.75, 0.775]","[0.75, 1.25]","[0, 1, 2, 3, 4, 5, 6, 7, 8, 9, 10, 11, 12, 13, 14, 15, 16, 17, 18, 19, 20, 21, 22, 23, 24, 25, 26, 27, 28, 29, 30, 31, 32, 33, 34, 35, 36, 37, 38, 39, 40]",True,[],W1,W1/descending/seed307,0.01,mx,1,"[null, null]",,False,False
4,0.8,0.2966839281556446,0.01050931995072979,0.006302846443532439,False,0.049708428260500426,0.012499999999999956,"[0.7875, 0.8125]","[0.75, 1.25]","[0, 1, 2, 3, 4, 5, 6, 7, 8, 9, 10, 11, 12, 13, 14, 15, 16, 17, 18, 19, 20, 21, 22, 23, 24, 25, 26, 27, 28, 29, 30, 31, 32, 33, 34, 35, 36, 37, 38, 39, 40]",False,"[""insufficient_derivative_prominence""]",W1,W1/descending/seed307,0.01,mx,1,"[null, null]",,False,False
11,0.8875,0.2559849985696392,0.0018001603024799806,0.007337959408781233,False,0.049708428260500426,0.012499999999999956,"[0.875, 0.9]","[0.75, 1.25]","[0, 1, 2, 3, 4, 5, 6, 7, 8, 9, 10, 11, 12, 13, 14, 15, 16, 17, 18, 19, 20, 21, 22, 23, 24, 25, 26, 27, 28, 29, 30, 31, 32, 33, 34, 35, 36, 37, 38, 39, 40]",False,"[""insufficient_derivative_prominence""]",W1,W1/descending/seed307,0.01,mx,1,"[{""index"": 6, ""h"": 0.9, ""height"": 0.26669298546691067, ""prominence"": 0.6457095674189626, ""width"": 0.07344575498609324, ""endpoint"": false, ""amplitude"": 0.04828563154026233, ""step"": 0.025000000000000022, ""position_support"": [0.875, 0.925], ""full_computation_support"": [0.75, 1.25], ""support_indices"": [0, 1, 2, 3, 4, 5, 6, 7, 8, 9, 10, 11, 12, 13, 14, 15, 16, 17, 18, 19, 20], ""resolved_under_protocol"": true, ""reasons"": [], ""window"": ""W1"", ""chain"": ""W1/descending/seed307"", ""p"": 0.01, ""feature"": ""mx"", ""stride"": 2}, null]",-0.012500000000000067,False,False
13,0.9125,0.27740097236418215,1.2898590794532971,0.08721456746621739,False,0.049708428260500426,0.012499999999999956,"[0.9, 0.925]","[0.75, 1.25]","[0, 1, 2, 3, 4, 5, 6, 7, 8, 9, 10, 11, 12, 13, 14, 15, 16, 17, 18, 19, 20, 21, 22, 23, 24, 25, 26, 27, 28, 29, 30, 31, 32, 33, 34, 35, 36, 37, 38, 39, 40]",True,[],W1,W1/descending/seed307,0.01,mx,1,"[{""index"": 6, ""h"": 0.9, ""height"": 0.26669298546691067, ""prominence"": 0.6457095674189626, ""width"": 0.07344575498609324, ""endpoint"": false, ""amplitude"": 0.04828563154026233, ""step"": 0.025000000000000022, ""position_support"": [0.875, 0.925], ""full_computation_support"": [0.75, 1.25], ""support_indices"": [0, 1, 2, 3, 4, 5, 6, 7, 8, 9, 10, 11, 12, 13, 14, 15, 16, 17, 18, 19, 20], ""resolved_under_protocol"": true, ""reasons"": [], ""window"": ""W1"", ""chain"": ""W1/descending/seed307"", ""p"": 0.01, ""feature"": ""mx"", ""stride"": 2}, {""index"": 5, ""h"": 1.0, ""height"": 0.1954425561390125, ""prominence"": 0.07778812040485095, ""width"": 0.11684210104469488, ""endpoint"": false, ""amplitude"": 0.04828563154026233, ""step"": 0.050000000000000044, ""position_support"": [0.95, 1.05], ""full_computation_support"": [0.75, 1.25], ""support_indices"": [0, 1, 2, 3, 4, 5, 6, 7, 8, 9, 10], ""resolved_under_protocol"": true, ""reasons"": [], ""window"": ""W1"", ""chain"": ""W1/descending/seed307"", ""p"": 0.01, ""feature"": ""mx"", ""stride"": 4}]",0.012499999999999956,True,True
20,1.0,0.20385911614291707,0.10148931470195599,0.16863117496075525,False,0.049708428260500426,0.012499999999999956,"[0.9875, 1.0125]","[0.75, 1.25]","[0, 1, 2, 3, 4, 5, 6, 7, 8, 9, 10, 11, 12, 13, 14, 15, 16, 17, 18, 19, 20, 21, 22, 23, 24, 25, 26, 27, 28, 29, 30, 31, 32, 33, 34, 35, 36, 37, 38, 39, 40]",True,[],W1,W1/descending/seed307,0.01,mx,1,"[{""index"": 10, ""h"": 1.0, ""height"": 0.2006718121116009, ""prominence"": 0.08025028622251273, ""width"": 0.12164504132825671, ""endpoint"": false, ""amplitude"": 0.04828563154026233, ""step"": 0.025000000000000022, ""position_support"": [0.975, 1.025], ""full_computation_support"": [0.75, 1.25], ""support_indices"": [0, 1, 2, 3, 4, 5, 6, 7, 8, 9, 10, 11, 12, 13, 14, 15, 16, 17, 18, 19, 20], ""resolved_under_protocol"": true, ""reasons"": [], ""window"": ""W1"", ""chain"": ""W1/descending/seed307"", ""p"": 0.01, ""feature"": ""mx"", ""stride"": 2}, {""index"": 5, ""h"": 1.0, ""height"": 0.1954425561390125, ""prominence"": 0.07778812040485095, ""width"": 0.11684210104469488, ""endpoint"": false, ""amplitude"": 0.04828563154026233, ""step"": 0.050000000000000044, ""position_support"": [0.95, 1.05], ""full_computation_support"": [0.75, 1.25], ""support_indices"": [0, 1, 2, 3, 4, 5, 6, 7, 8, 9, 10], ""resolved_under_protocol"": true, ""reasons"": [], ""window"": ""W1"", ""chain"": ""W1/descending/seed307"", ""p"": 0.01, ""feature"": ""mx"", ""stride"": 4}]",0.0,True,True
28,1.1,0.16237790533395646,0.0005363135138054531,0.006688429150856855,False,0.049708428260500426,0.012499999999999956,"[1.0875, 1.1125]","[0.75, 1.25]","[0, 1, 2, 3, 4, 5, 6, 7, 8, 9, 10, 11, 12, 13, 14, 15, 16, 17, 18, 19, 20, 21, 22, 23, 24, 25, 26, 27, 28, 29, 30, 31, 32, 33, 34, 35, 36, 37, 38, 39, 40]",False,"[""insufficient_derivative_prominence""]",W1,W1/descending/seed307,0.01,mx,1,"[null, {""index"": 5, ""h"": 1.0, ""height"": 0.1954425561390125, ""prominence"": 0.07778812040485095, ""width"": 0.11684210104469488, ""endpoint"": false, ""amplitude"": 0.04828563154026233, ""step"": 0.050000000000000044, ""position_support"": [0.95, 1.05], ""full_computation_support"": [0.75, 1.25], ""support_indices"": [0, 1, 2, 3, 4, 5, 6, 7, 8, 9, 10], ""resolved_under_protocol"": true, ""reasons"": [], ""window"": ""W1"", ""chain"": ""W1/descending/seed307"", ""p"": 0.01, ""feature"": ""mx"", ""stride"": 4}]",,False,False
34,1.175,0.1461578431188535,0.015241616379151779,0.013010293782680059,False,0.049708428260500426,0.012499999999999956,"[1.1625, 1.1875]","[0.75, 1.25]","[0, 1, 2, 3, 4, 5, 6, 7, 8, 9, 10, 11, 12, 13, 14, 15, 16, 17, 18, 19, 20, 21, 22, 23, 24, 25, 26, 27, 28, 29, 30, 31, 32, 33, 34, 35, 36, 37, 38, 39, 40]",False,"[""insufficient_derivative_prominence""]",W1,W1/descending/seed307,0.01,mx,1,"[null, null]",,False,False
39,1.2375,0.1357572372935021,0.002646281337815637,0.006745373721851398,False,0.049708428260500426,0.012499999999999956,"[1.225, 1.25]","[0.75, 1.25]","[0, 1, 2, 3, 4, 5, 6, 7, 8, 9, 10, 11, 12, 13, 14, 15, 16, 17, 18, 19, 20, 21, 22, 23, 24, 25, 26, 27, 28, 29, 30, 31, 32, 33, 34, 35, 36, 37, 38, 39, 40]",False,"[""insufficient_derivative_prominence""]",W1,W1/descending/seed307,0.01,mx,1,"[null, null]",,False,False
2,0.775,0.018607475609369928,0.01842588364766229,0.022579827751968616,False,0.0074324692524437574,0.012499999999999956,"[0.7625, 0.7875]","[0.75, 1.25]","[0, 1, 2, 3, 4, 5, 6, 7, 8, 9, 10, 11, 12, 13, 14, 15, 16, 17, 18, 19, 20, 21, 22, 23, 24, 25, 26, 27, 28, 29, 30, 31, 32, 33, 34, 35, 36, 37, 38, 39, 40]",False,"[""insufficient_raw_signal_range"", ""insufficient_derivative_prominence""]",W1,W1/descending/seed307,0.05,order,1,"[null, null]",,False,False
6,0.825,0.19597402237711492,0.19591295678206588,0.02512202869001858,False,0.0074324692524437574,0.012499999999999956,"[0.8125, 0.8375]","[0.75, 1.25]","[0, 1, 2, 3, 4, 5, 6, 7, 8, 9, 10, 11, 12, 13, 14, 15, 16, 17, 18, 19, 20, 21, 22, 23, 24, 25, 26, 27, 28, 29, 30, 31, 32, 33, 34, 35, 36, 37, 38, 39, 40]",False,"[""insufficient_raw_signal_range""]",W1,W1/descending/seed307,0.05,order,1,"[null, null]",,False,False
12,0.9,0.0035181521007530137,0.0002312526354408817,0.006967235949065872,False,0.0074324692524437574,0.012499999999999956,"[0.8875, 0.9125]","[0.75, 1.25]","[0, 1, 2, 3, 4, 5, 6, 7, 8, 9, 10, 11, 12, 13, 14, 15, 16, 17, 18, 19, 20, 21, 22, 23, 24, 25, 26, 27, 28, 29, 30, 31, 32, 33, 34, 35, 36, 37, 38, 39, 40]",False,"[""insufficient_raw_signal_range"", ""insufficient_derivative_prominence""]",W1,W1/descending/seed307,0.05,order,1,"[null, null]",,False,False
15,0.9375,0.04742035053550442,0.04591733581511814,0.02492903596525069,False,0.0074324692524437574,0.012499999999999956,"[0.925, 0.95]","[0.75, 1.25]","[0, 1, 2, 3, 4, 5, 6, 7, 8, 9, 10, 11, 12, 13, 14, 15, 16, 17, 18, 19, 20, 21, 22, 23, 24, 25, 26, 27, 28, 29, 30, 31, 32, 33, 34, 35, 36, 37, 38, 39, 40]",False,"[""insufficient_raw_signal_range""]",W1,W1/descending/seed307,0.05,order,1,"[null, null]",,False,False
21,1.0125,0.0022181570325034983,7.518373605019946e-05,0.01075646753175717,False,0.0074324692524437574,0.012499999999999956,"[1.0, 1.025]","[0.75, 1.25]","[0, 1, 2, 3, 4, 5, 6, 7, 8, 9, 10, 11, 12, 13, 14, 15, 16, 17, 18, 19, 20, 21, 22, 23, 24, 25, 26, 27, 28, 29, 30, 31, 32, 33, 34, 35, 36, 37, 38, 39, 40]",False,"[""insufficient_raw_signal_range"", ""insufficient_derivative_prominence""]",W1,W1/descending/seed307,0.05,order,1,"[null, null]",,False,False
24,1.05,0.0021191358170513652,0.00013205488732204174,0.011596404600797519,False,0.0074324692524437574,0.012499999999999956,"[1.0375, 1.0625]","[0.75, 1.25]","[0, 1, 2, 3, 4, 5, 6, 7, 8, 9, 10, 11, 12, 13, 14, 15, 16, 17, 18, 19, 20, 21, 22, 23, 24, 25, 26, 27, 28, 29, 30, 31, 32, 33, 34, 35, 36, 37, 38, 39, 40]",False,"[""insufficient_raw_signal_range"", ""insufficient_derivative_prominence""]",W1,W1/descending/seed307,0.05,order,1,"[null, null]",,False,False
26,1.075,0.002096566482562956,0.00013180413841329397,0.020038594449635978,False,0.0074324692524437574,0.012499999999999956,"[1.0625, 1.0875]","[0.75, 1.25]","[0, 1, 2, 3, 4, 5, 6, 7, 8, 9, 10, 11, 12, 13, 14, 15, 16, 17, 18, 19, 20, 21, 22, 23, 24, 25, 26, 27, 28, 29, 30, 31, 32, 33, 34, 35, 36, 37, 38, 39, 40]",False,"[""insufficient_raw_signal_range"", ""insufficient_derivative_prominence""]",W1,W1/descending/seed307,0.05,order,1,"[null, null]",,False,False
33,1.1625,0.0012910488217956484,0.00021418018815388962,0.008027080360252785,False,0.0074324692524437574,0.012499999999999956,"[1.15, 1.175]","[0.75, 1.25]","[0, 1, 2, 3, 4, 5, 6, 7, 8, 9, 10, 11, 12, 13, 14, 15, 16, 17, 18, 19, 20, 21, 22, 23, 24, 25, 26, 27, 28, 29, 30, 31, 32, 33, 34, 35, 36, 37, 38, 39, 40]",False,"[""insufficient_raw_signal_range"", ""insufficient_derivative_prominence""]",W1,W1/descending/seed307,0.05,order,1,"[null, null]",,False,False
38,1.225,0.002161874264456465,0.0012045300281320337,0.027978308816358755,False,0.0074324692524437574,0.012499999999999956,"[1.2125, 1.2375]","[0.75, 1.25]","[0, 1, 2, 3, 4, 5, 6, 7, 8, 9, 10, 11, 12, 13, 14, 15, 16, 17, 18, 19, 20, 21, 22, 23, 24, 25, 26, 27, 28, 29, 30, 31, 32, 33, 34, 35, 36, 37, 38, 39, 40]",False,"[""insufficient_raw_signal_range"", ""insufficient_derivative_prominence""]",W1,W1/descending/seed307,0.05,order,1,"[null, null]",,False,False
0,0.75,0.13262830936815484,0.0,,True,0.02776088719195065,0.012499999999999956,"[0.75, 0.7625]","[0.75, 1.25]","[0, 1, 2, 3, 4, 5, 6, 7, 8, 9, 10, 11, 12, 13, 14, 15, 16, 17, 18, 19, 20, 21, 22, 23, 24, 25, 26, 27, 28, 29, 30, 31, 32, 33, 34, 35, 36, 37, 38, 39, 40]",False,"[""endpoint"", ""insufficient_derivative_prominence""]",W1,W1/descending/seed307,0.05,mx,1,"[{""index"": 1, ""h"": 0.775, ""height"": -0.02128596716378517, ""prominence"": 0.09295374594319539, ""width"": 0.016759369306167535, ""endpoint"": false, ""amplitude"": 0.027355478009245825, ""step"": 0.025000000000000022, ""position_support"": [0.75, 0.8], ""full_computation_support"": [0.75, 1.25], ""support_indices"": [0, 1, 2, 3, 4, 5, 6, 7, 8, 9, 10, 11, 12, 13, 14, 15, 16, 17, 18, 19, 20], ""resolved_under_protocol"": true, ""reasons"": [], ""window"": ""W1"", ""chain"": ""W1/descending/seed307"", ""p"": 0.05, ""feature"": ""mx"", ""stride"": 2}, null]",-0.025000000000000022,False,False
4,0.8,0.03217458195040801,0.10592007200349585,0.019334356195292217,False,0.02776088719195065,0.012499999999999956,"[0.7875, 0.8125]","[0.75, 1.25]","[0, 1, 2, 3, 4, 5, 6, 7, 8, 9, 10, 11, 12, 13, 14, 15, 16, 17, 18, 19, 20, 21, 22, 23, 24, 25, 26, 27, 28, 29, 30, 31, 32, 33, 34, 35, 36, 37, 38, 39, 40]",True,[],W1,W1/descending/seed307,0.05,mx,1,"[{""index"": 1, ""h"": 0.775, ""height"": -0.02128596716378517, ""prominence"": 0.09295374594319539, ""width"": 0.016759369306167535, ""endpoint"": false, ""amplitude"": 0.027355478009245825, ""step"": 0.025000000000000022, ""position_support"": [0.75, 0.8], ""full_computation_support"": [0.75, 1.25], ""support_indices"": [0, 1, 2, 3, 4, 5, 6, 7, 8, 9, 10, 11, 12, 13, 14, 15, 16, 17, 18, 19, 20], ""resolved_under_protocol"": true, ""reasons"": [], ""window"": ""W1"", ""chain"": ""W1/descending/seed307"", ""p"": 0.05, ""feature"": ""mx"", ""stride"": 2}, null]",0.025000000000000022,True,False
11,0.8875,0.009494077860870753,0.0010416285274521542,0.007900404273304578,False,0.02776088719195065,0.012499999999999956,"[0.875, 0.9]","[0.75, 1.25]","[0, 1, 2, 3, 4, 5, 6, 7, 8, 9, 10, 11, 12, 13, 14, 15, 16, 17, 18, 19, 20, 21, 22, 23, 24, 25, 26, 27, 28, 29, 30, 31, 32, 33, 34, 35, 36, 37, 38, 39, 40]",False,"[""insufficient_derivative_prominence""]",W1,W1/descending/seed307,0.05,mx,1,"[{""index"": 6, ""h"": 0.9, ""height"": 0.013870278112258494, ""prominence"": 0.2359316376487871, ""width"": 0.07104642061562357, ""endpoint"": false, ""amplitude"": 0.027355478009245825, ""step"": 0.025000000000000022, ""position_support"": [0.875, 0.925], ""full_computation_support"": [0.75, 1.25], ""support_indices"": [0, 1, 2, 3, 4, 5, 6, 7, 8, 9, 10, 11, 12, 13, 14, 15, 16, 17, 18, 19, 20], ""resolved_under_protocol"": true, ""reasons"": [], ""window"": ""W1"", ""chain"": ""W1/descending/seed307"", ""p"": 0.05, ""feature"": ""mx"", ""stride"": 2}, null]",-0.012500000000000067,False,False
13,0.9125,0.018246478363646235,0.45537501437147576,0.08554618302089853,False,0.02776088719195065,0.012499999999999956,"[0.9, 0.925]","[0.75, 1.25]","[0, 1, 2, 3, 4, 5, 6, 7, 8, 9, 10, 11, 12, 13, 14, 15, 16, 17, 18, 19, 20, 21, 22, 23, 24, 25, 26, 27, 28, 29, 30, 31, 32, 33, 34, 35, 36, 37, 38, 39, 40]",True,[],W1,W1/descending/seed307,0.05,mx,1,"[{""index"": 6, ""h"": 0.9, ""height"": 0.013870278112258494, ""prominence"": 0.2359316376487871, ""width"": 0.07104642061562357, ""endpoint"": false, ""amplitude"": 0.027355478009245825, ""step"": 0.025000000000000022, ""position_support"": [0.875, 0.925], ""full_computation_support"": [0.75, 1.25], ""support_indices"": [0, 1, 2, 3, 4, 5, 6, 7, 8, 9, 10, 11, 12, 13, 14, 15, 16, 17, 18, 19, 20], ""resolved_under_protocol"": true, ""reasons"": [], ""window"": ""W1"", ""chain"": ""W1/descending/seed307"", ""p"": 0.05, ""feature"": ""mx"", ""stride"": 2}, null]",0.012499999999999956,True,False
20,1.0,5.803224287503905e-05,0.00025109831159420004,0.007447711799126617,False,0.02776088719195065,0.012499999999999956,"[0.9875, 1.0125]","[0.75, 1.25]","[0, 1, 2, 3, 4, 5, 6, 7, 8, 9, 10, 11, 12, 13, 14, 15, 16, 17, 18, 19, 20, 21, 22, 23, 24, 25, 26, 27, 28, 29, 30, 31, 32, 33, 34, 35, 36, 37, 38, 39, 40]",False,"[""insufficient_derivative_prominence""]",W1,W1/descending/seed307,0.05,mx,1,"[null, null]",,False,False
23,1.0375,0.0007134550285058383,0.002316027264123721,0.07101046135831887,False,0.02776088719195065,0.012499999999999956,"[1.025, 1.05]","[0.75, 1.25]","[0, 1, 2, 3, 4, 5, 6, 7, 8, 9, 10, 11, 12, 13, 14, 15, 16, 17, 18, 19, 20, 21, 22, 23, 24, 25, 26, 27, 28, 29, 30, 31, 32, 33, 34, 35, 36, 37, 38, 39, 40]",False,"[""insufficient_derivative_prominence""]",W1,W1/descending/seed307,0.05,mx,1,"[null, null]",,False,False
28,1.1,0.00013058572440705074,0.000360857452461949,0.007647167725403321,False,0.02776088719195065,0.012499999999999956,"[1.0875, 1.1125]","[0.75, 1.25]","[0, 1, 2, 3, 4, 5, 6, 7, 8, 9, 10, 11, 12, 13, 14, 15, 16, 17, 18, 19, 20, 21, 22, 23, 24, 25, 26, 27, 28, 29, 30, 31, 32, 33, 34, 35, 36, 37, 38, 39, 40]",False,"[""insufficient_derivative_prominence""]",W1,W1/descending/seed307,0.05,mx,1,"[null, null]",,False,False
30,1.125,0.00029339695603747273,0.0018322619854751476,0.05696616016871949,False,0.02776088719195065,0.012499999999999956,"[1.1125, 1.1375]","[0.75, 1.25]","[0, 1, 2, 3, 4, 5, 6, 7, 8, 9, 10, 11, 12, 13, 14, 15, 16, 17, 18, 19, 20, 21, 22, 23, 24, 25, 26, 27, 28, 29, 30, 31, 32, 33, 34, 35, 36, 37, 38, 39, 40]",False,"[""insufficient_derivative_prominence""]",W1,W1/descending/seed307,0.05,mx,1,"[null, null]",,False,False
34,1.175,0.0035304098004049767,0.008157185378436016,0.032234480180391205,False,0.02776088719195065,0.012499999999999956,"[1.1625, 1.1875]","[0.75, 1.25]","[0, 1, 2, 3, 4, 5, 6, 7, 8, 9, 10, 11, 12, 13, 14, 15, 16, 17, 18, 19, 20, 21, 22, 23, 24, 25, 26, 27, 28, 29, 30, 31, 32, 33, 34, 35, 36, 37, 38, 39, 40]",False,"[""insufficient_derivative_prominence""]",W1,W1/descending/seed307,0.05,mx,1,"[null, null]",,False,False
40,1.25,0.0036921223860544305,0.0,,True,0.02776088719195065,0.012499999999999956,"[1.2375, 1.25]","[0.75, 1.25]","[0, 1, 2, 3, 4, 5, 6, 7, 8, 9, 10, 11, 12, 13, 14, 15, 16, 17, 18, 19, 20, 21, 22, 23, 24, 25, 26, 27, 28, 29, 30, 31, 32, 33, 34, 35, 36, 37, 38, 39, 40]",False,"[""endpoint"", ""insufficient_derivative_prominence""]",W1,W1/descending/seed307,0.05,mx,1,"[null, null]",,False,False
15,0.4375,2.655373065771599,0.0,,True,0.23620154737993992,0.012500000000000011,"[0.425, 0.4375]","[0.25, 0.4375]","[0, 1, 2, 3, 4, 5, 6, 7, 8, 9, 10, 11, 12, 13, 14, 15]",False,"[""endpoint"", ""insufficient_derivative_prominence""]",W2,W2/ascending/seed307,0,order,1,"[null, null]",,False,False
19,0.4875,2.66106458726437,0.0,,True,0.26056376369881795,0.012500000000000011,"[0.4875, 0.5]","[0.4875, 0.65]","[19, 20, 21, 22, 23, 24, 25, 26, 27, 28, 29, 30, 31, 32]",False,"[""endpoint"", ""insufficient_derivative_prominence""]",W2,W2/ascending/seed307,0,order,1,"[null, null]",,False,False
15,0.4375,2.04887452805729,0.0,,True,0.2684020474358342,0.012500000000000011,"[0.425, 0.4375]","[0.25, 0.4375]","[0, 1, 2, 3, 4, 5, 6, 7, 8, 9, 10, 11, 12, 13, 14, 15]",False,"[""endpoint"", ""insufficient_derivative_prominence""]",W2,W2/ascending/seed307,0,mx,1,"[null, null]",,False,False
19,0.4875,1.789145899118104,0.0,,True,0.17654881271323997,0.012500000000000011,"[0.4875, 0.5]","[0.4875, 0.65]","[19, 20, 21, 22, 23, 24, 25, 26, 27, 28, 29, 30, 31, 32]",False,"[""endpoint"", ""insufficient_derivative_prominence""]",W2,W2/ascending/seed307,0,mx,1,"[null, null]",,False,False
1,0.2625,0.5754767914634282,1.140746872558175,0.06971117708818031,False,0.04504985587424837,0.012500000000000011,"[0.25, 0.275]","[0.25, 0.4375]","[0, 1, 2, 3, 4, 5, 6, 7, 8, 9, 10, 11, 12, 13, 14, 15]",True,[],W2,W2/ascending/seed307,0.01,order,1,"[null, null]",,False,False
6,0.325,0.07703983531343894,0.070614751244511,0.01812785603651284,False,0.04504985587424837,0.012500000000000011,"[0.3125, 0.3375]","[0.25, 0.4375]","[0, 1, 2, 3, 4, 5, 6, 7, 8, 9, 10, 11, 12, 13, 14, 15]",True,[],W2,W2/ascending/seed307,0.01,order,1,"[null, null]",,False,False
15,0.4375,0.7670658858557147,0.0,,True,0.04504985587424837,0.012500000000000011,"[0.425, 0.4375]","[0.25, 0.4375]","[0, 1, 2, 3, 4, 5, 6, 7, 8, 9, 10, 11, 12, 13, 14, 15]",False,"[""endpoint"", ""insufficient_derivative_prominence""]",W2,W2/ascending/seed307,0.01,order,1,"[null, null]",,False,False
19,0.4875,0.8060526754233095,0.0,,True,0.09258205902729116,0.012500000000000011,"[0.4875, 0.5]","[0.4875, 0.65]","[19, 20, 21, 22, 23, 24, 25, 26, 27, 28, 29, 30, 31, 32]",False,"[""endpoint"", ""insufficient_derivative_prominence""]",W2,W2/ascending/seed307,0.01,order,1,"[null, null]",,False,False
25,0.5625,0.5986745224627956,0.0157824591156821,0.007746246452779988,False,0.09258205902729116,0.012500000000000011,"[0.55, 0.575]","[0.4875, 0.65]","[19, 20, 21, 22, 23, 24, 25, 26, 27, 28, 29, 30, 31, 32]",False,"[""insufficient_derivative_prominence""]",W2,W2/ascending/seed307,0.01,order,1,"[null, null]",,False,False
32,0.65,0.6864870018121891,0.0,,True,0.09258205902729116,0.012500000000000011,"[0.6375, 0.65]","[0.4875, 0.65]","[19, 20, 21, 22, 23, 24, 25, 26, 27, 28, 29, 30, 31, 32]",False,"[""endpoint"", ""insufficient_derivative_prominence""]",W2,W2/ascending/seed307,0.01,order,1,"[null, null]",,False,False
0,0.25,1.2052483167938548,0.0,,True,0.17925219790734265,0.012500000000000011,"[0.25, 0.2625]","[0.25, 0.4375]","[0, 1, 2, 3, 4, 5, 6, 7, 8, 9, 10, 11, 12, 13, 14, 15]",False,"[""endpoint"", ""insufficient_derivative_prominence""]",W2,W2/ascending/seed307,0.01,mx,1,"[null, {""index"": 2, ""h"": 0.35, ""height"": 1.2619199497363918, ""prominence"": 0.7002103768618577, ""width"": 0.06963094859813865, ""endpoint"": false, ""amplitude"": 0.13256048934616566, ""step"": 0.04999999999999999, ""position_support"": [0.3, 0.4], ""full_computation_support"": [0.25, 0.4], ""support_indices"": [0, 1, 2, 3], ""resolved_under_protocol"": true, ""reasons"": [], ""window"": ""W2"", ""chain"": ""W2/ascending/seed307"", ""p"": 0.01, ""feature"": ""mx"", ""stride"": 4}]",,False,False
8,0.35,2.692126007871278,1.8378435278381895,0.024154522506538243,False,0.17925219790734265,0.012500000000000011,"[0.3375, 0.3625]","[0.25, 0.4375]","[0, 1, 2, 3, 4, 5, 6, 7, 8, 9, 10, 11, 12, 13, 14, 15]",True,[],W2,W2/ascending/seed307,0.01,mx,1,"[{""index"": 4, ""h"": 0.35, ""height"": 1.7380220975531402, ""prominence"": 0.8262073362476778, ""width"": 0.044289818069156675, ""endpoint"": false, ""amplitude"": 0.16539639747348323, ""step"": 0.025000000000000022, ""position_support"": [0.325, 0.375], ""full_computation_support"": [0.25, 0.425], ""support_indices"": [0, 1, 2, 3, 4, 5, 6, 7], ""resolved_under_protocol"": true, ""reasons"": [], ""window"": ""W2"", ""chain"": ""W2/ascending/seed307"", ""p"": 0.01, ""feature"": ""mx"", ""stride"": 2}, {""index"": 2, ""h"": 0.35, ""height"": 1.2619199497363918, ""prominence"": 0.7002103768618577, ""width"": 0.06963094859813865, ""endpoint"": false, ""amplitude"": 0.13256048934616566, ""step"": 0.04999999999999999, ""position_support"": [0.3, 0.4], ""full_computation_support"": [0.25, 0.4], ""support_indices"": [0, 1, 2, 3], ""resolved_under_protocol"": true, ""reasons"": [], ""window"": ""W2"", ""chain"": ""W2/ascending/seed307"", ""p"": 0.01, ""feature"": ""mx"", ""stride"": 4}]",0.0,True,True
15,0.4375,1.1234672358708337,0.0,,True,0.17925219790734265,0.012500000000000011,"[0.425, 0.4375]","[0.25, 0.4375]","[0, 1, 2, 3, 4, 5, 6, 7, 8, 9, 10, 11, 12, 13, 14, 15]",False,"[""endpoint"", ""insufficient_derivative_prominence""]",W2,W2/ascending/seed307,0.01,mx,1,"[null, {""index"": 2, ""h"": 0.35, ""height"": 1.2619199497363918, ""prominence"": 0.7002103768618577, ""width"": 0.06963094859813865, ""endpoint"": false, ""amplitude"": 0.13256048934616566, ""step"": 0.04999999999999999, ""position_support"": [0.3, 0.4], ""full_computation_support"": [0.25, 0.4], ""support_indices"": [0, 1, 2, 3], ""resolved_under_protocol"": true, ""reasons"": [], ""window"": ""W2"", ""chain"": ""W2/ascending/seed307"", ""p"": 0.01, ""feature"": ""mx"", ""stride"": 4}]",,False,False
19,0.4875,0.9905474535732566,0.0,,True,0.10935326672723927,0.012500000000000011,"[0.4875, 0.5]","[0.4875, 0.65]","[19, 20, 21, 22, 23, 24, 25, 26, 27, 28, 29, 30, 31, 32]",False,"[""endpoint"", ""insufficient_derivative_prominence""]",W2,W2/ascending/seed307,0.01,mx,1,"[null, null]",,False,False
25,0.5625,1.036705780884688,0.25213747879388215,0.025517311432544265,False,0.10935326672723927,0.012500000000000011,"[0.55, 0.575]","[0.4875, 0.65]","[19, 20, 21, 22, 23, 24, 25, 26, 27, 28, 29, 30, 31, 32]",True,[],W2,W2/ascending/seed307,0.01,mx,1,"[{""index"": 12, ""h"": 0.55, ""height"": 0.910637041487746, ""prominence"": 0.08267689216244367, ""width"": 0.021691913298865335, ""endpoint"": false, ""amplitude"": 0.09242472285016434, ""step"": 0.025000000000000022, ""position_support"": [0.525, 0.575], ""full_computation_support"": [0.5, 0.65], ""support_indices"": [10, 11, 12, 13, 14, 15, 16], ""resolved_under_protocol"": true, ""reasons"": [], ""window"": ""W2"", ""chain"": ""W2/ascending/seed307"", ""p"": 0.01, ""feature"": ""mx"", ""stride"": 2}, null]",0.012499999999999956,True,False
1,0.2625,0.025002464516009404,0.06320213120791696,0.029898364096701095,False,0.004024063448124726,0.012500000000000011,"[0.25, 0.275]","[0.25, 0.4375]","[0, 1, 2, 3, 4, 5, 6, 7, 8, 9, 10, 11, 12, 13, 14, 15]",False,"[""insufficient_raw_signal_range""]",W2,W2/ascending/seed307,0.05,order,1,"[null, null]",,False,False
4,0.3,-0.009785194557676569,0.00038472762837216123,0.017883170594760692,False,0.004024063448124726,0.012500000000000011,"[0.2875, 0.3125]","[0.25, 0.4375]","[0, 1, 2, 3, 4, 5, 6, 7, 8, 9, 10, 11, 12, 13, 14, 15]",False,"[""insufficient_raw_signal_range"", ""insufficient_derivative_prominence""]",W2,W2/ascending/seed307,0.05,order,1,"[null, null]",,False,False
6,0.325,-0.009970431995831142,2.14600960850575e-05,0.006251085644620941,False,0.004024063448124726,0.012500000000000011,"[0.3125, 0.3375]","[0.25, 0.4375]","[0, 1, 2, 3, 4, 5, 6, 7, 8, 9, 10, 11, 12, 13, 14, 15]",False,"[""insufficient_raw_signal_range"", ""insufficient_derivative_prominence""]",W2,W2/ascending/seed307,0.05,order,1,"[null, null]",,False,False
15,0.4375,0.0010091976405455227,0.0,,True,0.004024063448124726,0.012500000000000011,"[0.425, 0.4375]","[0.25, 0.4375]","[0, 1, 2, 3, 4, 5, 6, 7, 8, 9, 10, 11, 12, 13, 14, 15]",False,"[""endpoint"", ""insufficient_raw_signal_range"", ""insufficient_derivative_prominence""]",W2,W2/ascending/seed307,0.05,order,1,"[null, null]",,False,False
22,0.525,0.004206796399080837,0.00023197764058924264,0.008104041262196361,False,0.0029557602558580864,0.012500000000000011,"[0.5125, 0.5375]","[0.4875, 0.65]","[19, 20, 21, 22, 23, 24, 25, 26, 27, 28, 29, 30, 31, 32]",False,"[""insufficient_raw_signal_range"", ""insufficient_derivative_prominence""]",W2,W2/ascending/seed307,0.05,order,1,"[null, null]",,False,False
25,0.5625,0.022620880044412317,0.0009627440608328541,0.006576757817463991,False,0.0029557602558580864,0.012500000000000011,"[0.55, 0.575]","[0.4875, 0.65]","[19, 20, 21, 22, 23, 24, 25, 26, 27, 28, 29, 30, 31, 32]",False,"[""insufficient_raw_signal_range"", ""insufficient_derivative_prominence""]",W2,W2/ascending/seed307,0.05,order,1,"[null, null]",,False,False
28,0.6,0.023005331651081207,0.01230892145361473,0.047666711956057685,False,0.0029557602558580864,0.012500000000000011,"[0.5875, 0.6125]","[0.4875, 0.65]","[19, 20, 21, 22, 23, 24, 25, 26, 27, 28, 29, 30, 31, 32]",False,"[""insufficient_raw_signal_range"", ""insufficient_derivative_prominence""]",W2,W2/ascending/seed307,0.05,order,1,"[null, null]",,False,False
32,0.65,0.12955676995990295,0.0,,True,0.0029557602558580864,0.012500000000000011,"[0.6375, 0.65]","[0.4875, 0.65]","[19, 20, 21, 22, 23, 24, 25, 26, 27, 28, 29, 30, 31, 32]",False,"[""endpoint"", ""insufficient_raw_signal_range"", ""insufficient_derivative_prominence""]",W2,W2/ascending/seed307,0.05,order,1,"[null, null]",,False,False
0,0.25,0.16420415113928483,0.0,,True,0.02200777100674684,0.012500000000000011,"[0.25, 0.2625]","[0.25, 0.4375]","[0, 1, 2, 3, 4, 5, 6, 7, 8, 9, 10, 11, 12, 13, 14, 15]",False,"[""endpoint"", ""insufficient_derivative_prominence""]",W2,W2/ascending/seed307,0.05,mx,1,"[null, null]",,False,False
8,0.35,0.5109640862810454,0.4306119243628971,0.02419949969447831,False,0.02200777100674684,0.012500000000000011,"[0.3375, 0.3625]","[0.25, 0.4375]","[0, 1, 2, 3, 4, 5, 6, 7, 8, 9, 10, 11, 12, 13, 14, 15]",True,[],W2,W2/ascending/seed307,0.05,mx,1,"[{""index"": 4, ""h"": 0.35, ""height"": 0.28666860993011944, ""prominence"": 0.20098428031938437, ""width"": 0.045908281119628774, ""endpoint"": false, ""amplitude"": 0.020687172878199597, ""step"": 0.025000000000000022, ""position_support"": [0.325, 0.375], ""full_computation_support"": [0.25, 0.425], ""support_indices"": [0, 1, 2, 3, 4, 5, 6, 7], ""resolved_under_protocol"": true, ""reasons"": [], ""window"": ""W2"", ""chain"": ""W2/ascending/seed307"", ""p"": 0.05, ""feature"": ""mx"", ""stride"": 2}, null]",0.0,True,False
15,0.4375,0.10813639373155493,0.0,,True,0.02200777100674684,0.012500000000000011,"[0.425, 0.4375]","[0.25, 0.4375]","[0, 1, 2, 3, 4, 5, 6, 7, 8, 9, 10, 11, 12, 13, 14, 15]",False,"[""endpoint"", ""insufficient_derivative_prominence""]",W2,W2/ascending/seed307,0.05,mx,1,"[null, null]",,False,False
19,0.4875,0.09555918927526563,0.0,,True,0.02010325837435055,0.012500000000000011,"[0.4875, 0.5]","[0.4875, 0.65]","[19, 20, 21, 22, 23, 24, 25, 26, 27, 28, 29, 30, 31, 32]",False,"[""endpoint"", ""insufficient_derivative_prominence""]",W2,W2/ascending/seed307,0.05,mx,1,"[null, null]",,False,False
25,0.5625,0.2675372041061579,0.18651084620778247,0.0335105255612957,False,0.02010325837435055,0.012500000000000011,"[0.55, 0.575]","[0.4875, 0.65]","[19, 20, 21, 22, 23, 24, 25, 26, 27, 28, 29, 30, 31, 32]",True,[],W2,W2/ascending/seed307,0.05,mx,1,"[null, null]",,False,False
29,0.6125,0.15476763643099556,0.03634534383704291,0.020377297565994552,False,0.02010325837435055,0.012500000000000011,"[0.6, 0.625]","[0.4875, 0.65]","[19, 20, 21, 22, 23, 24, 25, 26, 27, 28, 29, 30, 31, 32]",True,[],W2,W2/ascending/seed307,0.05,mx,1,"[null, null]",,False,False
15,0.4375,2.655117883100175,0.0,,True,0.23619511808882043,0.012500000000000011,"[0.425, 0.4375]","[0.25, 0.4375]","[0, 1, 2, 3, 4, 5, 6, 7, 8, 9, 10, 11, 12, 13, 14, 15]",False,"[""endpoint"", ""insufficient_derivative_prominence""]",W2,W2/descending/seed307,0,order,1,"[null, null]",,False,False
19,0.4875,2.652913977303051,0.0,,True,0.15964726026101334,0.012500000000000011,"[0.4875, 0.5]","[0.4875, 0.5625]","[19, 20, 21, 22, 23, 24, 25]",False,"[""endpoint"", ""insufficient_derivative_prominence""]",W2,W2/descending/seed307,0,order,1,"[null, null]",,False,False
32,0.65,0.7526196464972301,0.0,,True,0.024751824894960306,0.012500000000000011,"[0.6375, 0.65]","[0.6125, 0.65]","[29, 30, 31, 32]",False,"[""endpoint"", ""insufficient_derivative_prominence""]",W2,W2/descending/seed307,0,order,1,"[null, null]",,False,False
15,0.4375,2.0484461972485235,0.0,,True,0.26842139856093944,0.012500000000000011,"[0.425, 0.4375]","[0.25, 0.4375]","[0, 1, 2, 3, 4, 5, 6, 7, 8, 9, 10, 11, 12, 13, 14, 15]",False,"[""endpoint"", ""insufficient_derivative_prominence""]",W2,W2/descending/seed307,0,mx,1,"[null, null]",,False,False
19,0.4875,1.7842706056883024,0.0,,True,0.10544180578305618,0.012500000000000011,"[0.4875, 0.5]","[0.4875, 0.5625]","[19, 20, 21, 22, 23, 24, 25]",False,"[""endpoint"", ""insufficient_derivative_prominence""]",W2,W2/descending/seed307,0,mx,1,"[null, null]",,False,False
29,0.6125,0.6321894693241923,0.0,,True,0.02303806174613554,0.012500000000000011,"[0.6125, 0.625]","[0.6125, 0.65]","[29, 30, 31, 32]",False,"[""endpoint"", ""insufficient_derivative_prominence""]",W2,W2/descending/seed307,0,mx,1,"[null, null]",,False,False
14,0.425,0.5489109705154558,0.02935868033109834,0.017891433094982305,False,0.048078948187798176,0.012500000000000011,"[0.4125, 0.4375]","[0.25, 0.4375]","[0, 1, 2, 3, 4, 5, 6, 7, 8, 9, 10, 11, 12, 13, 14, 15]",True,[],W2,W2/descending/seed307,0.01,order,1,"[null, null]",,False,False
19,0.4875,0.741444389504311,0.0,,True,0.04690791222523544,0.012500000000000011,"[0.4875, 0.5]","[0.4875, 0.5625]","[19, 20, 21, 22, 23, 24, 25]",False,"[""endpoint"", ""insufficient_derivative_prominence""]",W2,W2/descending/seed307,0.01,order,1,"[null, null]",,False,False
22,0.525,0.7394184364332066,0.022416561736147145,0.01209022387008961,False,0.04690791222523544,0.012500000000000011,"[0.5125, 0.5375]","[0.4875, 0.5625]","[19, 20, 21, 22, 23, 24, 25]",True,[],W2,W2/descending/seed307,0.01,order,1,"[null, null]",,False,False
30,0.625,0.14464230255832078,0.0006514219975048974,0.006347519385009404,False,0.004376276966254117,0.012500000000000011,"[0.6125, 0.6375]","[0.6125, 0.65]","[29, 30, 31, 32]",False,"[""insufficient_raw_signal_range"", ""insufficient_derivative_prominence""]",W2,W2/descending/seed307,0.01,order,1,"[null, null]",,False,False
15,0.4375,1.0383763568713142,0.0,,True,0.11221286179240908,0.012500000000000011,"[0.425, 0.4375]","[0.25, 0.4375]","[0, 1, 2, 3, 4, 5, 6, 7, 8, 9, 10, 11, 12, 13, 14, 15]",False,"[""endpoint"", ""insufficient_derivative_prominence""]",W2,W2/descending/seed307,0.01,mx,1,"[null, null]",,False,False
20,0.5,0.760369400663814,0.00807202736539736,0.00670808279983296,False,0.04843764031395409,0.012500000000000011,"[0.4875, 0.5125]","[0.4875, 0.5625]","[19, 20, 21, 22, 23, 24, 25]",False,"[""insufficient_derivative_prominence""]",W2,W2/descending/seed307,0.01,mx,1,"[null, null]",,False,False
25,0.5625,0.9508012992394796,0.0,,True,0.04843764031395409,0.012500000000000011,"[0.55, 0.5625]","[0.4875, 0.5625]","[19, 20, 21, 22, 23, 24, 25]",False,"[""endpoint"", ""insufficient_derivative_prominence""]",W2,W2/descending/seed307,0.01,mx,1,"[null, null]",,False,False
32,0.65,1.955625415765553,0.0,,True,0.03053443430896513,0.012500000000000011,"[0.6375, 0.65]","[0.6125, 0.65]","[29, 30, 31, 32]",False,"[""endpoint"", ""insufficient_derivative_prominence""]",W2,W2/descending/seed307,0.01,mx,1,"[null, null]",,False,False
11,0.3875,0.0012067937540161111,0.0077092062667301064,0.07820918636695547,False,0.0005132536331309834,0.012500000000000011,"[0.375, 0.4]","[0.25, 0.4375]","[0, 1, 2, 3, 4, 5, 6, 7, 8, 9, 10, 11, 12, 13, 14, 15]",False,"[""insufficient_raw_signal_range"", ""insufficient_derivative_prominence""]",W2,W2/descending/seed307,0.05,order,1,"[null, null]",,False,False
13,0.4125,0.0011323466121657688,0.0004254119008537671,0.0070350681968979045,False,0.0005132536331309834,0.012500000000000011,"[0.4, 0.425]","[0.25, 0.4375]","[0, 1, 2, 3, 4, 5, 6, 7, 8, 9, 10, 11, 12, 13, 14, 15]",False,"[""insufficient_raw_signal_range"", ""insufficient_derivative_prominence""]",W2,W2/descending/seed307,0.05,order,1,"[null, null]",,False,False
22,0.525,0.022786615225881768,0.018826970928196296,0.022629024816832204,False,0.0007785643168383705,0.012500000000000011,"[0.5125, 0.5375]","[0.4875, 0.5625]","[19, 20, 21, 22, 23, 24, 25]",False,"[""insufficient_raw_signal_range"", ""insufficient_derivative_prominence""]",W2,W2/descending/seed307,0.05,order,1,"[null, null]",,False,False
29,0.6125,-0.0027053820699505238,0.0,,True,0.000474450659636666,0.012500000000000011,"[0.6125, 0.625]","[0.6125, 0.65]","[29, 30, 31, 32]",False,"[""endpoint"", ""insufficient_raw_signal_range"", ""insufficient_derivative_prominence""]",W2,W2/descending/seed307,0.05,order,1,"[null, null]",,False,False
0,0.25,0.034394228173146524,0.0,,True,0.005325776219960823,0.012500000000000011,"[0.25, 0.2625]","[0.25, 0.4375]","[0, 1, 2, 3, 4, 5, 6, 7, 8, 9, 10, 11, 12, 13, 14, 15]",False,"[""endpoint"", ""insufficient_raw_signal_range"", ""insufficient_derivative_prominence""]",W2,W2/descending/seed307,0.05,mx,1,"[null, null]",,False,False
7,0.3375,0.025021579283592776,0.00022269167288907488,0.006727168734520112,False,0.005325776219960823,0.012500000000000011,"[0.325, 0.35]","[0.25, 0.4375]","[0, 1, 2, 3, 4, 5, 6, 7, 8, 9, 10, 11, 12, 13, 14, 15]",False,"[""insufficient_raw_signal_range"", ""insufficient_derivative_prominence""]",W2,W2/descending/seed307,0.05,mx,1,"[null, null]",,False,False
15,0.4375,0.09548026735570647,0.0,,True,0.005325776219960823,0.012500000000000011,"[0.425, 0.4375]","[0.25, 0.4375]","[0, 1, 2, 3, 4, 5, 6, 7, 8, 9, 10, 11, 12, 13, 14, 15]",False,"[""endpoint"", ""insufficient_raw_signal_range"", ""insufficient_derivative_prominence""]",W2,W2/descending/seed307,0.05,mx,1,"[null, null]",,False,False
20,0.5,0.04317103592098781,0.016725009142429914,0.009370334903695127,False,0.003212391468763596,0.012500000000000011,"[0.4875, 0.5125]","[0.4875, 0.5625]","[19, 20, 21, 22, 23, 24, 25]",False,"[""insufficient_raw_signal_range"", ""insufficient_derivative_prominence""]",W2,W2/descending/seed307,0.05,mx,1,"[null, null]",,False,False
25,0.5625,0.17428530456649227,0.0,,True,0.003212391468763596,0.012500000000000011,"[0.55, 0.5625]","[0.4875, 0.5625]","[19, 20, 21, 22, 23, 24, 25]",False,"[""endpoint"", ""insufficient_raw_signal_range"", ""insufficient_derivative_prominence""]",W2,W2/descending/seed307,0.05,mx,1,"[null, null]",,False,False
32,0.65,0.4625911488201724,0.0,,True,0.005426941180114209,0.012500000000000011,"[0.6375, 0.65]","[0.6125, 0.65]","[29, 30, 31, 32]",False,"[""endpoint"", ""insufficient_raw_signal_range"", ""insufficient_derivative_prominence""]",W2,W2/descending/seed307,0.05,mx,1,"[null, null]",,False,False
14,0.525,0.6136469719002982,0.004934423058333692,0.007292267977430328,False,0.22566498686779893,0.012500000000000011,"[0.5125, 0.5375]","[0.35, 0.85]","[0, 1, 2, 3, 4, 5, 6, 7, 8, 9, 10, 11, 12, 13, 14, 15, 16, 17, 18, 19, 20, 21, 22, 23, 24, 25, 26, 27, 28, 29, 30, 31, 32, 33, 34, 35, 36, 37, 38, 39, 40]",False,"[""insufficient_derivative_prominence""]",W3,W3/ascending/seed101,0,order,1,"[{""index"": 9, ""h"": 0.575, ""height"": 0.6345956219517284, ""prominence"": 0.3800616530093901, ""width"": 0.2570897747503462, ""endpoint"": false, ""amplitude"": 0.22566498686779893, ""step"": 0.025000000000000022, ""position_support"": [0.55, 0.6], ""full_computation_support"": [0.35, 0.85], ""support_indices"": [0, 1, 2, 3, 4, 5, 6, 7, 8, 9, 10, 11, 12, 13, 14, 15, 16, 17, 18, 19, 20], ""resolved_under_protocol"": true, ""reasons"": [], ""window"": ""W3"", ""chain"": ""W3/ascending/seed101"", ""p"": 0, ""feature"": ""order"", ""stride"": 2}, {""index"": 5, ""h"": 0.6, ""height"": 0.6186288282487391, ""prominence"": 0.36744783344683274, ""width"": 0.2680471062180629, ""endpoint"": false, ""amplitude"": 0.22566498686779893, ""step"": 0.050000000000000044, ""position_support"": [0.55, 0.65], ""full_computation_support"": [0.35, 0.85], ""support_indices"": [0, 1, 2, 3, 4, 5, 6, 7, 8, 9, 10], ""resolved_under_protocol"": true, ""reasons"": [], ""window"": ""W3"", ""chain"": ""W3/ascending/seed101"", ""p"": 0, ""feature"": ""order"", ""stride"": 4}]",-0.04999999999999993,False,False
18,0.575,0.6373182286432151,0.38188155550832725,0.25525385193054456,False,0.22566498686779893,0.012500000000000011,"[0.5625, 0.5875]","[0.35, 0.85]","[0, 1, 2, 3, 4, 5, 6, 7, 8, 9, 10, 11, 12, 13, 14, 15, 16, 17, 18, 19, 20, 21, 22, 23, 24, 25, 26, 27, 28, 29, 30, 31, 32, 33, 34, 35, 36, 37, 38, 39, 40]",True,[],W3,W3/ascending/seed101,0,order,1,"[{""index"": 9, ""h"": 0.575, ""height"": 0.6345956219517284, ""prominence"": 0.3800616530093901, ""width"": 0.2570897747503462, ""endpoint"": false, ""amplitude"": 0.22566498686779893, ""step"": 0.025000000000000022, ""position_support"": [0.55, 0.6], ""full_computation_support"": [0.35, 0.85], ""support_indices"": [0, 1, 2, 3, 4, 5, 6, 7, 8, 9, 10, 11, 12, 13, 14, 15, 16, 17, 18, 19, 20], ""resolved_under_protocol"": true, ""reasons"": [], ""window"": ""W3"", ""chain"": ""W3/ascending/seed101"", ""p"": 0, ""feature"": ""order"", ""stride"": 2}, {""index"": 5, ""h"": 0.6, ""height"": 0.6186288282487391, ""prominence"": 0.36744783344683274, ""width"": 0.2680471062180629, ""endpoint"": false, ""amplitude"": 0.22566498686779893, ""step"": 0.050000000000000044, ""position_support"": [0.55, 0.65], ""full_computation_support"": [0.35, 0.85], ""support_indices"": [0, 1, 2, 3, 4, 5, 6, 7, 8, 9, 10], ""resolved_under_protocol"": true, ""reasons"": [], ""window"": ""W3"", ""chain"": ""W3/ascending/seed101"", ""p"": 0, ""feature"": ""order"", ""stride"": 4}]",0.0,True,True
14,0.525,1.5271917320462975,0.4666122613345731,0.16406900362130838,False,0.5303991232168599,0.012500000000000011,"[0.5125, 0.5375]","[0.35, 0.85]","[0, 1, 2, 3, 4, 5, 6, 7, 8, 9, 10, 11, 12, 13, 14, 15, 16, 17, 18, 19, 20, 21, 22, 23, 24, 25, 26, 27, 28, 29, 30, 31, 32, 33, 34, 35, 36, 37, 38, 39, 40]",True,[],W3,W3/ascending/seed101,0,mx,1,"[{""index"": 7, ""h"": 0.525, ""height"": 1.492176488767397, ""prominence"": 0.44713057889345986, ""width"": 0.17742789472210244, ""endpoint"": false, ""amplitude"": 0.5303991232168599, ""step"": 0.025000000000000022, ""position_support"": [0.5, 0.55], ""full_computation_support"": [0.35, 0.85], ""support_indices"": [0, 1, 2, 3, 4, 5, 6, 7, 8, 9, 10, 11, 12, 13, 14, 15, 16, 17, 18, 19, 20], ""resolved_under_protocol"": true, ""reasons"": [], ""window"": ""W3"", ""chain"": ""W3/ascending/seed101"", ""p"": 0, ""feature"": ""mx"", ""stride"": 2}, {""index"": 3, ""h"": 0.5, ""height"": 1.4473233011151314, ""prominence"": 0.4119220236017367, ""width"": 0.19015263540381672, ""endpoint"": false, ""amplitude"": 0.5303991232168599, ""step"": 0.050000000000000044, ""position_support"": [0.45, 0.55], ""full_computation_support"": [0.35, 0.85], ""support_indices"": [0, 1, 2, 3, 4, 5, 6, 7, 8, 9, 10], ""resolved_under_protocol"": true, ""reasons"": [], ""window"": ""W3"", ""chain"": ""W3/ascending/seed101"", ""p"": 0, ""feature"": ""mx"", ""stride"": 4}]",0.0,True,True
14,0.525,0.302760553398711,0.20947547905905672,0.12254262110013378,False,0.08327311629606457,0.012500000000000011,"[0.5125, 0.5375]","[0.35, 0.85]","[0, 1, 2, 3, 4, 5, 6, 7, 8, 9, 10, 11, 12, 13, 14, 15, 16, 17, 18, 19, 20, 21, 22, 23, 24, 25, 26, 27, 28, 29, 30, 31, 32, 33, 34, 35, 36, 37, 38, 39, 40]",True,[],W3,W3/ascending/seed101,0.01,order,1,"[{""index"": 7, ""h"": 0.525, ""height"": 0.25477738305443065, ""prominence"": 0.16150728548851934, ""width"": 0.23074172710213733, ""endpoint"": false, ""amplitude"": 0.08145591854811482, ""step"": 0.025000000000000022, ""position_support"": [0.5, 0.55], ""full_computation_support"": [0.35, 0.85], ""support_indices"": [0, 1, 2, 3, 4, 5, 6, 7, 8, 9, 10, 11, 12, 13, 14, 15, 16, 17, 18, 19, 20], ""resolved_under_protocol"": true, ""reasons"": [], ""window"": ""W3"", ""chain"": ""W3/ascending/seed101"", ""p"": 0.01, ""feature"": ""order"", ""stride"": 2}, {""index"": 4, ""h"": 0.55, ""height"": 0.23610559779428852, ""prominence"": 0.14343906850407206, ""width"": 0.24098494861646, ""endpoint"": false, ""amplitude"": 0.08040863708209542, ""step"": 0.050000000000000044, ""position_support"": [0.5, 0.6], ""full_computation_support"": [0.35, 0.85], ""support_indices"": [0, 1, 2, 3, 4, 5, 6, 7, 8, 9, 10], ""resolved_under_protocol"": true, ""reasons"": [], ""window"": ""W3"", ""chain"": ""W3/ascending/seed101"", ""p"": 0.01, ""feature"": ""order"", ""stride"": 4}]",0.0,True,True
16,0.55,0.220839673115778,0.0007712708487321862,0.014413207982583134,False,0.08327311629606457,0.012500000000000011,"[0.5375, 0.5625]","[0.35, 0.85]","[0, 1, 2, 3, 4, 5, 6, 7, 8, 9, 10, 11, 12, 13, 14, 15, 16, 17, 18, 19, 20, 21, 22, 23, 24, 25, 26, 27, 28, 29, 30, 31, 32, 33, 34, 35, 36, 37, 38, 39, 40]",False,"[""insufficient_derivative_prominence""]",W3,W3/ascending/seed101,0.01,order,1,"[{""index"": 7, ""h"": 0.525, ""height"": 0.25477738305443065, ""prominence"": 0.16150728548851934, ""width"": 0.23074172710213733, ""endpoint"": false, ""amplitude"": 0.08145591854811482, ""step"": 0.025000000000000022, ""position_support"": [0.5, 0.55], ""full_computation_support"": [0.35, 0.85], ""support_indices"": [0, 1, 2, 3, 4, 5, 6, 7, 8, 9, 10, 11, 12, 13, 14, 15, 16, 17, 18, 19, 20], ""resolved_under_protocol"": true, ""reasons"": [], ""window"": ""W3"", ""chain"": ""W3/ascending/seed101"", ""p"": 0.01, ""feature"": ""order"", ""stride"": 2}, {""index"": 4, ""h"": 0.55, ""height"": 0.23610559779428852, ""prominence"": 0.14343906850407206, ""width"": 0.24098494861646, ""endpoint"": false, ""amplitude"": 0.08040863708209542, ""step"": 0.050000000000000044, ""position_support"": [0.5, 0.6], ""full_computation_support"": [0.35, 0.85], ""support_indices"": [0, 1, 2, 3, 4, 5, 6, 7, 8, 9, 10], ""resolved_under_protocol"": true, ""reasons"": [], ""window"": ""W3"", ""chain"": ""W3/ascending/seed101"", ""p"": 0.01, ""feature"": ""order"", ""stride"": 4}]",0.025000000000000022,False,False
0,0.35,2.9766670342952066,0.0,,True,0.286122642577892,0.012500000000000011,"[0.35, 0.3625]","[0.35, 0.85]","[0, 1, 2, 3, 4, 5, 6, 7, 8, 9, 10, 11, 12, 13, 14, 15, 16, 17, 18, 19, 20, 21, 22, 23, 24, 25, 26, 27, 28, 29, 30, 31, 32, 33, 34, 35, 36, 37, 38, 39, 40]",False,"[""endpoint"", ""insufficient_derivative_prominence""]",W3,W3/ascending/seed101,0.01,mx,1,"[null, null]",,False,False
12,0.5,0.7364790045064051,0.21614691572917444,0.07251328880044468,False,0.286122642577892,0.012500000000000011,"[0.4875, 0.5125]","[0.35, 0.85]","[0, 1, 2, 3, 4, 5, 6, 7, 8, 9, 10, 11, 12, 13, 14, 15, 16, 17, 18, 19, 20, 21, 22, 23, 24, 25, 26, 27, 28, 29, 30, 31, 32, 33, 34, 35, 36, 37, 38, 39, 40]",True,[],W3,W3/ascending/seed101,0.01,mx,1,"[{""index"": 5, ""h"": 0.475, ""height"": 0.6928605958014682, ""prominence"": 0.13350186450116608, ""width"": 0.07652075796077235, ""endpoint"": false, ""amplitude"": 0.286122642577892, ""step"": 0.025000000000000022, ""position_support"": [0.45, 0.5], ""full_computation_support"": [0.35, 0.85], ""support_indices"": [0, 1, 2, 3, 4, 5, 6, 7, 8, 9, 10, 11, 12, 13, 14, 15, 16, 17, 18, 19, 20], ""resolved_under_protocol"": true, ""reasons"": [], ""window"": ""W3"", ""chain"": ""W3/ascending/seed101"", ""p"": 0.01, ""feature"": ""mx"", ""stride"": 2}, null]",0.025000000000000022,True,False
16,0.55,0.569382562669313,0.03967339839851647,0.07823547892741907,False,0.286122642577892,0.012500000000000011,"[0.5375, 0.5625]","[0.35, 0.85]","[0, 1, 2, 3, 4, 5, 6, 7, 8, 9, 10, 11, 12, 13, 14, 15, 16, 17, 18, 19, 20, 21, 22, 23, 24, 25, 26, 27, 28, 29, 30, 31, 32, 33, 34, 35, 36, 37, 38, 39, 40]",True,[],W3,W3/ascending/seed101,0.01,mx,1,"[null, null]",,False,False
2,0.375,0.00688980074434653,0.005310212548918614,0.08597988946846938,False,0.001348665984476194,0.012500000000000011,"[0.3625, 0.3875]","[0.35, 0.85]","[0, 1, 2, 3, 4, 5, 6, 7, 8, 9, 10, 11, 12, 13, 14, 15, 16, 17, 18, 19, 20, 21, 22, 23, 24, 25, 26, 27, 28, 29, 30, 31, 32, 33, 34, 35, 36, 37, 38, 39, 40]",False,"[""insufficient_raw_signal_range"", ""insufficient_derivative_prominence""]",W3,W3/ascending/seed101,0.05,order,1,"[null, null]",,False,False
14,0.525,0.012488388355486713,0.014083062900517085,0.031352086766213885,False,0.001348665984476194,0.012500000000000011,"[0.5125, 0.5375]","[0.35, 0.85]","[0, 1, 2, 3, 4, 5, 6, 7, 8, 9, 10, 11, 12, 13, 14, 15, 16, 17, 18, 19, 20, 21, 22, 23, 24, 25, 26, 27, 28, 29, 30, 31, 32, 33, 34, 35, 36, 37, 38, 39, 40]",False,"[""insufficient_raw_signal_range"", ""insufficient_derivative_prominence""]",W3,W3/ascending/seed101,0.05,order,1,"[null, null]",,False,False
40,0.85,0.0012908764385990423,0.0,,True,0.001348665984476194,0.012500000000000011,"[0.8375, 0.85]","[0.35, 0.85]","[0, 1, 2, 3, 4, 5, 6, 7, 8, 9, 10, 11, 12, 13, 14, 15, 16, 17, 18, 19, 20, 21, 22, 23, 24, 25, 26, 27, 28, 29, 30, 31, 32, 33, 34, 35, 36, 37, 38, 39, 40]",False,"[""endpoint"", ""insufficient_raw_signal_range"", ""insufficient_derivative_prominence""]",W3,W3/ascending/seed101,0.05,order,1,"[null, null]",,False,False
0,0.35,0.41418413174756685,0.0,,True,0.02711049835144207,0.012500000000000011,"[0.35, 0.3625]","[0.35, 0.85]","[0, 1, 2, 3, 4, 5, 6, 7, 8, 9, 10, 11, 12, 13, 14, 15, 16, 17, 18, 19, 20, 21, 22, 23, 24, 25, 26, 27, 28, 29, 30, 31, 32, 33, 34, 35, 36, 37, 38, 39, 40]",False,"[""endpoint"", ""insufficient_derivative_prominence""]",W3,W3/ascending/seed101,0.05,mx,1,"[null, null]",,False,False
12,0.5,0.0722968546024666,0.037060337199773974,0.05636001705750185,False,0.02711049835144207,0.012500000000000011,"[0.4875, 0.5125]","[0.35, 0.85]","[0, 1, 2, 3, 4, 5, 6, 7, 8, 9, 10, 11, 12, 13, 14, 15, 16, 17, 18, 19, 20, 21, 22, 23, 24, 25, 26, 27, 28, 29, 30, 31, 32, 33, 34, 35, 36, 37, 38, 39, 40]",True,[],W3,W3/ascending/seed101,0.05,mx,1,"[{""index"": 5, ""h"": 0.475, ""height"": 0.06227491668576851, ""prominence"": 0.021952216466028796, ""width"": 0.06094714056170657, ""endpoint"": false, ""amplitude"": 0.02711049835144207, ""step"": 0.025000000000000022, ""position_support"": [0.45, 0.5], ""full_computation_support"": [0.35, 0.85], ""support_indices"": [0, 1, 2, 3, 4, 5, 6, 7, 8, 9, 10, 11, 12, 13, 14, 15, 16, 17, 18, 19, 20], ""resolved_under_protocol"": true, ""reasons"": [], ""window"": ""W3"", ""chain"": ""W3/ascending/seed101"", ""p"": 0.05, ""feature"": ""mx"", ""stride"": 2}, null]",0.025000000000000022,True,False
33,0.7625,0.06499507209661304,0.009453837763751638,0.10441337842775221,False,0.02711049835144207,0.012500000000000011,"[0.75, 0.775]","[0.35, 0.85]","[0, 1, 2, 3, 4, 5, 6, 7, 8, 9, 10, 11, 12, 13, 14, 15, 16, 17, 18, 19, 20, 21, 22, 23, 24, 25, 26, 27, 28, 29, 30, 31, 32, 33, 34, 35, 36, 37, 38, 39, 40]",False,"[""insufficient_derivative_prominence""]",W3,W3/ascending/seed101,0.05,mx,1,"[null, null]",,False,False
19,0.5875,0.6650367242898554,0.0,,True,0.1039780275146146,0.012500000000000011,"[0.575, 0.5875]","[0.35, 0.5875]","[0, 1, 2, 3, 4, 5, 6, 7, 8, 9, 10, 11, 12, 13, 14, 15, 16, 17, 18, 19]",False,"[""endpoint"", ""insufficient_derivative_prominence""]",W3,W3/descending/seed101,0,order,1,"[null, null]",,False,False
27,0.6875,0.5214556218891921,0.0,,True,0.06127634905337667,0.012500000000000011,"[0.6875, 0.7]","[0.6875, 0.85]","[27, 28, 29, 30, 31, 32, 33, 34, 35, 36, 37, 38, 39, 40]",False,"[""endpoint"", ""insufficient_derivative_prominence""]",W3,W3/descending/seed101,0,order,1,"[null, null]",,False,False
15,0.5375,1.4684090715964047,0.059298890648484814,0.07082683210723302,False,0.31400456837684765,0.012500000000000011,"[0.525, 0.55]","[0.35, 0.5875]","[0, 1, 2, 3, 4, 5, 6, 7, 8, 9, 10, 11, 12, 13, 14, 15, 16, 17, 18, 19]",True,[],W3,W3/descending/seed101,0,mx,1,"[{""index"": 7, ""h"": 0.525, ""height"": 1.4623769521321144, ""prominence"": 0.021219226995054186, ""width"": 0.045995993101296935, ""endpoint"": false, ""amplitude"": 0.2962534441062248, ""step"": 0.025000000000000022, ""position_support"": [0.5, 0.55], ""full_computation_support"": [0.35, 0.575], ""support_indices"": [0, 1, 2, 3, 4, 5, 6, 7, 8, 9], ""resolved_under_protocol"": true, ""reasons"": [], ""window"": ""W3"", ""chain"": ""W3/descending/seed101"", ""p"": 0, ""feature"": ""mx"", ""stride"": 2}, null]",0.012499999999999956,True,False
27,0.6875,0.9160252623600975,0.0,,True,0.10182555518305547,0.012500000000000011,"[0.6875, 0.7]","[0.6875, 0.85]","[27, 28, 29, 30, 31, 32, 33, 34, 35, 36, 37, 38, 39, 40]",False,"[""endpoint"", ""insufficient_derivative_prominence""]",W3,W3/descending/seed101,0,mx,1,"[null, null]",,False,False
19,0.5875,0.20348172274201204,0.0,,True,0.03820932894319562,0.012500000000000011,"[0.575, 0.5875]","[0.35, 0.5875]","[0, 1, 2, 3, 4, 5, 6, 7, 8, 9, 10, 11, 12, 13, 14, 15, 16, 17, 18, 19]",False,"[""endpoint"", ""insufficient_derivative_prominence""]",W3,W3/descending/seed101,0.01,order,1,"[null, null]",,False,False
27,0.6875,0.19000675570746495,0.0,,True,0.022659755929574144,0.012500000000000011,"[0.6875, 0.7]","[0.6875, 0.85]","[27, 28, 29, 30, 31, 32, 33, 34, 35, 36, 37, 38, 39, 40]",False,"[""endpoint"", ""insufficient_derivative_prominence""]",W3,W3/descending/seed101,0.01,order,1,"[null, null]",,False,False
0,0.35,0.4627638004050256,0.0,,True,0.13247092621697804,0.012500000000000011,"[0.35, 0.3625]","[0.35, 0.5875]","[0, 1, 2, 3, 4, 5, 6, 7, 8, 9, 10, 11, 12, 13, 14, 15, 16, 17, 18, 19]",False,"[""endpoint"", ""insufficient_derivative_prominence""]",W3,W3/descending/seed101,0.01,mx,1,"[null, null]",,False,False
19,0.5875,0.641917813248341,0.0,,True,0.13247092621697804,0.012500000000000011,"[0.575, 0.5875]","[0.35, 0.5875]","[0, 1, 2, 3, 4, 5, 6, 7, 8, 9, 10, 11, 12, 13, 14, 15, 16, 17, 18, 19]",False,"[""endpoint"", ""insufficient_derivative_prominence""]",W3,W3/descending/seed101,0.01,mx,1,"[null, null]",,False,False
27,0.6875,0.3408700628182242,0.0,,True,0.038247132658296545,0.012500000000000011,"[0.6875, 0.7]","[0.6875, 0.85]","[27, 28, 29, 30, 31, 32, 33, 34, 35, 36, 37, 38, 39, 40]",False,"[""endpoint"", ""insufficient_derivative_prominence""]",W3,W3/descending/seed101,0.01,mx,1,"[null, null]",,False,False
1,0.3625,0.007190015720675014,0.00021439857541860619,0.008662217425408705,False,0.0009514067730139741,0.012500000000000011,"[0.35, 0.375]","[0.35, 0.5875]","[0, 1, 2, 3, 4, 5, 6, 7, 8, 9, 10, 11, 12, 13, 14, 15, 16, 17, 18, 19]",False,"[""insufficient_raw_signal_range"", ""insufficient_derivative_prominence""]",W3,W3/descending/seed101,0.05,order,1,"[null, null]",,False,False
4,0.4,0.007141006920702964,0.0005064929894817993,0.0167563973692535,False,0.0009514067730139741,0.012500000000000011,"[0.3875, 0.4125]","[0.35, 0.5875]","[0, 1, 2, 3, 4, 5, 6, 7, 8, 9, 10, 11, 12, 13, 14, 15, 16, 17, 18, 19]",False,"[""insufficient_raw_signal_range"", ""insufficient_derivative_prominence""]",W3,W3/descending/seed101,0.05,order,1,"[null, null]",,False,False
6,0.425,0.0064710944593375785,5.986947710656665e-05,0.007009720480662158,False,0.0009514067730139741,0.012500000000000011,"[0.4125, 0.4375]","[0.35, 0.5875]","[0, 1, 2, 3, 4, 5, 6, 7, 8, 9, 10, 11, 12, 13, 14, 15, 16, 17, 18, 19]",False,"[""insufficient_raw_signal_range"", ""insufficient_derivative_prominence""]",W3,W3/descending/seed101,0.05,order,1,"[null, null]",,False,False
27,0.6875,0.004289892610357171,0.0,,True,0.0005152249266923425,0.012500000000000011,"[0.6875, 0.7]","[0.6875, 0.85]","[27, 28, 29, 30, 31, 32, 33, 34, 35, 36, 37, 38, 39, 40]",False,"[""endpoint"", ""insufficient_raw_signal_range"", ""insufficient_derivative_prominence""]",W3,W3/descending/seed101,0.05,order,1,"[null, null]",,False,False
0,0.35,0.01660944527840369,0.0,,True,0.0035859497616694477,0.012500000000000011,"[0.35, 0.3625]","[0.35, 0.5875]","[0, 1, 2, 3, 4, 5, 6, 7, 8, 9, 10, 11, 12, 13, 14, 15, 16, 17, 18, 19]",False,"[""endpoint"", ""insufficient_raw_signal_range"", ""insufficient_derivative_prominence""]",W3,W3/descending/seed101,0.05,mx,1,"[null, null]",,False,False
3,0.3875,0.011626750820975196,0.0016822442744566235,0.014197255300111357,False,0.0035859497616694477,0.012500000000000011,"[0.375, 0.4]","[0.35, 0.5875]","[0, 1, 2, 3, 4, 5, 6, 7, 8, 9, 10, 11, 12, 13, 14, 15, 16, 17, 18, 19]",False,"[""insufficient_raw_signal_range"", ""insufficient_derivative_prominence""]",W3,W3/descending/seed101,0.05,mx,1,"[null, null]",,False,False
19,0.5875,0.02834307375988132,0.0,,True,0.0035859497616694477,0.012500000000000011,"[0.575, 0.5875]","[0.35, 0.5875]","[0, 1, 2, 3, 4, 5, 6, 7, 8, 9, 10, 11, 12, 13, 14, 15, 16, 17, 18, 19]",False,"[""endpoint"", ""insufficient_raw_signal_range"", ""insufficient_derivative_prominence""]",W3,W3/descending/seed101,0.05,mx,1,"[null, null]",,False,False
27,0.6875,0.0021788488507422654,0.0,,True,0.0002369960321883073,0.012500000000000011,"[0.6875, 0.7]","[0.6875, 0.85]","[27, 28, 29, 30, 31, 32, 33, 34, 35, 36, 37, 38, 39, 40]",False,"[""endpoint"", ""insufficient_raw_signal_range"", ""insufficient_derivative_prominence""]",W3,W3/descending/seed101,0.05,mx,1,"[null, null]",,False,False
31,0.7375,0.0013794615648791142,0.00023611922700594867,0.014201874981907232,False,0.0002369960321883073,0.012500000000000011,"[0.725, 0.75]","[0.6875, 0.85]","[27, 28, 29, 30, 31, 32, 33, 34, 35, 36, 37, 38, 39, 40]",False,"[""insufficient_raw_signal_range"", ""insufficient_derivative_prominence""]",W3,W3/descending/seed101,0.05,mx,1,"[null, null]",,False,False
35,0.7875,0.0015063052619461725,0.00012995727748932318,0.013033046347124778,False,0.0002369960321883073,0.012500000000000011,"[0.775, 0.8]","[0.6875, 0.85]","[27, 28, 29, 30, 31, 32, 33, 34, 35, 36, 37, 38, 39, 40]",False,"[""insufficient_raw_signal_range"", ""insufficient_derivative_prominence""]",W3,W3/descending/seed101,0.05,mx,1,"[null, null]",,False,False
38,0.825,0.001877685015529984,0.00028357384325339297,0.018463281227605405,False,0.0002369960321883073,0.012500000000000011,"[0.8125, 0.8375]","[0.6875, 0.85]","[27, 28, 29, 30, 31, 32, 33, 34, 35, 36, 37, 38, 39, 40]",False,"[""insufficient_raw_signal_range"", ""insufficient_derivative_prominence""]",W3,W3/descending/seed101,0.05,mx,1,"[null, null]",,False,False
