kappa,mode,budget,p,method,points,repeats,shots_one_window,G_one_window,shots_all32,G_all32,scope
0.0,equal_shots,10000,0,raw,17,32,170000,16580000,5440000,530560000,One p; sum over all3p for complete campaign
0.0,equal_shots,10000,0,zne_quadratic,17,32,170000,49736684,5440000,1591573888,One p; sum over all3p for complete campaign
0.0,equal_shots,10000,0,sv,17,32,170000,16580000,5440000,530560000,One p; sum over all3p for complete campaign
0.0,equal_shots,10000,0.01,raw,17,32,170000,16580000,5440000,530560000,One p; sum over all3p for complete campaign
0.0,equal_shots,10000,0.01,zne_quadratic,17,32,170000,49736684,5440000,1591573888,One p; sum over all3p for complete campaign
0.0,equal_shots,10000,0.01,sv,17,32,170000,16580000,5440000,530560000,One p; sum over all3p for complete campaign
0.0,equal_shots,10000,0.05,raw,17,32,170000,16580000,5440000,530560000,One p; sum over all3p for complete campaign
0.0,equal_shots,10000,0.05,zne_quadratic,17,32,170000,49736684,5440000,1591573888,One p; sum over all3p for complete campaign
0.0,equal_shots,10000,0.05,sv,17,32,170000,16580000,5440000,530560000,One p; sum over all3p for complete campaign
0.0,equal_shots,100000,0,raw,17,32,1700000,165800000,54400000,5305600000,One p; sum over all3p for complete campaign
0.0,equal_shots,100000,0,zne_quadratic,17,32,1700000,497396684,54400000,15916693888,One p; sum over all3p for complete campaign
0.0,equal_shots,100000,0,sv,17,32,1700000,165800000,54400000,5305600000,One p; sum over all3p for complete campaign
0.0,equal_shots,100000,0.01,raw,17,32,1700000,165800000,54400000,5305600000,One p; sum over all3p for complete campaign
0.0,equal_shots,100000,0.01,zne_quadratic,17,32,1700000,497396684,54400000,15916693888,One p; sum over all3p for complete campaign
0.0,equal_shots,100000,0.01,sv,17,32,1700000,165800000,54400000,5305600000,One p; sum over all3p for complete campaign
0.0,equal_shots,100000,0.05,raw,17,32,1700000,165800000,54400000,5305600000,One p; sum over all3p for complete campaign
0.0,equal_shots,100000,0.05,zne_quadratic,17,32,1700000,497396684,54400000,15916693888,One p; sum over all3p for complete campaign
0.0,equal_shots,100000,0.05,sv,17,32,1700000,165800000,54400000,5305600000,One p; sum over all3p for complete campaign
0.0,equal_gate,100000,0,raw,17,32,1700000,165800000,54400000,5305600000,One p; sum over all3p for complete campaign
0.0,equal_gate,100000,0,zne_quadratic,17,32,566678,165800000,18133696,5305600000,One p; sum over all3p for complete campaign
0.0,equal_gate,100000,0,sv,17,32,1700000,165800000,54400000,5305600000,One p; sum over all3p for complete campaign
0.0,equal_gate,100000,0.01,raw,17,32,1700000,165800000,54400000,5305600000,One p; sum over all3p for complete campaign
0.0,equal_gate,100000,0.01,zne_quadratic,17,32,566678,165800000,18133696,5305600000,One p; sum over all3p for complete campaign
0.0,equal_gate,100000,0.01,sv,17,32,1700000,165800000,54400000,5305600000,One p; sum over all3p for complete campaign
0.0,equal_gate,100000,0.05,raw,17,32,1700000,165800000,54400000,5305600000,One p; sum over all3p for complete campaign
0.0,equal_gate,100000,0.05,zne_quadratic,17,32,566678,165800000,18133696,5305600000,One p; sum over all3p for complete campaign
0.0,equal_gate,100000,0.05,sv,17,32,1700000,165800000,54400000,5305600000,One p; sum over all3p for complete campaign
0.0,equal_gate,300000,0,raw,17,32,5099966,497396684,163198912,15916693888,One p; sum over all3p for complete campaign
0.0,equal_gate,300000,0,zne_quadratic,17,32,1700000,497396684,54400000,15916693888,One p; sum over all3p for complete campaign
0.0,equal_gate,300000,0,sv,17,32,5099966,497396684,163198912,15916693888,One p; sum over all3p for complete campaign
0.0,equal_gate,300000,0.01,raw,17,32,5099966,497396684,163198912,15916693888,One p; sum over all3p for complete campaign
0.0,equal_gate,300000,0.01,zne_quadratic,17,32,1700000,497396684,54400000,15916693888,One p; sum over all3p for complete campaign
0.0,equal_gate,300000,0.01,sv,17,32,5099966,497396684,163198912,15916693888,One p; sum over all3p for complete campaign
0.0,equal_gate,300000,0.05,raw,17,32,5099966,497396684,163198912,15916693888,One p; sum over all3p for complete campaign
0.0,equal_gate,300000,0.05,zne_quadratic,17,32,1700000,497396684,54400000,15916693888,One p; sum over all3p for complete campaign
0.0,equal_gate,300000,0.05,sv,17,32,5099966,497396684,163198912,15916693888,One p; sum over all3p for complete campaign
0.3,equal_shots,10000,0,raw,17,32,170000,15920000,5440000,509440000,One p; sum over all3p for complete campaign
0.3,equal_shots,10000,0,zne_quadratic,17,32,170000,47756816,5440000,1528218112,One p; sum over all3p for complete campaign
0.3,equal_shots,10000,0,sv,17,32,170000,15920000,5440000,509440000,One p; sum over all3p for complete campaign
0.3,equal_shots,10000,0.01,raw,17,32,170000,15920000,5440000,509440000,One p; sum over all3p for complete campaign
0.3,equal_shots,10000,0.01,zne_quadratic,17,32,170000,47756816,5440000,1528218112,One p; sum over all3p for complete campaign
0.3,equal_shots,10000,0.01,sv,17,32,170000,15920000,5440000,509440000,One p; sum over all3p for complete campaign
0.3,equal_shots,10000,0.05,raw,17,32,170000,15920000,5440000,509440000,One p; sum over all3p for complete campaign
0.3,equal_shots,10000,0.05,zne_quadratic,17,32,170000,47756816,5440000,1528218112,One p; sum over all3p for complete campaign
0.3,equal_shots,10000,0.05,sv,17,32,170000,15920000,5440000,509440000,One p; sum over all3p for complete campaign
0.3,equal_shots,100000,0,raw,17,32,1700000,159200000,54400000,5094400000,One p; sum over all3p for complete campaign
0.3,equal_shots,100000,0,zne_quadratic,17,32,1700000,477596816,54400000,15283098112,One p; sum over all3p for complete campaign
0.3,equal_shots,100000,0,sv,17,32,1700000,159200000,54400000,5094400000,One p; sum over all3p for complete campaign
0.3,equal_shots,100000,0.01,raw,17,32,1700000,159200000,54400000,5094400000,One p; sum over all3p for complete campaign
0.3,equal_shots,100000,0.01,zne_quadratic,17,32,1700000,477596816,54400000,15283098112,One p; sum over all3p for complete campaign
0.3,equal_shots,100000,0.01,sv,17,32,1700000,159200000,54400000,5094400000,One p; sum over all3p for complete campaign
0.3,equal_shots,100000,0.05,raw,17,32,1700000,159200000,54400000,5094400000,One p; sum over all3p for complete campaign
0.3,equal_shots,100000,0.05,zne_quadratic,17,32,1700000,477596816,54400000,15283098112,One p; sum over all3p for complete campaign
0.3,equal_shots,100000,0.05,sv,17,32,1700000,159200000,54400000,5094400000,One p; sum over all3p for complete campaign
0.45,equal_shots,10000,0,raw,17,32,170000,14390000,5440000,460480000,One p; sum over all3p for complete campaign
0.45,equal_shots,10000,0,zne_quadratic,17,32,170000,43167122,5440000,1381347904,One p; sum over all3p for complete campaign
0.45,equal_shots,10000,0,sv,17,32,170000,14390000,5440000,460480000,One p; sum over all3p for complete campaign
0.45,equal_shots,10000,0.01,raw,17,32,170000,14390000,5440000,460480000,One p; sum over all3p for complete campaign
0.45,equal_shots,10000,0.01,zne_quadratic,17,32,170000,43167122,5440000,1381347904,One p; sum over all3p for complete campaign
0.45,equal_shots,10000,0.01,sv,17,32,170000,14390000,5440000,460480000,One p; sum over all3p for complete campaign
0.45,equal_shots,10000,0.05,raw,17,32,170000,14390000,5440000,460480000,One p; sum over all3p for complete campaign
0.45,equal_shots,10000,0.05,zne_quadratic,17,32,170000,43167122,5440000,1381347904,One p; sum over all3p for complete campaign
0.45,equal_shots,10000,0.05,sv,17,32,170000,14390000,5440000,460480000,One p; sum over all3p for complete campaign
0.45,equal_shots,100000,0,raw,17,32,1700000,143900000,54400000,4604800000,One p; sum over all3p for complete campaign
0.45,equal_shots,100000,0,zne_quadratic,17,32,1700000,431697122,54400000,13814307904,One p; sum over all3p for complete campaign
0.45,equal_shots,100000,0,sv,17,32,1700000,143900000,54400000,4604800000,One p; sum over all3p for complete campaign
0.45,equal_shots,100000,0.01,raw,17,32,1700000,143900000,54400000,4604800000,One p; sum over all3p for complete campaign
0.45,equal_shots,100000,0.01,zne_quadratic,17,32,1700000,431697122,54400000,13814307904,One p; sum over all3p for complete campaign
0.45,equal_shots,100000,0.01,sv,17,32,1700000,143900000,54400000,4604800000,One p; sum over all3p for complete campaign
0.45,equal_shots,100000,0.05,raw,17,32,1700000,143900000,54400000,4604800000,One p; sum over all3p for complete campaign
0.45,equal_shots,100000,0.05,zne_quadratic,17,32,1700000,431697122,54400000,13814307904,One p; sum over all3p for complete campaign
0.45,equal_shots,100000,0.05,sv,17,32,1700000,143900000,54400000,4604800000,One p; sum over all3p for complete campaign
0.5,equal_shots,10000,0,raw,17,32,170000,21690000,5440000,694080000,One p; sum over all3p for complete campaign
0.5,equal_shots,10000,0,zne_quadratic,17,32,170000,65065662,5440000,2082101184,One p; sum over all3p for complete campaign
0.5,equal_shots,10000,0,sv,17,32,170000,21690000,5440000,694080000,One p; sum over all3p for complete campaign
0.5,equal_shots,10000,0.01,raw,17,32,170000,21690000,5440000,694080000,One p; sum over all3p for complete campaign
0.5,equal_shots,10000,0.01,zne_quadratic,17,32,170000,65065662,5440000,2082101184,One p; sum over all3p for complete campaign
0.5,equal_shots,10000,0.01,sv,17,32,170000,21690000,5440000,694080000,One p; sum over all3p for complete campaign
0.5,equal_shots,10000,0.05,raw,17,32,170000,21690000,5440000,694080000,One p; sum over all3p for complete campaign
0.5,equal_shots,10000,0.05,zne_quadratic,17,32,170000,65065662,5440000,2082101184,One p; sum over all3p for complete campaign
0.5,equal_shots,10000,0.05,sv,17,32,170000,21690000,5440000,694080000,One p; sum over all3p for complete campaign
0.5,equal_shots,100000,0,raw,17,32,1700000,216900000,54400000,6940800000,One p; sum over all3p for complete campaign
0.5,equal_shots,100000,0,zne_quadratic,17,32,1700000,650695662,54400000,20822261184,One p; sum over all3p for complete campaign
0.5,equal_shots,100000,0,sv,17,32,1700000,216900000,54400000,6940800000,One p; sum over all3p for complete campaign
0.5,equal_shots,100000,0.01,raw,17,32,1700000,216900000,54400000,6940800000,One p; sum over all3p for complete campaign
0.5,equal_shots,100000,0.01,zne_quadratic,17,32,1700000,650695662,54400000,20822261184,One p; sum over all3p for complete campaign
0.5,equal_shots,100000,0.01,sv,17,32,1700000,216900000,54400000,6940800000,One p; sum over all3p for complete campaign
0.5,equal_shots,100000,0.05,raw,17,32,1700000,216900000,54400000,6940800000,One p; sum over all3p for complete campaign
0.5,equal_shots,100000,0.05,zne_quadratic,17,32,1700000,650695662,54400000,20822261184,One p; sum over all3p for complete campaign
0.5,equal_shots,100000,0.05,sv,17,32,1700000,216900000,54400000,6940800000,One p; sum over all3p for complete campaign
0.55,equal_shots,10000,0,raw,17,32,170000,13780000,5440000,440960000,One p; sum over all3p for complete campaign
0.55,equal_shots,10000,0,zne_quadratic,17,32,170000,41337244,5440000,1322791808,One p; sum over all3p for complete campaign
0.55,equal_shots,10000,0,sv,17,32,170000,13780000,5440000,440960000,One p; sum over all3p for complete campaign
0.55,equal_shots,10000,0.01,raw,17,32,170000,13780000,5440000,440960000,One p; sum over all3p for complete campaign
0.55,equal_shots,10000,0.01,zne_quadratic,17,32,170000,41337244,5440000,1322791808,One p; sum over all3p for complete campaign
0.55,equal_shots,10000,0.01,sv,17,32,170000,13780000,5440000,440960000,One p; sum over all3p for complete campaign
0.55,equal_shots,10000,0.05,raw,17,32,170000,13780000,5440000,440960000,One p; sum over all3p for complete campaign
0.55,equal_shots,10000,0.05,zne_quadratic,17,32,170000,41337244,5440000,1322791808,One p; sum over all3p for complete campaign
0.55,equal_shots,10000,0.05,sv,17,32,170000,13780000,5440000,440960000,One p; sum over all3p for complete campaign
0.55,equal_shots,100000,0,raw,17,32,1700000,137800000,54400000,4409600000,One p; sum over all3p for complete campaign
0.55,equal_shots,100000,0,zne_quadratic,17,32,1700000,413397244,54400000,13228711808,One p; sum over all3p for complete campaign
0.55,equal_shots,100000,0,sv,17,32,1700000,137800000,54400000,4409600000,One p; sum over all3p for complete campaign
0.55,equal_shots,100000,0.01,raw,17,32,1700000,137800000,54400000,4409600000,One p; sum over all3p for complete campaign
0.55,equal_shots,100000,0.01,zne_quadratic,17,32,1700000,413397244,54400000,13228711808,One p; sum over all3p for complete campaign
0.55,equal_shots,100000,0.01,sv,17,32,1700000,137800000,54400000,4409600000,One p; sum over all3p for complete campaign
0.55,equal_shots,100000,0.05,raw,17,32,1700000,137800000,54400000,4409600000,One p; sum over all3p for complete campaign
0.55,equal_shots,100000,0.05,zne_quadratic,17,32,1700000,413397244,54400000,13228711808,One p; sum over all3p for complete campaign
0.55,equal_shots,100000,0.05,sv,17,32,1700000,137800000,54400000,4409600000,One p; sum over all3p for complete campaign
0.8,equal_shots,10000,0,raw,17,32,170000,21750000,5440000,696000000,One p; sum over all3p for complete campaign
0.8,equal_shots,10000,0,zne_quadratic,17,32,170000,65245650,5440000,2087860800,One p; sum over all3p for complete campaign
0.8,equal_shots,10000,0,sv,17,32,170000,21750000,5440000,696000000,One p; sum over all3p for complete campaign
0.8,equal_shots,10000,0.01,raw,17,32,170000,21750000,5440000,696000000,One p; sum over all3p for complete campaign
0.8,equal_shots,10000,0.01,zne_quadratic,17,32,170000,65245650,5440000,2087860800,One p; sum over all3p for complete campaign
0.8,equal_shots,10000,0.01,sv,17,32,170000,21750000,5440000,696000000,One p; sum over all3p for complete campaign
0.8,equal_shots,10000,0.05,raw,17,32,170000,21750000,5440000,696000000,One p; sum over all3p for complete campaign
0.8,equal_shots,10000,0.05,zne_quadratic,17,32,170000,65245650,5440000,2087860800,One p; sum over all3p for complete campaign
0.8,equal_shots,10000,0.05,sv,17,32,170000,21750000,5440000,696000000,One p; sum over all3p for complete campaign
0.8,equal_shots,100000,0,raw,17,32,1700000,217500000,54400000,6960000000,One p; sum over all3p for complete campaign
0.8,equal_shots,100000,0,zne_quadratic,17,32,1700000,652495650,54400000,20879860800,One p; sum over all3p for complete campaign
0.8,equal_shots,100000,0,sv,17,32,1700000,217500000,54400000,6960000000,One p; sum over all3p for complete campaign
0.8,equal_shots,100000,0.01,raw,17,32,1700000,217500000,54400000,6960000000,One p; sum over all3p for complete campaign
0.8,equal_shots,100000,0.01,zne_quadratic,17,32,1700000,652495650,54400000,20879860800,One p; sum over all3p for complete campaign
0.8,equal_shots,100000,0.01,sv,17,32,1700000,217500000,54400000,6960000000,One p; sum over all3p for complete campaign
0.8,equal_shots,100000,0.05,raw,17,32,1700000,217500000,54400000,6960000000,One p; sum over all3p for complete campaign
0.8,equal_shots,100000,0.05,zne_quadratic,17,32,1700000,652495650,54400000,20879860800,One p; sum over all3p for complete campaign
0.8,equal_shots,100000,0.05,sv,17,32,1700000,217500000,54400000,6960000000,One p; sum over all3p for complete campaign
0.8,equal_gate,100000,0,raw,17,32,1700000,217500000,54400000,6960000000,One p; sum over all3p for complete campaign
0.8,equal_gate,100000,0,zne_quadratic,17,32,566678,217500000,18133696,6960000000,One p; sum over all3p for complete campaign
0.8,equal_gate,100000,0,sv,17,32,1700000,217500000,54400000,6960000000,One p; sum over all3p for complete campaign
0.8,equal_gate,100000,0.01,raw,17,32,1700000,217500000,54400000,6960000000,One p; sum over all3p for complete campaign
0.8,equal_gate,100000,0.01,zne_quadratic,17,32,566678,217500000,18133696,6960000000,One p; sum over all3p for complete campaign
0.8,equal_gate,100000,0.01,sv,17,32,1700000,217500000,54400000,6960000000,One p; sum over all3p for complete campaign
0.8,equal_gate,100000,0.05,raw,17,32,1700000,217500000,54400000,6960000000,One p; sum over all3p for complete campaign
0.8,equal_gate,100000,0.05,zne_quadratic,17,32,566678,217500000,18133696,6960000000,One p; sum over all3p for complete campaign
0.8,equal_gate,100000,0.05,sv,17,32,1700000,217500000,54400000,6960000000,One p; sum over all3p for complete campaign
0.8,equal_gate,300000,0,raw,17,32,5099966,652495650,163198912,20879860800,One p; sum over all3p for complete campaign
0.8,equal_gate,300000,0,zne_quadratic,17,32,1700000,652495650,54400000,20879860800,One p; sum over all3p for complete campaign
0.8,equal_gate,300000,0,sv,17,32,5099966,652495650,163198912,20879860800,One p; sum over all3p for complete campaign
0.8,equal_gate,300000,0.01,raw,17,32,5099966,652495650,163198912,20879860800,One p; sum over all3p for complete campaign
0.8,equal_gate,300000,0.01,zne_quadratic,17,32,1700000,652495650,54400000,20879860800,One p; sum over all3p for complete campaign
0.8,equal_gate,300000,0.01,sv,17,32,5099966,652495650,163198912,20879860800,One p; sum over all3p for complete campaign
0.8,equal_gate,300000,0.05,raw,17,32,5099966,652495650,163198912,20879860800,One p; sum over all3p for complete campaign
0.8,equal_gate,300000,0.05,zne_quadratic,17,32,1700000,652495650,54400000,20879860800,One p; sum over all3p for complete campaign
0.8,equal_gate,300000,0.05,sv,17,32,5099966,652495650,163198912,20879860800,One p; sum over all3p for complete campaign
