method,n,kappa,h,region,seeds,joint_pass_runs,observable_pass_runs,state_pass_runs,candidate_pool_exists_runs,at_least_two_joint,all_three_joint,at_least_two_observable,median_fidelity,worst_fidelity,median_cnots,minimum_energy_delta_per_site,median_energy_delta_per_site,source_archives
B3,8,0.083,0.085,interior,"[631, 743, 857]",3,3,3,3,True,True,True,0.9999974584491164,0.9999974584491144,31.0,1.0525783347148376e-06,1.0525902329749925e-06,"['results/stage6_v1/legacy_b3/adaptive/cache/14827afad153e0ca9b821b5010fd648a5ef7a1d8e4b2d924e9c7fc51b3217ac2.npz', 'results/stage6_v1/legacy_b3/adaptive/cache/6f8952831aebfb0355b0fe8270530c5c54e69ba44d7aceb4bae334c05df51c73.npz', 'results/stage6_v1/legacy_b3/adaptive/cache/4e8f08f14101370df22561f753cbb96f177d72ab81888e847058e93daf353926.npz']"
B3,8,0.283,0.085,interior,"[631, 743, 857]",3,3,3,3,True,True,True,0.9999739832365355,0.9999739830364426,31.0,5.592439529467086e-06,5.592439529467086e-06,"['results/stage6_v1/legacy_b3/adaptive/cache/59cb154eda92d274082906932935c0de36f3fb909db54a3ca220cd53965b9bc8.npz', 'results/stage6_v1/legacy_b3/adaptive/cache/bab92bbd981a9840f5a1f7cb796251ce730e454c38a4218ba8b035b462d4e372.npz', 'results/stage6_v1/legacy_b3/adaptive/cache/6dfecd67297abdb9896b2be8d87c2237055e5a01c8f7d206601517dd7bc76da6.npz']"
B3,8,0.443,0.013,low_field,"[631, 743, 857]",3,3,3,3,True,True,True,0.9997265025233604,0.9997265025233604,7.0,7.589418921538638e-05,7.589418921538638e-05,"['results/stage6_v1/legacy_b3/adaptive/cache/e8bb894a546b7cb5356fcc28d3a00fbce2eb3fbbcc5094ecd495333de4e16f8a.npz', 'results/stage6_v1/legacy_b3/adaptive/cache/051e1aedfeaf7ab7ea08137382244247b702098b1c1d8244e7c6195d5410b39c.npz', 'results/stage6_v1/legacy_b3/adaptive/cache/2f160b81588feaa33afa16f03e078cd8701601621df0e48c0d8d15d7246e7859.npz']"
B3,8,0.459,0.044,low_field,"[631, 743, 857]",3,3,3,3,True,True,True,0.9997836162568264,0.9997836157896494,31.0,7.238478783477831e-06,7.238689324173819e-06,"['results/stage6_v1/legacy_b3/adaptive/cache/6018d1d8f740b892913edf16bae667716027e7aab2c9551442eec6f00ecb2a2f.npz', 'results/stage6_v1/legacy_b3/adaptive/cache/a4ee54179c8260f8798d986d4ff4c83a9c1c05dc32a4374dd94279a3a8f18773.npz', 'results/stage6_v1/legacy_b3/adaptive/cache/bff86c5bfb1eb63195f1e4ff45b8fc20e9b1cb7b4eaa8b6a0a73040c4f7998d6.npz']"
B3,8,0.4757,0.093,low_field,"[631, 743, 857]",0,1,0,0,False,False,False,0.963265630521907,0.9526723787031168,128.0,0.000610365530336443,0.0014739903861794579,"['results/stage6_v1/legacy_b3/adaptive/cache/2838310c73949bb5c621b86d040eea844c0b1db2a222ea6de37b19be806f1bb4.npz', 'results/stage6_v1/legacy_b3/adaptive/cache/3336a401610c2d85e886711ebcb01c63e0749b68b8a02bdb7f76b6e86dbc3e2c.npz', 'results/stage6_v1/legacy_b3/adaptive/cache/4a4dda70407795ce820dc69ec1c43b254d4063eaf0b5fa40276eb854ab0e825f.npz']"
B3,8,0.507,0.013,low_field,"[631, 743, 857]",3,3,3,3,True,True,True,0.9994850466371783,0.9994850466371783,6.0,8.375681373462562e-05,8.375681373462562e-05,"['results/stage6_v1/legacy_b3/adaptive/cache/c5ee58288138f9518575c2bbf54e170630848b1ab638224a203d72e3592b8071.npz', 'results/stage6_v1/legacy_b3/adaptive/cache/410870e57c11d2b2dc8986d1452c6ec6856e63fe67bcc220e49d9c578366e48a.npz', 'results/stage6_v1/legacy_b3/adaptive/cache/2d06b99b95b67c73feb82975266ee4d7857f1a5ae6cf0f392816dd81cf2d4966.npz']"
B3,8,0.523,0.044,low_field,"[631, 743, 857]",3,3,3,3,True,True,True,0.9973824140629548,0.9973824140181505,32.0,1.6687474522547596e-05,1.6687474523879864e-05,"['results/stage6_v1/legacy_b3/adaptive/cache/259637dcbcf5e1a1cf1943c9df89fce7798dd655de00b8c9c1452ecccfda6e88.npz', 'results/stage6_v1/legacy_b3/adaptive/cache/61ef3e84b46d75b67fc348c01b8f7d92a014fc4dc7dcdb76c3aab87c53a41240.npz', 'results/stage6_v1/legacy_b3/adaptive/cache/f196023d5bae790474bf99a1b3998b8d94ac0d660867c55fa890acdaf6ec133b.npz']"
B3,8,0.539,0.093,low_field,"[631, 743, 857]",0,0,0,0,False,False,False,0.6435078785229269,0.6435076265050552,64.0,0.0008219820962098723,0.0008219821006615335,"['results/stage6_v1/legacy_b3/adaptive/cache/56b874097243fcbc8e1e2e71e92a8a28b56f068d975ebd99ef04e876e3315766.npz', 'results/stage6_v1/legacy_b3/adaptive/cache/00813f5b99b13d0ab7c00dd57dbf944e1ab6f6ceb61fdb9d4d8fd91c2fb8b447.npz', 'results/stage6_v1/legacy_b3/adaptive/cache/dce3d6f307e46eed0fc297c9de3d6cafcd0ed39300dcd2284065ac7ac3e6470f.npz']"
B3,8,0.663,0.235,antiphase_band,"[631, 743, 857]",3,3,3,3,True,True,True,0.9973502812467647,0.997350202004358,96.0,0.0002306096545732217,0.00023060966510846104,"['results/stage6_v1/legacy_b3/adaptive/cache/ac8183d8fcf37f15117cbcf483586516325295e445e11fdfec9059819c4b16b0.npz', 'results/stage6_v1/legacy_b3/adaptive/cache/2b23907f1853e0d582dffae2c6df063183649d8fc6173b3ba9079b9d155f8640.npz', 'results/stage6_v1/legacy_b3/adaptive/cache/53b0a78676e9d100c0b8ba374c4af7e760fcb2a6e9a71b51c6ef9b4660eb1611.npz']"
B3,8,0.683,0.085,interior,"[631, 743, 857]",3,3,3,3,True,True,True,0.9999673507688026,0.999967350730601,32.0,6.336739322487794e-06,6.33673935745982e-06,"['results/stage6_v1/legacy_b3/adaptive/cache/0e0f84edc5a4aaf76c3070b24bb09d3eec79e73127e142d12ec03350d2d7cf7a.npz', 'results/stage6_v1/legacy_b3/adaptive/cache/9228bfe151e8e869f15ac544e803051b41b676ee633fc262c62f5a9b902ef02f.npz', 'results/stage6_v1/legacy_b3/adaptive/cache/267404436b0b022c9a22136fe308a2001ecf1d3d0a4bc1469e4196be4edd8f54.npz']"
B3,8,0.763,0.375,antiphase_band,"[631, 743, 857]",3,3,3,3,True,True,True,0.9979282268014986,0.9974584625884839,128.0,0.0004536706134807833,0.00045369541896367327,"['results/stage6_v1/legacy_b3/adaptive/cache/9222b822bb56a1f2d1f209e7aa3878d73d39808dc2901c7982fb49efa0af35d3.npz', 'results/stage6_v1/legacy_b3/adaptive/cache/41824b02a063961d06139e9873ac9c48b693e0e8be329a551084ba3676d81645.npz', 'results/stage6_v1/legacy_b3/adaptive/cache/8c4b6f6f5d39883458e75face5c22eeaf6e716dc9f6a7f91ffaa3c4b9f35e2a9.npz']"
B3,8,0.863,0.515,antiphase_band,"[631, 743, 857]",3,3,3,3,True,True,True,0.9980646151391439,0.9978846319443858,128.0,0.0006106782214188033,0.0006106782291637192,"['results/stage6_v1/legacy_b3/adaptive/cache/ab8916497016200c842c190d0c7e812d7291ff8dd0c0493955d13f7926f22bdb.npz', 'results/stage6_v1/legacy_b3/adaptive/cache/fadfee9125eb2ac648b0eb52b12ad660404602feae6f1fdbad78ceb4594dc17b.npz', 'results/stage6_v1/legacy_b3/adaptive/cache/9b750fba6cea6ce0ac4ac7ba29324bbe08fc58c293b402ffe730da77cfe1f88a.npz']"
C0,8,0.083,0.085,interior,"[631, 743, 857]",3,3,3,3,True,True,True,0.9999999477907369,0.9999999477460244,63.0,1.8467766427221477e-08,2.257793085824744e-08,"['results/stage6_v1/domain_wall_candidates/cache/93b547ba85dda8b8548f714869e83b3fbd686ef2d78332d463c110d37a23c445.npz', 'results/stage6_v1/domain_wall_candidates/cache/012cc816b9349e4c4c453509d790e032242f89c39b50e1e9a15061b1d15ac221.npz', 'results/stage6_v1/domain_wall_candidates/cache/d554a4a9ebfa79c26a5f95ef150e9a42d662337bb26b81cf9938080840ac6335.npz']"
C0,8,0.283,0.085,interior,"[631, 743, 857]",3,3,3,3,True,True,True,0.9999989969826925,0.9999989969681976,63.0,2.419605569237149e-07,2.5803793923806495e-07,"['results/stage6_v1/domain_wall_candidates/cache/ec460732c18988248525d1a0c27f343467927bee0ad5b6ce1b69765a5f04fb3f.npz', 'results/stage6_v1/domain_wall_candidates/cache/5ca61bc4dba8b209a10b8de44e7714a8818aad68366ecaa7ddc58985900b9007.npz', 'results/stage6_v1/domain_wall_candidates/cache/69d88988013df9ea469fc9a0e212895abdd01bfa9ece5fa6b275efedb693d327.npz']"
C0,8,0.443,0.013,low_field,"[631, 743, 857]",3,3,3,3,True,True,True,0.9999999962820563,0.9999999962017856,63.0,4.840136069717005e-10,6.079005077097577e-10,"['results/stage6_v1/domain_wall_candidates/cache/15d10d9059c722732629732f4b1099a3e55a15f5dc13fd58e8a60808458610df.npz', 'results/stage6_v1/domain_wall_candidates/cache/3d56a574b42bf3645dc46ac085eec789a6a1edea0f2878284ec403535d869455.npz', 'results/stage6_v1/domain_wall_candidates/cache/09be21693b2f3193775b6984132e83139b19fbd2c5ccdac7be9dbbd2acb5fb3e.npz']"
C0,8,0.459,0.044,low_field,"[631, 743, 857]",3,3,3,3,True,True,True,0.9999654571943284,0.9999654139775602,63.0,9.629655558507366e-07,9.709583935757493e-07,"['results/stage6_v1/domain_wall_candidates/cache/4e5506ae4b2dbd9a05efdf282cbe80d5d73c10ad4dc771742295464a7052a420.npz', 'results/stage6_v1/domain_wall_candidates/cache/6c341a25c2dce29ab1f2e5c8760424dc1aaf9594575d6fce3530bb808d95e1cf.npz', 'results/stage6_v1/domain_wall_candidates/cache/df047d5a502324a790e724f5a0df98489590ad8a3c3176f5e551745f40efe3de.npz']"
C0,8,0.4757,0.093,low_field,"[631, 743, 857]",0,0,1,0,False,False,False,0.9692541941918061,0.9632658657292542,128.0,0.0007019978390201409,0.0014274422529755304,"['results/stage6_v1/domain_wall_candidates/cache/45fdd902f2a3575bc442527b0f832f5a444f2dc48fbb9f5738093ed4ef63f254.npz', 'results/stage6_v1/domain_wall_candidates/cache/2ad7c73c08f1b960fce03c513d9a2ebdbc37fa2ed7fd064fca8c82d6c8993bde.npz', 'results/stage6_v1/domain_wall_candidates/cache/46ebafe12e22deb9e54a9de3a2fe10388ca171a3d53ffc503921ac2c8f93050b.npz']"
C0,8,0.507,0.013,low_field,"[631, 743, 857]",3,3,3,3,True,True,True,0.9998583926509027,0.999857717252043,64.0,2.8090924419910124e-07,2.8093240045379275e-07,"['results/stage6_v1/domain_wall_candidates/cache/1772ddb53f0878556f37cdbb5bf62828adfa10d6849a1b51915112ab360b1272.npz', 'results/stage6_v1/domain_wall_candidates/cache/51239f04bb47a0d54c7f7bbecd4c50b6d15a9dd930c5817a78bb0204e1edcda1.npz', 'results/stage6_v1/domain_wall_candidates/cache/c00ca57fc43764d8ecc259aa90469df07c0d12105da22d7dc17fefd1258134ce.npz']"
C0,8,0.523,0.044,low_field,"[631, 743, 857]",3,3,3,3,True,True,True,0.9984460342055665,0.998440078189908,128.0,7.664879190016904e-06,7.743473303567505e-06,"['results/stage6_v1/domain_wall_candidates/cache/7b2e5fbc872aa4009098ac98edeaffaf969dc63864682e2fc85a624f9052e4b8.npz', 'results/stage6_v1/domain_wall_candidates/cache/d8c2726e69cc0ec5764afe7276aca85f57bac9c781765399ce21772d36f10e75.npz', 'results/stage6_v1/domain_wall_candidates/cache/b9556a6922d4c7a822624655bc35588f13532f940cd3a8d1a09161a4f8c8f238.npz']"
C0,8,0.539,0.093,low_field,"[631, 743, 857]",0,0,0,0,False,False,False,0.666593083995505,0.6665575333657836,128.0,0.0007575655389222558,0.0007575657181814188,"['results/stage6_v1/domain_wall_candidates/cache/96b39a4002d03f7ff142cb6675bf696d23505394b84e275125fc12e6c1829fd8.npz', 'results/stage6_v1/domain_wall_candidates/cache/c67b7d144a016b2d2335da1953d4cb35081bd21f3b35ee101b4359ab74f43eb9.npz', 'results/stage6_v1/domain_wall_candidates/cache/9db90a26a62c44869177528d09fc7c96209a8937e34b89433b1c0c5e44772a91.npz']"
C0,8,0.663,0.235,antiphase_band,"[631, 743, 857]",3,3,3,3,True,True,True,0.9979534192105558,0.9979529029367845,128.0,0.00018909516038490004,0.0001890957029708762,"['results/stage6_v1/domain_wall_candidates/cache/6d5506a9d75ba2e38564a564ed1b36c9583200a1e0cd0c0b627bc3ef95a25d77.npz', 'results/stage6_v1/domain_wall_candidates/cache/ca1cb6355b792bdbae85633c4336b10292d79572d87e8273dd19eb7ee544ecc1.npz', 'results/stage6_v1/domain_wall_candidates/cache/c3645b50902ed56f74e31fad9c0d0dfc00c5c27f2c9a0671c16dec5c88c1fa96.npz']"
C0,8,0.683,0.085,interior,"[631, 743, 857]",3,3,3,3,True,True,True,0.9999990550702357,0.9999990410174123,128.0,1.7821432762854528e-07,1.8047314043201368e-07,"['results/stage6_v1/domain_wall_candidates/cache/6faeffb1baebddca32577d28e995be05f11275c7a093b4492329a7a5054b33f5.npz', 'results/stage6_v1/domain_wall_candidates/cache/742c68f70da4e01e0ef8f25e6335208177fa975ab3ae46eb465b23c29e2d34e0.npz', 'results/stage6_v1/domain_wall_candidates/cache/b55842cbd0b29721127dc48f1b8fe0cf750e12f4437d8bed7a0905a23728c2fa.npz']"
C0,8,0.763,0.375,antiphase_band,"[631, 743, 857]",3,3,3,3,True,True,True,0.9971813710082627,0.9971812223658446,128.0,0.00045611753042551495,0.0004820576821463751,"['results/stage6_v1/domain_wall_candidates/cache/806a7f3084afb3fdbdd990920e4178c54a35a83ecdde644e5f80c05ba0c6efed.npz', 'results/stage6_v1/domain_wall_candidates/cache/268546f23059118fd1ce976a76b4871c8788c5c9611d913ccbe92defa9228ccd.npz', 'results/stage6_v1/domain_wall_candidates/cache/b1f8c87debf368b2c41122456a40c8d76b6c7cee60f2f67e20a1f1cca6bdde94.npz']"
C0,8,0.863,0.515,antiphase_band,"[631, 743, 857]",3,3,3,3,True,True,True,0.9978846738768691,0.9978599470762427,128.0,0.0006106782264988508,0.0006236605175427012,"['results/stage6_v1/domain_wall_candidates/cache/f6bd351ecece4d1d449836ecaec0cd230df741e0a1f07c7dce02f5e2b37eefd7.npz', 'results/stage6_v1/domain_wall_candidates/cache/d8a9f8780b1d6d3d9aff4bfd365aea2941931d8732a365cdebf73620a956922f.npz', 'results/stage6_v1/domain_wall_candidates/cache/be47241340e70124307c6a8a6bc2f965b27fed7e3d8756f068405b88eaef5da0.npz']"
C1,8,0.083,0.085,interior,"[631, 743, 857]",3,3,3,3,True,True,True,0.9999999603341678,0.9999999603292515,63.0,1.7112972372501645e-08,1.711300379181324e-08,"['results/stage6_v1/domain_wall_candidates/cache/867c296ba7ba87817386f035d4037efec02d5f70a1179ac06bebab4d53b0faae.npz', 'results/stage6_v1/domain_wall_candidates/cache/58033780247c7692c36cc85da366fbb9708c47364e38f0935eba81b8cfdd4ca4.npz', 'results/stage6_v1/domain_wall_candidates/cache/39afb4aaf0903400b1f0ea12dfd161d197651df9968c10f8703f3d681f6481cf.npz']"
C1,8,0.283,0.085,interior,"[631, 743, 857]",3,3,3,3,True,True,True,0.9999990784991022,0.9999990784811876,63.0,2.4191304126564006e-07,2.419131066577762e-07,"['results/stage6_v1/domain_wall_candidates/cache/d890c33e03a4bfa3129640757c4fdab9bd43dc9ec44b872fd538ce74bc0d9640.npz', 'results/stage6_v1/domain_wall_candidates/cache/e11dba8eceec388b69e6a7df0174cf1d1843214e76738a84640aea808bad0a31.npz', 'results/stage6_v1/domain_wall_candidates/cache/6f5ebda8b95fd22c794a38cc54e5388fc3b17937d08a709604539878da50f864.npz']"
C1,8,0.443,0.013,low_field,"[631, 743, 857]",3,3,3,3,True,True,True,0.9999999964962332,0.9999999964448731,63.0,4.656689478466092e-10,4.660342112217108e-10,"['results/stage6_v1/domain_wall_candidates/cache/36bbfd7dd16d70a159cb8831c61b63870ab63f55506178eef0628d77d586e142.npz', 'results/stage6_v1/domain_wall_candidates/cache/dc1d545709d5067480b8e7ca1e3b1a960429329c65a224b8702d3d3eb7f1b75b.npz', 'results/stage6_v1/domain_wall_candidates/cache/f33b12ed5e026c63b31c041540bba6ce3594e6cc74c894afad326b8c9bef17cd.npz']"
C1,8,0.459,0.044,low_field,"[631, 743, 857]",3,3,3,3,True,True,True,0.9999658879000916,0.9999658878404771,63.0,9.629644736053322e-07,9.629662270915773e-07,"['results/stage6_v1/domain_wall_candidates/cache/a48497e38cee0d46d4d3ee7403b611b65aef21cd385220c18c450422416363c8.npz', 'results/stage6_v1/domain_wall_candidates/cache/2c05ff074d0317c03e120ba6bfc4283fd19798828800cd878482d318ff16c2a8.npz', 'results/stage6_v1/domain_wall_candidates/cache/d0b4b8919c15bc421a1309606d40179c06c22b747d6880027adc3d60dc96acd9.npz']"
C1,8,0.4757,0.093,low_field,"[631, 743, 857]",0,3,0,0,False,False,True,0.9851060677647209,0.9851050398285249,128.0,0.0007021149365016299,0.0007021149424384365,"['results/stage6_v1/domain_wall_candidates/cache/46b65048d3e84680cc19daa6a4f3c4282677d1cd32699eb3c5101e1441f71ff2.npz', 'results/stage6_v1/domain_wall_candidates/cache/ee1432b78b33ea73f86c4dd7b59af5909b7ea0d87a16b03707d4340624fc8953.npz', 'results/stage6_v1/domain_wall_candidates/cache/e1a4594075513c8c9fe9c5a568840ba56c28cb65d30ccb7e48cd412487f8d021.npz']"
C1,8,0.507,0.013,low_field,"[631, 743, 857]",3,3,3,3,True,True,True,0.9998584066642784,0.9998572040843902,64.0,2.808990989811022e-07,2.8118043404745663e-07,"['results/stage6_v1/domain_wall_candidates/cache/c09a5cbc27de60b2f39554e76fc74a04b75fbcaa86ed477e90056179298dc9df.npz', 'results/stage6_v1/domain_wall_candidates/cache/7d9ee3b987486b607e43de9744bc61acc2e642438ef193662852cad2f11a6525.npz', 'results/stage6_v1/domain_wall_candidates/cache/356365a30750ccad4e22f3c0ade1487f848c70bfebb2285702f5f617610859a7.npz']"
C1,8,0.523,0.044,low_field,"[631, 743, 857]",3,3,3,3,True,True,True,0.998468809287194,0.998464544989248,128.0,7.116361833925389e-06,7.576997047342715e-06,"['results/stage6_v1/domain_wall_candidates/cache/d2b206f0e94960491e21604008a55cbf2ff26b9224be13c5303539d7058fc231.npz', 'results/stage6_v1/domain_wall_candidates/cache/badd47bb71ddace8decf2a4563cc2e2d3d5ec46f868f01f117904b9f928f4662.npz', 'results/stage6_v1/domain_wall_candidates/cache/e5febb69925357d52db4576c5f8c1c855d2ddd50071077e5652af162add2fd29.npz']"
C1,8,0.539,0.093,low_field,"[631, 743, 857]",0,0,0,0,False,False,False,0.668801007276359,0.6676191496111314,128.0,0.0007414372891103582,0.0007529709754429126,"['results/stage6_v1/domain_wall_candidates/cache/72848b436bd407c595b16d441eb79c11ad1c864f624a86f29b62c2fcbecfc0a6.npz', 'results/stage6_v1/domain_wall_candidates/cache/bfb43b9043380180bf9f6ab6ac68736d1838cafea9aac0f44c093dba6cd5d67e.npz', 'results/stage6_v1/domain_wall_candidates/cache/f9b2fe9c31ae20edb4345720f053c4b41d848bfcdc474b6ed984d3d567cc3720.npz']"
C1,8,0.663,0.235,antiphase_band,"[631, 743, 857]",3,3,3,3,True,True,True,0.9984940190392055,0.9982145197358095,128.0,0.00015823860165375958,0.00015823863292607765,"['results/stage6_v1/domain_wall_candidates/cache/6503d09670802451abaa59f182e1aa24b4e3fbb5501250ec433a33951c264bd3.npz', 'results/stage6_v1/domain_wall_candidates/cache/043b536c0c6e583b02e4424a5824343ab90df1d5e8e1cc46a6aa381c3b772874.npz', 'results/stage6_v1/domain_wall_candidates/cache/c0d14a6552b4842b5e53e0a6f6d0ec06d058ead179210e56039adda90aa2a1d3.npz']"
C1,8,0.683,0.085,interior,"[631, 743, 857]",3,3,3,3,True,True,True,0.9999992258175301,0.9999991342550456,128.0,1.3929471165408103e-07,1.5497868111058466e-07,"['results/stage6_v1/domain_wall_candidates/cache/90a5c8289d7a347330efc182f784d3ede153a684e7106e52602c160ae2c86c3d.npz', 'results/stage6_v1/domain_wall_candidates/cache/fff9139c9adf23b82127182f857ffb537a278ff1cc693a6e99ea3363f09e0b8a.npz', 'results/stage6_v1/domain_wall_candidates/cache/289315e2a06eb41e1e79e7ad738716f0d96a35a27b3518da862054293fe91fec.npz']"
C1,8,0.763,0.375,antiphase_band,"[631, 743, 857]",3,3,3,3,True,True,True,0.9980490481298802,0.998049014994311,128.0,0.0003879879909775008,0.00038798800247008547,"['results/stage6_v1/domain_wall_candidates/cache/27f7aaa36229b30668bce8c63db66806b3aa33a7f8b183646cf00bc215579dc8.npz', 'results/stage6_v1/domain_wall_candidates/cache/d59738f0959bdda9f8f696abfe2da05b9e4f25e3a1dbfc147e48eee46f4053aa.npz', 'results/stage6_v1/domain_wall_candidates/cache/ee98f03ec5c1016bcc902a9e21fb9c48f63a35285b9959892ad80a9da9e7564e.npz']"
C1,8,0.863,0.515,antiphase_band,"[631, 743, 857]",3,3,3,3,True,True,True,0.9987595625366524,0.9987595362390923,128.0,0.00041971773160109915,0.0004734410195916805,"['results/stage6_v1/domain_wall_candidates/cache/64da8c24fdf398ab2da23d4b03a638ae42ba3661060512da4c7f1ad264d81aa5.npz', 'results/stage6_v1/domain_wall_candidates/cache/a8b57397eba6727fc2f1f10043f7021dbe6bb8855b1a0c24913e22f667eb5b19.npz', 'results/stage6_v1/domain_wall_candidates/cache/c1a279819cf71bf31dbdd6d24f3ee70c07ed1233211fd99ce339169a94f8fd90.npz']"
H6,8,0.083,0.085,interior,"[631, 743, 857]",3,3,3,3,True,True,True,0.9999999477907369,0.9999999477460244,63.0,1.8467766427221477e-08,2.257793085824744e-08,"['results/stage6_v1/domain_wall_candidates/cache/93b547ba85dda8b8548f714869e83b3fbd686ef2d78332d463c110d37a23c445.npz', 'results/stage6_v1/domain_wall_candidates/cache/012cc816b9349e4c4c453509d790e032242f89c39b50e1e9a15061b1d15ac221.npz', 'results/stage6_v1/domain_wall_candidates/cache/d554a4a9ebfa79c26a5f95ef150e9a42d662337bb26b81cf9938080840ac6335.npz']"
H6,8,0.283,0.085,interior,"[631, 743, 857]",3,3,3,3,True,True,True,0.9999989969826925,0.9999989969681976,63.0,2.419605569237149e-07,2.5803793923806495e-07,"['results/stage6_v1/domain_wall_candidates/cache/ec460732c18988248525d1a0c27f343467927bee0ad5b6ce1b69765a5f04fb3f.npz', 'results/stage6_v1/domain_wall_candidates/cache/5ca61bc4dba8b209a10b8de44e7714a8818aad68366ecaa7ddc58985900b9007.npz', 'results/stage6_v1/domain_wall_candidates/cache/69d88988013df9ea469fc9a0e212895abdd01bfa9ece5fa6b275efedb693d327.npz']"
H6,8,0.443,0.013,low_field,"[631, 743, 857]",3,3,3,3,True,True,True,0.9999999074037661,0.9999999074032234,37.0,5.634036903678918e-09,5.660927837602969e-09,"['results/stage6_v1/domain_wall_candidates/cache/b1a7a07e5fa8f01ddb4cbea540de7bf05747d0b7807df5ce34e744271fe275ce.npz', 'results/stage6_v1/domain_wall_candidates/cache/a9fa5ca93a317a8b398a5c383aa5457d390cc49d1b361361a1fe92e98c6134df.npz', 'results/stage6_v1/domain_wall_candidates/cache/1ea44b118abd0c45df2a3564a9913f376bc8595881fb91bbcccd244c1f73f79b.npz']"
H6,8,0.459,0.044,low_field,"[631, 743, 857]",3,3,3,3,True,True,True,0.9999946703780327,0.9999905261561683,63.0,2.797105328466998e-07,3.4162236339785323e-07,"['results/stage6_v1/domain_wall_candidates/cache/fbb717dfe0db8d33929c0a185ec3ae53eabe773b5d33303cd9383ac0591fc388.npz', 'results/stage6_v1/domain_wall_candidates/cache/cfa7949e1d937a8dbc362c0bb96ee27f4455fd17183aa8ea7ef7ba11d0d83001.npz', 'results/stage6_v1/domain_wall_candidates/cache/17fdf5ec42b246939881031a703be33aa83cd9f865c59cb8970769d55f48d4dc.npz']"
H6,8,0.4757,0.093,low_field,"[631, 743, 857]",3,3,3,3,True,True,True,0.9986771981795824,0.9983043732261049,127.0,8.013065841228073e-05,0.0001248230221868596,"['results/stage6_v1/domain_wall_candidates/cache/a74e3c59bb0131fd8da3d4bad155854c6a33eabac9cb924caeb52a0c52afa057.npz', 'results/stage6_v1/domain_wall_candidates/cache/88b5bcc48f60f01ab83511796f097b892d7bfbc85ac5f10ea7d57c6054a3e46a.npz', 'results/stage6_v1/domain_wall_candidates/cache/cafe434daa568e2f4b1b71582e45f86b58fe5ce300e38c9be9212c2ff29a5b01.npz']"
H6,8,0.507,0.013,low_field,"[631, 743, 857]",0,3,0,3,False,False,True,0.49995258620906463,0.49995053133637335,63.0,1.6344662057132808e-07,1.7416085507093726e-07,"['results/stage6_v1/domain_wall_candidates/cache/0c154bf27d3abd37c4bd962f80dfd0591ddcd3ce57c5e070d346f3dab11f0bef.npz', 'results/stage6_v1/domain_wall_candidates/cache/ff7aa574ddc8ea31b038d903703a78a71b56c89600000a70c39ab9f8b33d3906.npz', 'results/stage6_v1/domain_wall_candidates/cache/94f8d4b5f0494fb323f0df2a0454653400f71f245fee3a87f658ac745ca6948e.npz']"
H6,8,0.523,0.044,low_field,"[631, 743, 857]",2,3,2,3,True,False,True,0.9984460342055665,0.500003463049691,128.0,7.664879190016904e-06,7.769163789195233e-06,"['results/stage6_v1/domain_wall_candidates/cache/7b2e5fbc872aa4009098ac98edeaffaf969dc63864682e2fc85a624f9052e4b8.npz', 'results/stage6_v1/domain_wall_candidates/cache/d8c2726e69cc0ec5764afe7276aca85f57bac9c781765399ce21772d36f10e75.npz', 'results/stage6_v1/domain_wall_candidates/cache/c6ba3d64dc1d788b1bd76aa05baeeab4fa31a265e31ef8b9a567dc89e02c9a46.npz']"
H6,8,0.539,0.093,low_field,"[631, 743, 857]",0,0,0,0,False,False,False,0.44553592591479463,0.44038508671816745,127.0,0.0006449604536612474,0.0006663942657357813,"['results/stage6_v1/domain_wall_candidates/cache/5bb77608bcb0f6bacf0e8206f2f3acfed59ba6711e20292b0561444116db10ac.npz', 'results/stage6_v1/domain_wall_candidates/cache/60e1c14e1e51abba6ac64181dcdbf5389f633b5781409a274b317a7dc2df7121.npz', 'results/stage6_v1/domain_wall_candidates/cache/9f8d60e5e3bb00543ae627bea28ca31e36fcdb337a8897a1686269b319e4b975.npz']"
H6,8,0.663,0.235,antiphase_band,"[631, 743, 857]",3,3,3,3,True,True,True,0.9979534192105558,0.9979529029367845,128.0,0.00018909516038490004,0.0001890957029708762,"['results/stage6_v1/domain_wall_candidates/cache/6d5506a9d75ba2e38564a564ed1b36c9583200a1e0cd0c0b627bc3ef95a25d77.npz', 'results/stage6_v1/domain_wall_candidates/cache/ca1cb6355b792bdbae85633c4336b10292d79572d87e8273dd19eb7ee544ecc1.npz', 'results/stage6_v1/domain_wall_candidates/cache/c3645b50902ed56f74e31fad9c0d0dfc00c5c27f2c9a0671c16dec5c88c1fa96.npz']"
H6,8,0.683,0.085,interior,"[631, 743, 857]",3,3,3,3,True,True,True,0.9999990550702357,0.9999990410174123,128.0,1.7821432762854528e-07,1.8047314043201368e-07,"['results/stage6_v1/domain_wall_candidates/cache/6faeffb1baebddca32577d28e995be05f11275c7a093b4492329a7a5054b33f5.npz', 'results/stage6_v1/domain_wall_candidates/cache/742c68f70da4e01e0ef8f25e6335208177fa975ab3ae46eb465b23c29e2d34e0.npz', 'results/stage6_v1/domain_wall_candidates/cache/b55842cbd0b29721127dc48f1b8fe0cf750e12f4437d8bed7a0905a23728c2fa.npz']"
H6,8,0.763,0.375,antiphase_band,"[631, 743, 857]",3,3,3,3,True,True,True,0.9971813710082627,0.9971812223658446,128.0,0.00045611753042551495,0.0004820576821463751,"['results/stage6_v1/domain_wall_candidates/cache/806a7f3084afb3fdbdd990920e4178c54a35a83ecdde644e5f80c05ba0c6efed.npz', 'results/stage6_v1/domain_wall_candidates/cache/268546f23059118fd1ce976a76b4871c8788c5c9611d913ccbe92defa9228ccd.npz', 'results/stage6_v1/domain_wall_candidates/cache/b1f8c87debf368b2c41122456a40c8d76b6c7cee60f2f67e20a1f1cca6bdde94.npz']"
H6,8,0.863,0.515,antiphase_band,"[631, 743, 857]",3,3,3,3,True,True,True,0.9978846738768691,0.9978599470762427,128.0,0.0006106782264988508,0.0006236605175427012,"['results/stage6_v1/domain_wall_candidates/cache/f6bd351ecece4d1d449836ecaec0cd230df741e0a1f07c7dce02f5e2b37eefd7.npz', 'results/stage6_v1/domain_wall_candidates/cache/d8a9f8780b1d6d3d9aff4bfd365aea2941931d8732a365cdebf73620a956922f.npz', 'results/stage6_v1/domain_wall_candidates/cache/be47241340e70124307c6a8a6bc2f965b27fed7e3d8756f068405b88eaef5da0.npz']"
