n,kappa,feature,level,bc,resolvable,low,high,position,all_peaks,competing,physical_interpretation,reference_numerical_ambiguous_count
8,0.0,minus_dm0_dh,RN,PBC,True,0.95,1.0,0.975,"[{'index': 24, 'coordinate': 0.975, 'value': 0.9677755222561393, 'interval_low': 0.95, 'interval_high': 1.0, 'endpoint': False, 'step': 0.04999999999999993}]",[],"Finite-size named feature only; C and SF are Fourier-related, not independent evidence",0
8,0.0,minus_dmap_dh,RN,PBC,False,,,,"[{'index': 0, 'coordinate': 0.07500000000000001, 'value': -0.004709516271574343, 'interval_low': 0.05, 'interval_high': 0.1, 'endpoint': True, 'step': 0.04999999999999993}, {'index': 44, 'coordinate': 1.975, 'value': -0.019880857347080987, 'interval_low': 1.95, 'interval_high': 2.0, 'endpoint': True, 'step': 0.04999999999999993}]",[],"Finite-size named feature only; C and SF are Fourier-related, not independent evidence",0
8,0.0,dmx_dh,RN,PBC,True,0.8875,0.9,0.89375,"[{'index': 19, 'coordinate': 0.89375, 'value': 0.8887340581476574, 'interval_low': 0.8875, 'interval_high': 0.9, 'endpoint': False, 'step': 0.04999999999999993}]",[],"Finite-size named feature only; C and SF are Fourier-related, not independent evidence",0
8,0.0,chi_f,RN,PBC,True,0.9125,0.925,0.91875,"[{'index': 21, 'coordinate': 0.91875, 'value': 1.906003180764822, 'interval_low': 0.9125, 'interval_high': 0.925, 'endpoint': False, 'step': 0.04999999999999993}]",[],"Finite-size named feature only; C and SF are Fourier-related, not independent evidence",0
8,0.1,minus_dm0_dh,RN,PBC,True,0.8,0.85,0.825,"[{'index': 21, 'coordinate': 0.825, 'value': 1.2037129548986518, 'interval_low': 0.8, 'interval_high': 0.85, 'endpoint': False, 'step': 0.04999999999999993}]",[],"Finite-size named feature only; C and SF are Fourier-related, not independent evidence",0
8,0.1,minus_dmap_dh,RN,PBC,False,,,,"[{'index': 0, 'coordinate': 0.07500000000000001, 'value': -0.005836996717885068, 'interval_low': 0.05, 'interval_high': 0.1, 'endpoint': True, 'step': 0.04999999999999993}, {'index': 44, 'coordinate': 1.975, 'value': -0.01584819117961321, 'interval_low': 1.95, 'interval_high': 2.0, 'endpoint': True, 'step': 0.04999999999999993}]",[],"Finite-size named feature only; C and SF are Fourier-related, not independent evidence",0
8,0.1,dmx_dh,RN,PBC,True,0.75,0.7625,0.75625,"[{'index': 17, 'coordinate': 0.75625, 'value': 1.0696850196052703, 'interval_low': 0.75, 'interval_high': 0.7625, 'endpoint': False, 'step': 0.04999999999999993}]",[],"Finite-size named feature only; C and SF are Fourier-related, not independent evidence",0
8,0.1,chi_f,RN,PBC,True,0.7625,0.775,0.76875,"[{'index': 18, 'coordinate': 0.76875, 'value': 2.882366168058833, 'interval_low': 0.7625, 'interval_high': 0.775, 'endpoint': False, 'step': 0.04999999999999993}]",[],"Finite-size named feature only; C and SF are Fourier-related, not independent evidence",0
8,0.2,minus_dm0_dh,RN,PBC,True,0.6375,0.65,0.64375,"[{'index': 17, 'coordinate': 0.64375, 'value': 1.6485851879425617, 'interval_low': 0.6375, 'interval_high': 0.65, 'endpoint': False, 'step': 0.04999999999999993}]",[],"Finite-size named feature only; C and SF are Fourier-related, not independent evidence",0
8,0.2,minus_dmap_dh,RN,PBC,False,,,,"[{'index': 0, 'coordinate': 0.07500000000000001, 'value': -0.007454619567797138, 'interval_low': 0.05, 'interval_high': 0.1, 'endpoint': True, 'step': 0.04999999999999993}, {'index': 44, 'coordinate': 1.975, 'value': -0.01227979507352982, 'interval_low': 1.95, 'interval_high': 2.0, 'endpoint': True, 'step': 0.04999999999999993}]",[],"Finite-size named feature only; C and SF are Fourier-related, not independent evidence",0
8,0.2,dmx_dh,RN,PBC,True,0.6,0.6125,0.60625,"[{'index': 14, 'coordinate': 0.60625, 'value': 1.3744842044512777, 'interval_low': 0.6, 'interval_high': 0.6125, 'endpoint': False, 'step': 0.04999999999999993}]",[],"Finite-size named feature only; C and SF are Fourier-related, not independent evidence",0
8,0.2,chi_f,RN,PBC,True,0.6125,0.625,0.61875,"[{'index': 15, 'coordinate': 0.61875, 'value': 5.1442735370322215, 'interval_low': 0.6125, 'interval_high': 0.625, 'endpoint': False, 'step': 0.04999999999999993}]",[],"Finite-size named feature only; C and SF are Fourier-related, not independent evidence",0
8,0.3,minus_dm0_dh,RN,PBC,True,0.4625,0.475,0.46875,"[{'index': 12, 'coordinate': 0.46875, 'value': 2.762411253644564, 'interval_low': 0.4625, 'interval_high': 0.475, 'endpoint': False, 'step': 0.04999999999999993}]",[],"Finite-size named feature only; C and SF are Fourier-related, not independent evidence",0
8,0.3,minus_dmap_dh,RN,PBC,False,,,,"[{'index': 0, 'coordinate': 0.07500000000000001, 'value': -0.010002809827908687, 'interval_low': 0.05, 'interval_high': 0.1, 'endpoint': True, 'step': 0.04999999999999993}, {'index': 44, 'coordinate': 1.975, 'value': -0.00873730601945149, 'interval_low': 1.95, 'interval_high': 2.0, 'endpoint': True, 'step': 0.04999999999999993}]",[],"Finite-size named feature only; C and SF are Fourier-related, not independent evidence",0
8,0.3,dmx_dh,RN,PBC,True,0.4375,0.45,0.44375,"[{'index': 10, 'coordinate': 0.44375, 'value': 2.0337195458670303, 'interval_low': 0.4375, 'interval_high': 0.45, 'endpoint': False, 'step': 0.04999999999999993}]",[],"Finite-size named feature only; C and SF are Fourier-related, not independent evidence",0
8,0.3,chi_f,RN,PBC,True,0.4375,0.45,0.44375,"[{'index': 10, 'coordinate': 0.44375, 'value': 13.345887796073889, 'interval_low': 0.4375, 'interval_high': 0.45, 'endpoint': False, 'step': 0.04999999999999993}]",[],"Finite-size named feature only; C and SF are Fourier-related, not independent evidence",0
8,0.4,minus_dm0_dh,RN,PBC,True,0.2375,0.25,0.24375,"[{'index': 11, 'coordinate': 0.24375, 'value': 9.119333557640212, 'interval_low': 0.2375, 'interval_high': 0.25, 'endpoint': False, 'step': 0.04999999999999982}]",[],"Finite-size named feature only; C and SF are Fourier-related, not independent evidence",0
8,0.4,minus_dmap_dh,RN,PBC,False,,,,"[{'index': 0, 'coordinate': 0.015, 'value': -0.0026234868644947618, 'interval_low': 0.01, 'interval_high': 0.02, 'endpoint': True, 'step': 0.04999999999999982}, {'index': 49, 'coordinate': 1.975, 'value': -0.0048167889604111514, 'interval_low': 1.95, 'interval_high': 2.0, 'endpoint': True, 'step': 0.04999999999999982}]",[],"Finite-size named feature only; C and SF are Fourier-related, not independent evidence",0
8,0.4,dmx_dh,RN,PBC,True,0.2375,0.25,0.24375,"[{'index': 11, 'coordinate': 0.24375, 'value': 4.911003835565602, 'interval_low': 0.2375, 'interval_high': 0.25, 'endpoint': False, 'step': 0.04999999999999982}]",[],"Finite-size named feature only; C and SF are Fourier-related, not independent evidence",0
8,0.4,chi_f,RN,PBC,True,0.2375,0.25,0.24375,"[{'index': 11, 'coordinate': 0.24375, 'value': 118.52351012147146, 'interval_low': 0.2375, 'interval_high': 0.25, 'endpoint': False, 'step': 0.04999999999999982}]",[],"Finite-size named feature only; C and SF are Fourier-related, not independent evidence",0
8,0.45,minus_dm0_dh,RN,PBC,True,0.1125,0.125,0.11875,"[{'index': 7, 'coordinate': 0.11875, 'value': 33.34821215211711, 'interval_low': 0.1125, 'interval_high': 0.125, 'endpoint': False, 'step': 0.04999999999999988}, {'index': 39, 'coordinate': 1.525, 'value': 0.007658016100511304, 'interval_low': 1.5, 'interval_high': 1.55, 'endpoint': False, 'step': 0.04999999999999988}]",[],"Finite-size named feature only; C and SF are Fourier-related, not independent evidence",0
8,0.45,minus_dmap_dh,RN,PBC,False,,,,"[{'index': 0, 'coordinate': 0.015, 'value': -0.003189351994667411, 'interval_low': 0.01, 'interval_high': 0.02, 'endpoint': True, 'step': 0.04999999999999988}, {'index': 13, 'coordinate': 0.225, 'value': -0.07233677706047119, 'interval_low': 0.2, 'interval_high': 0.25, 'endpoint': False, 'step': 0.04999999999999988}, {'index': 48, 'coordinate': 1.975, 'value': -0.0025993308370197954, 'interval_low': 1.95, 'interval_high': 2.0, 'endpoint': True, 'step': 0.04999999999999988}]",[],"Finite-size named feature only; C and SF are Fourier-related, not independent evidence",0
8,0.45,dmx_dh,RN,PBC,True,0.1125,0.125,0.11875,"[{'index': 7, 'coordinate': 0.11875, 'value': 15.920924935038466, 'interval_low': 0.1125, 'interval_high': 0.125, 'endpoint': False, 'step': 0.04999999999999988}]",[],"Finite-size named feature only; C and SF are Fourier-related, not independent evidence",0
8,0.45,chi_f,RN,PBC,True,0.1125,0.125,0.11875,"[{'index': 7, 'coordinate': 0.11875, 'value': 1715.8083849445188, 'interval_low': 0.1125, 'interval_high': 0.125, 'endpoint': False, 'step': 0.04999999999999988}]",[],"Finite-size named feature only; C and SF are Fourier-related, not independent evidence",0
8,0.475,minus_dm0_dh,RN,PBC,True,0.05,0.0625,0.05625,"[{'index': 5, 'coordinate': 0.05625, 'value': 62.73021469540802, 'interval_low': 0.05, 'interval_high': 0.0625, 'endpoint': False, 'step': 0.04999999999999982}, {'index': 52, 'coordinate': 1.875, 'value': 0.004770809348785838, 'interval_low': 1.85, 'interval_high': 1.9, 'endpoint': False, 'step': 0.04999999999999982}]",[],"Finite-size named feature only; C and SF are Fourier-related, not independent evidence",0
8,0.475,minus_dmap_dh,RN,PBC,False,,,,"[{'index': 0, 'coordinate': 0.015, 'value': -0.0038131348720771285, 'interval_low': 0.01, 'interval_high': 0.02, 'endpoint': True, 'step': 0.04999999999999982}, {'index': 9, 'coordinate': 0.10625000000000001, 'value': -0.04542181245057287, 'interval_low': 0.1, 'interval_high': 0.1125, 'endpoint': False, 'step': 0.04999999999999982}, {'index': 54, 'coordinate': 1.975, 'value': -0.001407402067195028, 'interval_low': 1.95, 'interval_high': 2.0, 'endpoint': True, 'step': 0.04999999999999982}]",[],"Finite-size named feature only; C and SF are Fourier-related, not independent evidence",0
8,0.475,dmx_dh,RN,PBC,True,0.05,0.0625,0.05625,"[{'index': 5, 'coordinate': 0.05625, 'value': 29.36741372652642, 'interval_low': 0.05, 'interval_high': 0.0625, 'endpoint': False, 'step': 0.04999999999999982}, {'index': 18, 'coordinate': 0.26875000000000004, 'value': 0.6211807766599703, 'interval_low': 0.2625, 'interval_high': 0.275, 'endpoint': False, 'step': 0.04999999999999982}]",[],"Finite-size named feature only; C and SF are Fourier-related, not independent evidence",0
8,0.475,chi_f,RN,PBC,True,0.05,0.0625,0.05625,"[{'index': 5, 'coordinate': 0.05625, 'value': 10071.201701310485, 'interval_low': 0.05, 'interval_high': 0.0625, 'endpoint': False, 'step': 0.04999999999999982}, {'index': 17, 'coordinate': 0.25625, 'value': 1.2496170418581023, 'interval_low': 0.25, 'interval_high': 0.2625, 'endpoint': False, 'step': 0.04999999999999982}]",[],"Finite-size named feature only; C and SF are Fourier-related, not independent evidence",0
8,0.5,minus_dm0_dh,RN,PBC,False,,,,"[{'index': 0, 'coordinate': 0.015, 'value': -0.055272578614617984, 'interval_low': 0.01, 'interval_high': 0.02, 'endpoint': True, 'step': 0.04999999999999982}, {'index': 49, 'coordinate': 1.975, 'value': 0.0028924659983031705, 'interval_low': 1.95, 'interval_high': 2.0, 'endpoint': True, 'step': 0.04999999999999982}]",[],"Finite-size named feature only; C and SF are Fourier-related, not independent evidence",0
8,0.5,minus_dmap_dh,RN,PBC,False,,,,"[{'index': 0, 'coordinate': 0.015, 'value': -0.025747450941311645, 'interval_low': 0.01, 'interval_high': 0.02, 'endpoint': True, 'step': 0.04999999999999982}, {'index': 49, 'coordinate': 1.975, 'value': -0.00015313730607258144, 'interval_low': 1.95, 'interval_high': 2.0, 'endpoint': True, 'step': 0.04999999999999982}]",[],"Finite-size named feature only; C and SF are Fourier-related, not independent evidence",0
8,0.5,dmx_dh,RN,PBC,True,0.2625,0.275,0.26875000000000004,"[{'index': 13, 'coordinate': 0.26875000000000004, 'value': 0.6326479607451402, 'interval_low': 0.2625, 'interval_high': 0.275, 'endpoint': False, 'step': 0.04999999999999982}]",[],"Finite-size named feature only; C and SF are Fourier-related, not independent evidence",0
8,0.5,chi_f,RN,PBC,True,0.2375,0.25,0.24375,"[{'index': 11, 'coordinate': 0.24375, 'value': 1.3449378461960149, 'interval_low': 0.2375, 'interval_high': 0.25, 'endpoint': False, 'step': 0.04999999999999982}]",[],"Finite-size named feature only; C and SF are Fourier-related, not independent evidence",0
8,0.525,minus_dm0_dh,RN,PBC,False,,,,"[{'index': 0, 'coordinate': 0.015, 'value': -0.003805265980721839, 'interval_low': 0.01, 'interval_high': 0.02, 'endpoint': True, 'step': 0.04999999999999982}, {'index': 8, 'coordinate': 0.09375, 'value': -0.07518461258774971, 'interval_low': 0.0875, 'interval_high': 0.1, 'endpoint': False, 'step': 0.04999999999999982}, {'index': 54, 'coordinate': 1.975, 'value': 0.0011864108458553557, 'interval_low': 1.95, 'interval_high': 2.0, 'endpoint': True, 'step': 0.04999999999999982}]",[],"Finite-size named feature only; C and SF are Fourier-related, not independent evidence",0
8,0.525,minus_dmap_dh,RN,PBC,True,0.05,0.0625,0.05625,"[{'index': 5, 'coordinate': 0.05625, 'value': 31.758088913283707, 'interval_low': 0.05, 'interval_high': 0.0625, 'endpoint': False, 'step': 0.04999999999999982}, {'index': 54, 'coordinate': 1.975, 'value': 0.0011684579310022858, 'interval_low': 1.95, 'interval_high': 2.0, 'endpoint': True, 'step': 0.04999999999999982}]",[],"Finite-size named feature only; C and SF are Fourier-related, not independent evidence",0
8,0.525,dmx_dh,RN,PBC,True,0.05,0.0625,0.05625,"[{'index': 5, 'coordinate': 0.05625, 'value': 30.522342088111827, 'interval_low': 0.05, 'interval_high': 0.0625, 'endpoint': False, 'step': 0.04999999999999982}, {'index': 17, 'coordinate': 0.25625, 'value': 0.6434563029925483, 'interval_low': 0.25, 'interval_high': 0.2625, 'endpoint': False, 'step': 0.04999999999999982}]",[],"Finite-size named feature only; C and SF are Fourier-related, not independent evidence",0
8,0.525,chi_f,RN,PBC,True,0.05,0.0625,0.05625,"[{'index': 5, 'coordinate': 0.05625, 'value': 12149.45749393031, 'interval_low': 0.05, 'interval_high': 0.0625, 'endpoint': False, 'step': 0.04999999999999982}, {'index': 17, 'coordinate': 0.25625, 'value': 1.3808072338860078, 'interval_low': 0.25, 'interval_high': 0.2625, 'endpoint': False, 'step': 0.04999999999999982}]",[],"Finite-size named feature only; C and SF are Fourier-related, not independent evidence",0
8,0.55,minus_dm0_dh,RN,PBC,False,,,,"[{'index': 0, 'coordinate': 0.015, 'value': -0.003188603258189066, 'interval_low': 0.01, 'interval_high': 0.02, 'endpoint': True, 'step': 0.04999999999999988}, {'index': 48, 'coordinate': 1.975, 'value': -0.0003992219042858732, 'interval_low': 1.95, 'interval_high': 2.0, 'endpoint': True, 'step': 0.04999999999999988}]",[],"Finite-size named feature only; C and SF are Fourier-related, not independent evidence",0
8,0.55,minus_dmap_dh,RN,PBC,True,0.1125,0.125,0.11875,"[{'index': 7, 'coordinate': 0.11875, 'value': 17.33565621163279, 'interval_low': 0.1125, 'interval_high': 0.125, 'endpoint': False, 'step': 0.04999999999999988}, {'index': 48, 'coordinate': 1.975, 'value': 0.0025622426838967072, 'interval_low': 1.95, 'interval_high': 2.0, 'endpoint': True, 'step': 0.04999999999999988}]",[],"Finite-size named feature only; C and SF are Fourier-related, not independent evidence",0
8,0.55,dmx_dh,RN,PBC,True,0.1125,0.125,0.11875,"[{'index': 7, 'coordinate': 0.11875, 'value': 17.142474423021444, 'interval_low': 0.1125, 'interval_high': 0.125, 'endpoint': False, 'step': 0.04999999999999988}]",[],"Finite-size named feature only; C and SF are Fourier-related, not independent evidence",0
8,0.55,chi_f,RN,PBC,True,0.1125,0.125,0.11875,"[{'index': 7, 'coordinate': 0.11875, 'value': 2040.2807600344634, 'interval_low': 0.1125, 'interval_high': 0.125, 'endpoint': False, 'step': 0.04999999999999988}, {'index': 14, 'coordinate': 0.275, 'value': 1.2548986952360568, 'interval_low': 0.25, 'interval_high': 0.3, 'endpoint': False, 'step': 0.04999999999999988}]",[],"Finite-size named feature only; C and SF are Fourier-related, not independent evidence",0
8,0.6,minus_dm0_dh,RN,PBC,False,,,,"[{'index': 0, 'coordinate': 0.015, 'value': -0.0026249374734364245, 'interval_low': 0.01, 'interval_high': 0.02, 'endpoint': True, 'step': 0.04999999999999982}, {'index': 49, 'coordinate': 1.975, 'value': -0.0032631169417157682, 'interval_low': 1.95, 'interval_high': 2.0, 'endpoint': True, 'step': 0.04999999999999982}]",[],"Finite-size named feature only; C and SF are Fourier-related, not independent evidence",0
8,0.6,minus_dmap_dh,RN,PBC,True,0.2375,0.25,0.24375,"[{'index': 11, 'coordinate': 0.24375, 'value': 4.104821323434048, 'interval_low': 0.2375, 'interval_high': 0.25, 'endpoint': False, 'step': 0.04999999999999982}, {'index': 48, 'coordinate': 1.9249999999999998, 'value': 0.005590659596944042, 'interval_low': 1.9, 'interval_high': 1.95, 'endpoint': False, 'step': 0.04999999999999982}]",[],"Finite-size named feature only; C and SF are Fourier-related, not independent evidence",0
8,0.6,dmx_dh,RN,PBC,True,0.225,0.2375,0.23125,"[{'index': 10, 'coordinate': 0.23125, 'value': 5.002434391151816, 'interval_low': 0.225, 'interval_high': 0.2375, 'endpoint': False, 'step': 0.04999999999999982}]",[],"Finite-size named feature only; C and SF are Fourier-related, not independent evidence",0
8,0.6,chi_f,RN,PBC,True,0.225,0.2375,0.23125,"[{'index': 10, 'coordinate': 0.23125, 'value': 108.0687702117533, 'interval_low': 0.225, 'interval_high': 0.2375, 'endpoint': False, 'step': 0.04999999999999982}]",[],"Finite-size named feature only; C and SF are Fourier-related, not independent evidence",0
8,0.7,minus_dm0_dh,RN,PBC,False,,,,"[{'index': 0, 'coordinate': 0.07500000000000001, 'value': -0.010194990260344849, 'interval_low': 0.05, 'interval_high': 0.1, 'endpoint': True, 'step': 0.04999999999999993}, {'index': 44, 'coordinate': 1.975, 'value': -0.008076472789163562, 'interval_low': 1.95, 'interval_high': 2.0, 'endpoint': True, 'step': 0.04999999999999993}]",[],"Finite-size named feature only; C and SF are Fourier-related, not independent evidence",0
8,0.7,minus_dmap_dh,RN,PBC,True,0.425,0.4375,0.43125,"[{'index': 12, 'coordinate': 0.43125, 'value': 1.1004832195250938, 'interval_low': 0.425, 'interval_high': 0.4375, 'endpoint': False, 'step': 0.04999999999999993}]",[],"Finite-size named feature only; C and SF are Fourier-related, not independent evidence",0
8,0.7,dmx_dh,RN,PBC,True,0.4,0.4125,0.40625,"[{'index': 10, 'coordinate': 0.40625, 'value': 2.127209416977752, 'interval_low': 0.4, 'interval_high': 0.4125, 'endpoint': False, 'step': 0.04999999999999993}]",[],"Finite-size named feature only; C and SF are Fourier-related, not independent evidence",0
8,0.7,chi_f,RN,PBC,True,0.4,0.4125,0.40625,"[{'index': 10, 'coordinate': 0.40625, 'value': 11.19540069436666, 'interval_low': 0.4, 'interval_high': 0.4125, 'endpoint': False, 'step': 0.04999999999999993}]",[],"Finite-size named feature only; C and SF are Fourier-related, not independent evidence",0
8,0.8,minus_dm0_dh,RN,PBC,False,,,,"[{'index': 0, 'coordinate': 0.07500000000000001, 'value': -0.00757037896521401, 'interval_low': 0.05, 'interval_high': 0.1, 'endpoint': True, 'step': 0.04999999999999993}, {'index': 44, 'coordinate': 1.975, 'value': -0.012136072642873464, 'interval_low': 1.95, 'interval_high': 2.0, 'endpoint': True, 'step': 0.04999999999999993}]",[],"Finite-size named feature only; C and SF are Fourier-related, not independent evidence",0
8,0.8,minus_dmap_dh,RN,PBC,True,0.55,0.6,0.575,"[{'index': 16, 'coordinate': 0.575, 'value': 0.6306230667993249, 'interval_low': 0.55, 'interval_high': 0.6, 'endpoint': False, 'step': 0.04999999999999993}]",[],"Finite-size named feature only; C and SF are Fourier-related, not independent evidence",0
8,0.8,dmx_dh,RN,PBC,True,0.5125,0.525,0.51875,"[{'index': 13, 'coordinate': 0.51875, 'value': 1.4636086108625712, 'interval_low': 0.5125, 'interval_high': 0.525, 'endpoint': False, 'step': 0.04999999999999993}]",[],"Finite-size named feature only; C and SF are Fourier-related, not independent evidence",0
8,0.8,chi_f,RN,PBC,True,0.525,0.5375,0.53125,"[{'index': 14, 'coordinate': 0.53125, 'value': 4.448571246798893, 'interval_low': 0.525, 'interval_high': 0.5375, 'endpoint': False, 'step': 0.04999999999999993}]",[],"Finite-size named feature only; C and SF are Fourier-related, not independent evidence",0
8,0.9,minus_dm0_dh,RN,PBC,False,,,,"[{'index': 0, 'coordinate': 0.07500000000000001, 'value': -0.005911031527111505, 'interval_low': 0.05, 'interval_high': 0.1, 'endpoint': True, 'step': 0.04999999999999993}, {'index': 44, 'coordinate': 1.975, 'value': -0.015834284563637765, 'interval_low': 1.95, 'interval_high': 2.0, 'endpoint': True, 'step': 0.04999999999999993}]",[],"Finite-size named feature only; C and SF are Fourier-related, not independent evidence",0
8,0.9,minus_dmap_dh,RN,PBC,True,0.7,0.75,0.725,"[{'index': 19, 'coordinate': 0.725, 'value': 0.4522679624925659, 'interval_low': 0.7, 'interval_high': 0.75, 'endpoint': False, 'step': 0.04999999999999993}]",[],"Finite-size named feature only; C and SF are Fourier-related, not independent evidence",0
8,0.9,dmx_dh,RN,PBC,True,0.6,0.6125,0.60625,"[{'index': 14, 'coordinate': 0.60625, 'value': 1.148872573282647, 'interval_low': 0.6, 'interval_high': 0.6125, 'endpoint': False, 'step': 0.04999999999999993}]",[],"Finite-size named feature only; C and SF are Fourier-related, not independent evidence",0
8,0.9,chi_f,RN,PBC,True,0.625,0.6375,0.63125,"[{'index': 16, 'coordinate': 0.63125, 'value': 2.5578249307627594, 'interval_low': 0.625, 'interval_high': 0.6375, 'endpoint': False, 'step': 0.04999999999999993}]",[],"Finite-size named feature only; C and SF are Fourier-related, not independent evidence",0
8,1.0,minus_dm0_dh,RN,PBC,False,,,,"[{'index': 0, 'coordinate': 0.07500000000000001, 'value': -0.00475882499416467, 'interval_low': 0.05, 'interval_high': 0.1, 'endpoint': True, 'step': 0.04999999999999993}, {'index': 44, 'coordinate': 1.975, 'value': -0.019407737438561484, 'interval_low': 1.95, 'interval_high': 2.0, 'endpoint': True, 'step': 0.04999999999999993}]",[],"Finite-size named feature only; C and SF are Fourier-related, not independent evidence",0
8,1.0,minus_dmap_dh,RN,PBC,True,0.8,0.85,0.825,"[{'index': 21, 'coordinate': 0.825, 'value': 0.36088327514970203, 'interval_low': 0.8, 'interval_high': 0.85, 'endpoint': False, 'step': 0.04999999999999993}]",[],"Finite-size named feature only; C and SF are Fourier-related, not independent evidence",0
8,1.0,dmx_dh,RN,PBC,True,0.6875,0.7,0.69375,"[{'index': 15, 'coordinate': 0.69375, 'value': 0.9596672610500113, 'interval_low': 0.6875, 'interval_high': 0.7, 'endpoint': False, 'step': 0.04999999999999993}]",[],"Finite-size named feature only; C and SF are Fourier-related, not independent evidence",0
8,1.0,chi_f,RN,PBC,True,0.7125,0.725,0.71875,"[{'index': 17, 'coordinate': 0.71875, 'value': 1.7233169658693468, 'interval_low': 0.7125, 'interval_high': 0.725, 'endpoint': False, 'step': 0.04999999999999993}]",[],"Finite-size named feature only; C and SF are Fourier-related, not independent evidence",0
12,0.0,minus_dm0_dh,RN,PBC,True,0.95,1.05,1.0,"[{'index': 9, 'coordinate': 1.0, 'value': 1.359948533424864, 'interval_low': 0.95, 'interval_high': 1.05, 'endpoint': False, 'step': 0.10000000000000002}]",[],"Finite-size named feature only; C and SF are Fourier-related, not independent evidence",0
12,0.0,minus_dmap_dh,RN,PBC,False,,,,"[{'index': 0, 'coordinate': 0.1, 'value': -0.004205877287006832, 'interval_low': 0.05, 'interval_high': 0.15, 'endpoint': True, 'step': 0.10000000000000002}, {'index': 18, 'coordinate': 1.9, 'value': -0.014345126049870196, 'interval_low': 1.85, 'interval_high': 1.95, 'endpoint': True, 'step': 0.10000000000000002}]",[],"Finite-size named feature only; C and SF are Fourier-related, not independent evidence",0
12,0.0,dmx_dh,RN,PBC,True,0.85,0.95,0.8999999999999999,"[{'index': 8, 'coordinate': 0.8999999999999999, 'value': 0.9525130728258704, 'interval_low': 0.85, 'interval_high': 0.95, 'endpoint': False, 'step': 0.10000000000000002}]",[],"Finite-size named feature only; C and SF are Fourier-related, not independent evidence",0
12,0.0,chi_f,RN,PBC,True,0.95,1.05,1.0,"[{'index': 9, 'coordinate': 1.0, 'value': 4.065629881341664, 'interval_low': 0.95, 'interval_high': 1.05, 'endpoint': False, 'step': 0.10000000000000002}]",[],"Finite-size named feature only; C and SF are Fourier-related, not independent evidence",0
12,0.3,minus_dm0_dh,RN,PBC,True,0.45,0.55,0.5,"[{'index': 4, 'coordinate': 0.5, 'value': 3.008408761223182, 'interval_low': 0.45, 'interval_high': 0.55, 'endpoint': False, 'step': 0.10000000000000002}]",[],"Finite-size named feature only; C and SF are Fourier-related, not independent evidence",0
12,0.3,minus_dmap_dh,RN,PBC,False,,,,"[{'index': 0, 'coordinate': 0.1, 'value': -0.009303408445728578, 'interval_low': 0.05, 'interval_high': 0.15, 'endpoint': True, 'step': 0.10000000000000002}, {'index': 18, 'coordinate': 1.9, 'value': -0.006559641613887732, 'interval_low': 1.85, 'interval_high': 1.95, 'endpoint': True, 'step': 0.10000000000000002}]",[],"Finite-size named feature only; C and SF are Fourier-related, not independent evidence",0
12,0.3,dmx_dh,RN,PBC,True,0.35,0.45,0.4,"[{'index': 3, 'coordinate': 0.4, 'value': 1.964113938228879, 'interval_low': 0.35, 'interval_high': 0.45, 'endpoint': False, 'step': 0.10000000000000002}]",[],"Finite-size named feature only; C and SF are Fourier-related, not independent evidence",0
12,0.3,chi_f,RN,PBC,True,0.35,0.45,0.4,"[{'index': 3, 'coordinate': 0.4, 'value': 23.983767420371237, 'interval_low': 0.35, 'interval_high': 0.45, 'endpoint': False, 'step': 0.10000000000000002}]",[],"Finite-size named feature only; C and SF are Fourier-related, not independent evidence",0
12,0.45,minus_dm0_dh,RN,PBC,True,0.1,0.125,0.1125,"[{'index': 5, 'coordinate': 0.1125, 'value': 32.48658968733125, 'interval_low': 0.1, 'interval_high': 0.125, 'endpoint': False, 'step': 0.09999999999999987}, {'index': 9, 'coordinate': 0.275, 'value': 0.12451374429659576, 'interval_low': 0.25, 'interval_high': 0.3, 'endpoint': False, 'step': 0.09999999999999987}, {'index': 23, 'coordinate': 1.6, 'value': 0.004581276682607278, 'interval_low': 1.55, 'interval_high': 1.65, 'endpoint': False, 'step': 0.09999999999999987}]",[],"Finite-size named feature only; C and SF are Fourier-related, not independent evidence",0
12,0.45,minus_dmap_dh,RN,PBC,False,,,,"[{'index': 0, 'coordinate': 0.015, 'value': -0.002126212169101249, 'interval_low': 0.01, 'interval_high': 0.02, 'endpoint': True, 'step': 0.09999999999999987}, {'index': 6, 'coordinate': 0.1375, 'value': -0.08027153231076127, 'interval_low': 0.125, 'interval_high': 0.15, 'endpoint': False, 'step': 0.09999999999999987}, {'index': 26, 'coordinate': 1.9, 'value': -0.002332259304984322, 'interval_low': 1.85, 'interval_high': 1.95, 'endpoint': True, 'step': 0.09999999999999987}]",[],"Finite-size named feature only; C and SF are Fourier-related, not independent evidence",0
12,0.45,dmx_dh,RN,PBC,True,0.1,0.125,0.1125,"[{'index': 5, 'coordinate': 0.1125, 'value': 11.404610955014558, 'interval_low': 0.1, 'interval_high': 0.125, 'endpoint': False, 'step': 0.09999999999999987}, {'index': 8, 'coordinate': 0.225, 'value': 1.359895902350853, 'interval_low': 0.2, 'interval_high': 0.25, 'endpoint': False, 'step': 0.09999999999999987}]",[],"Finite-size named feature only; C and SF are Fourier-related, not independent evidence",0
12,0.45,chi_f,RN,PBC,True,0.1,0.125,0.1125,"[{'index': 5, 'coordinate': 0.1125, 'value': 2995.1612169170076, 'interval_low': 0.1, 'interval_high': 0.125, 'endpoint': False, 'step': 0.09999999999999987}, {'index': 8, 'coordinate': 0.225, 'value': 20.685046978335777, 'interval_low': 0.2, 'interval_high': 0.25, 'endpoint': False, 'step': 0.09999999999999987}]",[],"Finite-size named feature only; C and SF are Fourier-related, not independent evidence",0
12,0.5,minus_dm0_dh,RN,PBC,False,,,,"[{'index': 0, 'coordinate': 0.015, 'value': -0.02220772025403779, 'interval_low': 0.01, 'interval_high': 0.02, 'endpoint': True, 'step': 0.09999999999999987}, {'index': 26, 'coordinate': 1.9, 'value': 0.0013644428413572846, 'interval_low': 1.85, 'interval_high': 1.95, 'endpoint': True, 'step': 0.09999999999999987}]",[],"Finite-size named feature only; C and SF are Fourier-related, not independent evidence",0
12,0.5,minus_dmap_dh,RN,PBC,False,,,,"[{'index': 0, 'coordinate': 0.015, 'value': -0.030914284757294075, 'interval_low': 0.01, 'interval_high': 0.02, 'endpoint': True, 'step': 0.09999999999999987}, {'index': 26, 'coordinate': 1.9, 'value': -0.0007757299420647912, 'interval_low': 1.85, 'interval_high': 1.95, 'endpoint': True, 'step': 0.09999999999999987}]",[],"Finite-size named feature only; C and SF are Fourier-related, not independent evidence",0
12,0.5,dmx_dh,RN,PBC,True,0.2,0.25,0.225,"[{'index': 8, 'coordinate': 0.225, 'value': 0.6296543359772256, 'interval_low': 0.2, 'interval_high': 0.25, 'endpoint': False, 'step': 0.09999999999999987}]",[],"Finite-size named feature only; C and SF are Fourier-related, not independent evidence",0
12,0.5,chi_f,RN,PBC,True,0.125,0.15,0.1375,"[{'index': 6, 'coordinate': 0.1375, 'value': 3.0975557450351774, 'interval_low': 0.125, 'interval_high': 0.15, 'endpoint': False, 'step': 0.09999999999999987}]",[],"Finite-size named feature only; C and SF are Fourier-related, not independent evidence",0
12,0.55,minus_dm0_dh,RN,PBC,False,,,,"[{'index': 0, 'coordinate': 0.015, 'value': -0.002122101271301366, 'interval_low': 0.01, 'interval_high': 0.02, 'endpoint': True, 'step': 0.09999999999999987}, {'index': 5, 'coordinate': 0.1125, 'value': -0.033047464784484316, 'interval_low': 0.1, 'interval_high': 0.125, 'endpoint': False, 'step': 0.09999999999999987}, {'index': 26, 'coordinate': 1.9, 'value': -0.001201879718683853, 'interval_low': 1.85, 'interval_high': 1.95, 'endpoint': True, 'step': 0.09999999999999987}]",[],"Finite-size named feature only; C and SF are Fourier-related, not independent evidence",0
12,0.55,minus_dmap_dh,RN,PBC,True,0.075,0.1,0.0875,"[{'index': 4, 'coordinate': 0.0875, 'value': 17.94718888190464, 'interval_low': 0.075, 'interval_high': 0.1, 'endpoint': False, 'step': 0.09999999999999987}, {'index': 26, 'coordinate': 1.9, 'value': 0.0008889462277084104, 'interval_low': 1.85, 'interval_high': 1.95, 'endpoint': True, 'step': 0.09999999999999987}]",[],"Finite-size named feature only; C and SF are Fourier-related, not independent evidence",0
12,0.55,dmx_dh,RN,PBC,True,0.075,0.1,0.0875,"[{'index': 4, 'coordinate': 0.0875, 'value': 16.593786231187025, 'interval_low': 0.075, 'interval_high': 0.1, 'endpoint': False, 'step': 0.09999999999999987}, {'index': 10, 'coordinate': 0.32499999999999996, 'value': 0.5851953475062445, 'interval_low': 0.3, 'interval_high': 0.35, 'endpoint': False, 'step': 0.09999999999999987}]",[],"Finite-size named feature only; C and SF are Fourier-related, not independent evidence",0
12,0.55,chi_f,RN,PBC,True,0.075,0.1,0.0875,"[{'index': 4, 'coordinate': 0.0875, 'value': 7673.339161592907, 'interval_low': 0.075, 'interval_high': 0.1, 'endpoint': False, 'step': 0.09999999999999987}, {'index': 10, 'coordinate': 0.32499999999999996, 'value': 2.1939164018377184, 'interval_low': 0.3, 'interval_high': 0.35, 'endpoint': False, 'step': 0.09999999999999987}]",[],"Finite-size named feature only; C and SF are Fourier-related, not independent evidence",0
12,0.8,minus_dm0_dh,RN,PBC,False,,,,"[{'index': 0, 'coordinate': 0.1, 'value': -0.0067576299475138255, 'interval_low': 0.05, 'interval_high': 0.15, 'endpoint': True, 'step': 0.10000000000000002}, {'index': 18, 'coordinate': 1.9, 'value': -0.009706349487841477, 'interval_low': 1.85, 'interval_high': 1.95, 'endpoint': True, 'step': 0.10000000000000002}]",[],"Finite-size named feature only; C and SF are Fourier-related, not independent evidence",0
12,0.8,minus_dmap_dh,RN,PBC,True,0.45,0.55,0.5,"[{'index': 4, 'coordinate': 0.5, 'value': 1.7899792462371042, 'interval_low': 0.45, 'interval_high': 0.55, 'endpoint': False, 'step': 0.10000000000000002}]",[],"Finite-size named feature only; C and SF are Fourier-related, not independent evidence",0
12,0.8,dmx_dh,RN,PBC,True,0.45,0.55,0.5,"[{'index': 4, 'coordinate': 0.5, 'value': 2.351028765295868, 'interval_low': 0.45, 'interval_high': 0.55, 'endpoint': False, 'step': 0.10000000000000002}]",[],"Finite-size named feature only; C and SF are Fourier-related, not independent evidence",0
12,0.8,chi_f,RN,PBC,True,0.45,0.55,0.5,"[{'index': 4, 'coordinate': 0.5, 'value': 30.722740152206296, 'interval_low': 0.45, 'interval_high': 0.55, 'endpoint': False, 'step': 0.10000000000000002}]",[],"Finite-size named feature only; C and SF are Fourier-related, not independent evidence",0
16,0.0,minus_dm0_dh,RN,PBC,True,0.95,1.05,1.0,"[{'index': 9, 'coordinate': 1.0, 'value': 1.7147201414892517, 'interval_low': 0.95, 'interval_high': 1.05, 'endpoint': False, 'step': 0.10000000000000002}]",[],"Finite-size named feature only; C and SF are Fourier-related, not independent evidence",0
16,0.0,minus_dmap_dh,RN,PBC,False,,,,"[{'index': 0, 'coordinate': 0.1, 'value': -0.003154407951377614, 'interval_low': 0.05, 'interval_high': 0.15, 'endpoint': True, 'step': 0.10000000000000002}, {'index': 18, 'coordinate': 1.9, 'value': -0.010725367259854249, 'interval_low': 1.85, 'interval_high': 1.95, 'endpoint': True, 'step': 0.10000000000000002}]",[],"Finite-size named feature only; C and SF are Fourier-related, not independent evidence",0
16,0.0,dmx_dh,RN,PBC,True,0.95,1.05,1.0,"[{'index': 9, 'coordinate': 1.0, 'value': 1.02604125063972, 'interval_low': 0.95, 'interval_high': 1.05, 'endpoint': False, 'step': 0.10000000000000002}]",[],"Finite-size named feature only; C and SF are Fourier-related, not independent evidence",0
16,0.0,chi_f,RN,PBC,True,0.95,1.05,1.0,"[{'index': 9, 'coordinate': 1.0, 'value': 7.306783586150816, 'interval_low': 0.95, 'interval_high': 1.05, 'endpoint': False, 'step': 0.10000000000000002}]",[],"Finite-size named feature only; C and SF are Fourier-related, not independent evidence",0
16,0.3,minus_dm0_dh,RN,PBC,True,0.35,0.45,0.4,"[{'index': 3, 'coordinate': 0.4, 'value': 3.53063447349077, 'interval_low': 0.35, 'interval_high': 0.45, 'endpoint': False, 'step': 0.10000000000000002}]",[],"Finite-size named feature only; C and SF are Fourier-related, not independent evidence",0
16,0.3,minus_dmap_dh,RN,PBC,False,,,,"[{'index': 0, 'coordinate': 0.1, 'value': -0.006977514355610005, 'interval_low': 0.05, 'interval_high': 0.15, 'endpoint': True, 'step': 0.10000000000000002}, {'index': 18, 'coordinate': 1.9, 'value': -0.004920455833562355, 'interval_low': 1.85, 'interval_high': 1.95, 'endpoint': True, 'step': 0.10000000000000002}]",[],"Finite-size named feature only; C and SF are Fourier-related, not independent evidence",0
16,0.3,dmx_dh,RN,PBC,True,0.35,0.45,0.4,"[{'index': 3, 'coordinate': 0.4, 'value': 2.0242157401885885, 'interval_low': 0.35, 'interval_high': 0.45, 'endpoint': False, 'step': 0.10000000000000002}]",[],"Finite-size named feature only; C and SF are Fourier-related, not independent evidence",0
16,0.3,chi_f,RN,PBC,True,0.35,0.45,0.4,"[{'index': 3, 'coordinate': 0.4, 'value': 38.957712211413345, 'interval_low': 0.35, 'interval_high': 0.45, 'endpoint': False, 'step': 0.10000000000000002}]",[],"Finite-size named feature only; C and SF are Fourier-related, not independent evidence",0
16,0.45,minus_dm0_dh,RN,PBC,True,0.1,0.125,0.1125,"[{'index': 5, 'coordinate': 0.1125, 'value': 33.14393864423424, 'interval_low': 0.1, 'interval_high': 0.125, 'endpoint': False, 'step': 0.09999999999999987}, {'index': 23, 'coordinate': 1.6, 'value': 0.003488633095397741, 'interval_low': 1.55, 'interval_high': 1.65, 'endpoint': False, 'step': 0.09999999999999987}]",[],"Finite-size named feature only; C and SF are Fourier-related, not independent evidence",0
16,0.45,minus_dmap_dh,RN,PBC,False,,,,"[{'index': 0, 'coordinate': 0.015, 'value': -0.001594659122941544, 'interval_low': 0.01, 'interval_high': 0.02, 'endpoint': True, 'step': 0.09999999999999987}, {'index': 8, 'coordinate': 0.225, 'value': -0.05245113649976639, 'interval_low': 0.2, 'interval_high': 0.25, 'endpoint': False, 'step': 0.09999999999999987}, {'index': 26, 'coordinate': 1.9, 'value': -0.0017358529970230875, 'interval_low': 1.85, 'interval_high': 1.95, 'endpoint': True, 'step': 0.09999999999999987}]",[],"Finite-size named feature only; C and SF are Fourier-related, not independent evidence",0
16,0.45,dmx_dh,RN,PBC,True,0.1,0.125,0.1125,"[{'index': 5, 'coordinate': 0.1125, 'value': 9.69372161714557, 'interval_low': 0.1, 'interval_high': 0.125, 'endpoint': False, 'step': 0.09999999999999987}]",[],"Finite-size named feature only; C and SF are Fourier-related, not independent evidence",0
16,0.45,chi_f,RN,PBC,True,0.1,0.125,0.1125,"[{'index': 5, 'coordinate': 0.1125, 'value': 3797.177219667494, 'interval_low': 0.1, 'interval_high': 0.125, 'endpoint': False, 'step': 0.09999999999999987}]",[],"Finite-size named feature only; C and SF are Fourier-related, not independent evidence",0
16,0.5,minus_dm0_dh,RN,PBC,False,,,,"[{'index': 0, 'coordinate': 0.015, 'value': -0.027617879131840162, 'interval_low': 0.01, 'interval_high': 0.02, 'endpoint': True, 'step': 0.09999999999999987}, {'index': 26, 'coordinate': 1.9, 'value': 0.001038650871119097, 'interval_low': 1.85, 'interval_high': 1.95, 'endpoint': True, 'step': 0.09999999999999987}]",[],"Finite-size named feature only; C and SF are Fourier-related, not independent evidence",0
16,0.5,minus_dmap_dh,RN,PBC,False,,,,"[{'index': 0, 'coordinate': 0.015, 'value': -0.014524794549667513, 'interval_low': 0.01, 'interval_high': 0.02, 'endpoint': True, 'step': 0.09999999999999987}, {'index': 26, 'coordinate': 1.9, 'value': -0.0005607993988539236, 'interval_low': 1.85, 'interval_high': 1.95, 'endpoint': True, 'step': 0.09999999999999987}]",[],"Finite-size named feature only; C and SF are Fourier-related, not independent evidence",0
16,0.5,dmx_dh,RN,PBC,True,0.15,0.2,0.175,"[{'index': 7, 'coordinate': 0.175, 'value': 0.7473677474688831, 'interval_low': 0.15, 'interval_high': 0.2, 'endpoint': False, 'step': 0.09999999999999987}]",[],"Finite-size named feature only; C and SF are Fourier-related, not independent evidence",0
16,0.5,chi_f,RN,PBC,True,0.1,0.125,0.1125,"[{'index': 5, 'coordinate': 0.1125, 'value': 10.352165370233452, 'interval_low': 0.1, 'interval_high': 0.125, 'endpoint': False, 'step': 0.09999999999999987}]",[],"Finite-size named feature only; C and SF are Fourier-related, not independent evidence",0
16,0.55,minus_dm0_dh,RN,PBC,False,,,,"[{'index': 0, 'coordinate': 0.015, 'value': -0.0015915686686781363, 'interval_low': 0.01, 'interval_high': 0.02, 'endpoint': True, 'step': 0.09999999999999987}, {'index': 4, 'coordinate': 0.0875, 'value': -0.017863093412301682, 'interval_low': 0.075, 'interval_high': 0.1, 'endpoint': False, 'step': 0.09999999999999987}, {'index': 26, 'coordinate': 1.9, 'value': -0.0008970245204931183, 'interval_low': 1.85, 'interval_high': 1.95, 'endpoint': True, 'step': 0.09999999999999987}]",[],"Finite-size named feature only; C and SF are Fourier-related, not independent evidence",0
16,0.55,minus_dmap_dh,RN,PBC,True,0.05,0.075,0.0625,"[{'index': 3, 'coordinate': 0.0625, 'value': 18.319409835750335, 'interval_low': 0.05, 'interval_high': 0.075, 'endpoint': False, 'step': 0.09999999999999987}, {'index': 26, 'coordinate': 1.9, 'value': 0.0006888452121273101, 'interval_low': 1.85, 'interval_high': 1.95, 'endpoint': True, 'step': 0.09999999999999987}]",[],"Finite-size named feature only; C and SF are Fourier-related, not independent evidence",0
16,0.55,dmx_dh,RN,PBC,True,0.05,0.075,0.0625,"[{'index': 3, 'coordinate': 0.0625, 'value': 15.350316570242837, 'interval_low': 0.05, 'interval_high': 0.075, 'endpoint': False, 'step': 0.09999999999999987}, {'index': 9, 'coordinate': 0.275, 'value': 0.7644237396057687, 'interval_low': 0.25, 'interval_high': 0.3, 'endpoint': False, 'step': 0.09999999999999987}]",[],"Finite-size named feature only; C and SF are Fourier-related, not independent evidence",0
16,0.55,chi_f,RN,PBC,True,0.05,0.075,0.0625,"[{'index': 3, 'coordinate': 0.0625, 'value': 14653.119205686873, 'interval_low': 0.05, 'interval_high': 0.075, 'endpoint': False, 'step': 0.09999999999999987}, {'index': 9, 'coordinate': 0.275, 'value': 6.786358342996934, 'interval_low': 0.25, 'interval_high': 0.3, 'endpoint': False, 'step': 0.09999999999999987}]",[],"Finite-size named feature only; C and SF are Fourier-related, not independent evidence",0
16,0.8,minus_dm0_dh,RN,PBC,False,,,,"[{'index': 0, 'coordinate': 0.1, 'value': -0.005063443835577901, 'interval_low': 0.05, 'interval_high': 0.15, 'endpoint': True, 'step': 0.10000000000000002}, {'index': 5, 'coordinate': 0.6000000000000001, 'value': -0.0376351420911162, 'interval_low': 0.55, 'interval_high': 0.65, 'endpoint': False, 'step': 0.10000000000000002}, {'index': 18, 'coordinate': 1.9, 'value': -0.007553980200022691, 'interval_low': 1.85, 'interval_high': 1.95, 'endpoint': True, 'step': 0.10000000000000002}]",[],"Finite-size named feature only; C and SF are Fourier-related, not independent evidence",0
16,0.8,minus_dmap_dh,RN,PBC,True,0.35,0.45,0.4,"[{'index': 3, 'coordinate': 0.4, 'value': 2.3734804194405648, 'interval_low': 0.35, 'interval_high': 0.45, 'endpoint': False, 'step': 0.10000000000000002}, {'index': 15, 'coordinate': 1.6, 'value': 0.009591172156571971, 'interval_low': 1.55, 'interval_high': 1.65, 'endpoint': False, 'step': 0.10000000000000002}]",[],"Finite-size named feature only; C and SF are Fourier-related, not independent evidence",0
16,0.8,dmx_dh,RN,PBC,True,0.35,0.45,0.4,"[{'index': 3, 'coordinate': 0.4, 'value': 2.5116636720816437, 'interval_low': 0.35, 'interval_high': 0.45, 'endpoint': False, 'step': 0.10000000000000002}]",[],"Finite-size named feature only; C and SF are Fourier-related, not independent evidence",0
16,0.8,chi_f,RN,PBC,True,0.35,0.45,0.4,"[{'index': 3, 'coordinate': 0.4, 'value': 73.64722748749091, 'interval_low': 0.35, 'interval_high': 0.45, 'endpoint': False, 'step': 0.10000000000000002}]",[],"Finite-size named feature only; C and SF are Fourier-related, not independent evidence",0
multiN,0.8,antiphase_to_candidate_floating,Rlarge_OBC_bracket,OBC,False,,,,,,"Bracket of supported sampled sides, with unresolved points retained; not a midpoint estimate, thermodynamic exact boundary or statistical confidence interval.",
multiN,0.8,candidate_floating_to_paramagnetic_side,Rlarge_OBC_bracket,OBC,False,,,,,,"Bracket of supported sampled sides, with unresolved points retained; not a midpoint estimate, thermodynamic exact boundary or statistical confidence interval.",
