n,group,kappa,h,candidates,historical_pass,S0_pass,S1_pass,S2_pass,oracle_available,S0_cnots,S1_cnots,S2_cnots,S2_unresolved,category,S2_fidelity,S2_energy_error,S2_w0
8,map,0.0,0.1,11,True,True,True,True,True,31,54,54,False,candidate_available,0.9999999837167218,8.018438135692918e-09,0.9999999921534186
8,map,0.0,0.2,13,True,True,True,True,True,31,86,64,False,candidate_available,0.9999983181068479,7.706504188131902e-07,0.9999997647050707
8,map,0.0,0.3,13,True,True,True,True,True,64,103,80,False,candidate_available,0.9999999997113118,1.5977907885655895e-10,0.9999999997753201
8,map,0.0,0.4,13,True,True,True,True,True,64,82,82,False,candidate_available,0.9999999999837337,8.987477428945567e-12,0.9999999999860514
8,map,0.0,0.5,16,True,True,True,True,True,95,97,95,False,candidate_available,0.9999988738911729,6.418955638132218e-07,0.9999988936851265
8,map,0.0,0.6,17,True,True,True,True,True,90,90,90,False,candidate_available,0.9999999999803255,1.3098189199922672e-11,0.9999999999837197
8,map,0.0,0.7,15,True,True,True,True,True,64,92,92,False,candidate_available,0.9999999999803366,1.180811004530824e-11,0.9999999999823119
8,map,0.0,0.8,16,True,True,True,True,True,96,106,96,False,candidate_available,0.9999997022556186,3.5095201056378755e-07,0.9999997503691866
8,map,0.0,0.9,17,True,True,True,True,True,96,116,96,False,candidate_available,0.9999995411807394,5.418344342089654e-07,0.9999996087398006
8,map,0.0,1.0,17,True,True,True,True,True,96,120,115,False,candidate_available,0.9999999994467452,6.041012134971879e-10,0.9999999995450812
8,map,0.0,1.1,16,True,True,True,True,True,127,128,127,False,candidate_available,0.999999969354807,3.342187970822863e-08,0.9999999771315291
8,map,0.0,1.2,18,True,True,True,True,True,96,124,124,False,candidate_available,0.9999999996911582,4.129581121503634e-10,0.9999999997686143
8,map,0.0,1.3,15,True,True,True,True,True,95,127,127,False,candidate_available,0.9999999998061586,2.6116997453584645e-10,0.9999999998304612
8,map,0.0,1.4,17,True,True,True,True,True,95,127,127,False,candidate_available,0.9999994396229818,8.298654985416931e-07,0.9999995193808988
8,map,0.0,1.5,15,True,True,True,True,True,127,127,127,False,candidate_available,0.9999997312090659,4.481960658164752e-07,0.9999997522197661
8,map,0.0,1.6,17,True,True,True,True,True,95,128,127,False,candidate_available,0.9999993507841055,1.1057814568449231e-06,0.9999995064712388
8,map,0.0,1.7,15,True,True,True,True,True,96,127,127,False,candidate_available,0.9999996248706094,6.791549731488544e-07,0.9999997408115162
8,map,0.0,1.8,16,True,True,True,True,True,63,128,127,False,candidate_available,0.9999990227536755,1.7648808494641344e-06,0.9999995624356773
8,map,0.0,1.9,17,True,True,True,True,True,63,128,127,False,candidate_available,0.9999993841677048,1.1823661179022338e-06,0.9999996015597452
8,map,0.0,2.0,16,True,True,True,True,True,63,115,115,False,candidate_available,0.9999999976270075,4.729436398065445e-09,0.9999999982965667
8,map,0.05,0.1,11,True,True,True,True,True,31,64,54,False,candidate_available,0.9999999634482369,1.7487694292661615e-08,0.9999999875389372
8,map,0.05,0.2,13,True,True,True,True,True,31,114,96,False,candidate_available,0.9999994596074357,2.352504753222462e-07,0.9999997653911765
8,map,0.05,0.3,14,True,True,True,True,True,63,118,95,False,candidate_available,0.9999990873258799,5.296036663660075e-07,0.9999993815088569
8,map,0.05,0.4,16,True,True,True,True,True,64,117,117,False,candidate_available,0.9999999711327796,2.573374258130201e-08,0.9999999973383324
8,map,0.05,0.5,16,True,True,True,True,True,96,128,127,False,candidate_available,0.9999998972370443,8.717326993590291e-08,0.9999999961558703
8,map,0.05,0.6,16,True,True,True,True,True,95,122,122,False,candidate_available,0.9999998760364551,1.0928344518212896e-07,0.9999999371780774
8,map,0.05,0.7,15,True,True,True,True,True,95,127,96,False,candidate_available,0.9999990562603807,7.780971926774072e-07,0.9999998311738532
8,map,0.05,0.8,13,True,True,True,True,True,127,127,127,False,candidate_available,0.9999994846025271,4.395906822995954e-07,0.9999998323268868
8,map,0.05,0.9,18,True,True,True,True,True,95,128,127,False,candidate_available,0.9999992709829916,6.494247899446748e-07,0.9999997156180063
8,map,0.05,1.0,17,True,True,True,True,True,95,127,127,False,candidate_available,0.9999994629576571,5.087189323127461e-07,0.99999979035879
8,map,0.05,1.1,18,True,True,True,True,True,95,127,127,False,candidate_available,0.99999972214649,2.91951687936276e-07,0.9999998675853475
8,map,0.05,1.2,17,True,True,True,True,True,95,127,127,False,candidate_available,0.9999982070517229,2.3224457863513237e-06,0.9999984473550184
8,map,0.05,1.3,17,True,True,True,True,True,95,127,127,False,candidate_available,0.9999992238621416,1.100668094222712e-06,0.999999446493262
8,map,0.05,1.4,17,True,True,True,True,True,95,127,127,False,candidate_available,0.999998899793423,1.5949375651302944e-06,0.9999992532298796
8,map,0.05,1.5,17,True,True,True,True,True,64,128,128,False,candidate_available,0.999998996952937,1.4637793426253154e-06,0.9999994369003202
8,map,0.05,1.6,18,True,True,True,True,True,63,128,127,False,candidate_available,0.9999995340074191,7.458352375699917e-07,0.9999996292538733
8,map,0.05,1.7,17,True,True,True,True,True,63,127,127,False,candidate_available,0.9999998820950528,2.10947751488888e-07,0.999999902989596
8,map,0.05,1.8,17,True,True,True,True,True,63,128,127,False,candidate_available,0.9999993521254954,1.1576254594913848e-06,0.9999996165429021
8,map,0.05,1.9,18,True,True,True,True,True,63,127,95,False,candidate_available,0.999999630430155,7.244031419162411e-07,0.9999997337569713
8,map,0.05,2.0,17,True,True,True,True,True,63,125,95,False,candidate_available,0.9999996300035443,6.975822421928513e-07,0.9999997316026433
8,map,0.1,0.1,14,True,True,True,True,True,31,70,63,False,candidate_available,0.9999998326123712,6.886315362386597e-08,0.9999999765246199
8,map,0.1,0.2,14,True,True,True,True,True,31,122,96,False,candidate_available,0.9999973756327548,9.476851982048728e-07,0.9999989812411958
8,map,0.1,0.3,13,True,True,True,True,True,63,108,108,False,candidate_available,0.9999999675108295,2.7666933299919094e-08,0.9999999926710589
8,map,0.1,0.4,15,True,True,True,True,True,96,126,126,False,candidate_available,0.9999998817474062,9.763931130279957e-08,0.9999999605443486
8,map,0.1,0.5,15,True,True,True,True,True,95,128,127,False,candidate_available,0.9999992905377341,5.52124852837288e-07,0.9999999405876514
8,map,0.1,0.6,18,True,True,True,True,True,95,128,127,False,candidate_available,0.9999976946231741,1.737129066148313e-06,0.9999998726844568
8,map,0.1,0.7,17,True,True,True,True,True,95,128,127,False,candidate_available,0.9999969308083281,2.2174384088913257e-06,0.9999993426266072
8,map,0.1,0.8,17,True,True,True,True,True,95,128,128,False,candidate_available,0.9999979428360178,1.5556631036695023e-06,0.9999993469666666
8,map,0.1,0.9,17,True,True,True,True,True,96,128,128,False,candidate_available,0.9999984629547383,1.4618102184282833e-06,0.9999990820635527
8,map,0.1,1.0,17,True,True,True,True,True,95,128,128,False,candidate_available,0.9999975585983845,2.4131152716044824e-06,0.9999988534638437
8,map,0.1,1.1,16,True,True,True,True,True,96,128,128,False,candidate_available,0.9999958005273908,4.677824930299224e-06,0.9999971232339687
8,map,0.1,1.2,17,True,True,True,True,True,96,128,128,False,candidate_available,0.9999993488929809,7.698875668094018e-07,0.9999996160596163
8,map,0.1,1.3,17,True,True,True,True,True,64,128,127,False,candidate_available,0.9999986334984988,1.7453302598724463e-06,0.9999994155531285
8,map,0.1,1.4,18,True,True,True,True,True,63,128,127,False,candidate_available,0.9999988114166064,1.6292589877231478e-06,0.9999991956624067
8,map,0.1,1.5,18,True,True,True,True,True,63,125,125,False,candidate_available,0.9999998808069632,1.8346678620773105e-07,0.9999999330034297
8,map,0.1,1.6,17,True,True,True,True,True,63,127,127,False,candidate_available,0.9999996606228819,5.166417889057584e-07,0.9999997982786737
8,map,0.1,1.7,17,True,True,True,True,True,63,112,112,False,candidate_available,0.9999999089778963,1.612965576658354e-07,0.9999999280345088
8,map,0.1,1.8,17,True,True,True,True,True,63,128,96,False,candidate_available,0.999999548364889,7.806733219872797e-07,0.9999997547134094
8,map,0.1,1.9,18,True,True,True,True,True,63,127,95,False,candidate_available,0.9999998121339758,3.287425323073023e-07,0.9999998887869889
8,map,0.1,2.0,17,True,True,True,True,True,63,106,95,False,candidate_available,0.9999999476353649,1.0193739896635634e-07,0.999999972208878
8,map,0.15,0.1,14,True,True,True,True,True,31,86,63,False,candidate_available,0.9999996890012117,1.1659687648712946e-07,0.9999999571272125
8,map,0.15,0.2,15,True,True,True,True,True,31,114,96,False,candidate_available,0.9999995532029475,1.754486174121439e-07,0.9999995898446986
8,map,0.15,0.3,15,True,True,True,True,True,63,120,96,False,candidate_available,0.9999991274298454,4.239090444224658e-07,0.9999994066588627
8,map,0.15,0.4,15,True,True,True,True,True,96,128,127,False,candidate_available,0.9999991800158299,6.191251523679497e-07,0.9999999328445499
8,map,0.15,0.5,15,True,True,True,True,True,96,128,128,False,candidate_available,0.9999982587417532,1.224370749897119e-06,0.999999441971858
8,map,0.15,0.6,15,True,True,True,True,True,96,128,128,False,candidate_available,0.9999954242993399,3.195777809161804e-06,0.9999982895489734
8,map,0.15,0.7,16,True,True,True,True,True,127,128,127,False,candidate_available,0.9999893823224169,7.16665533095906e-06,0.9999979996653494
8,map,0.15,0.8,17,True,True,True,True,True,96,128,128,False,candidate_available,0.9999927217772899,6.235883936112074e-06,0.9999957373001033
8,map,0.15,0.9,15,True,True,True,True,True,127,128,127,False,candidate_available,0.9999942097933304,5.50759751205554e-06,0.999996584203002
8,map,0.15,1.0,17,True,True,True,True,True,95,127,127,False,candidate_available,0.999999111238994,8.880780846265424e-07,0.9999993596620114
8,map,0.15,1.1,17,True,True,True,True,True,96,128,127,False,candidate_available,0.9999992780576619,7.654681386526363e-07,0.9999997010485919
8,map,0.15,1.2,16,True,True,True,True,True,64,128,128,False,candidate_available,0.9999998956549948,1.303190351187311e-07,0.9999999317212327
8,map,0.15,1.3,14,True,True,True,True,True,63,128,127,False,candidate_available,0.9999987845819276,1.4737929916464054e-06,0.9999992913200823
8,map,0.15,1.4,18,True,True,True,True,True,63,128,127,False,candidate_available,0.999999561387865,5.970541840927268e-07,0.9999998637513462
8,map,0.15,1.5,17,True,True,True,True,True,64,100,95,False,candidate_available,0.9999998462241827,2.233342313306963e-07,0.9999999562279166
8,map,0.15,1.6,17,True,True,True,True,True,63,116,95,False,candidate_available,0.9999999683716234,5.1036306292218114e-08,0.9999999769508894
8,map,0.15,1.7,17,True,True,True,True,True,63,101,95,False,candidate_available,0.9999999577132057,7.216025599277032e-08,0.9999999658513725
8,map,0.15,1.8,16,True,True,True,True,True,32,112,63,False,candidate_available,0.999999513317312,6.697587946469241e-07,0.9999996937665994
8,map,0.15,1.9,15,True,True,True,True,True,32,108,64,False,candidate_available,0.9999992177539128,7.371293850866323e-07,0.9999997822738365
8,map,0.15,2.0,16,True,True,True,True,True,32,103,63,False,candidate_available,0.9999995439914755,5.187851326304838e-07,0.9999998150900541
8,map,0.2,0.1,14,True,True,True,True,True,31,94,63,False,candidate_available,0.9999993721477032,2.0830386060488593e-07,0.9999999208113269
8,map,0.2,0.2,15,True,True,True,True,True,31,116,116,False,candidate_available,0.9999999622711314,2.8570370513847365e-08,0.9999999890519415
8,map,0.2,0.3,18,True,True,True,True,True,64,126,126,False,candidate_available,0.9999997384919832,1.8748831220882778e-07,0.9999998979628134
8,map,0.2,0.4,15,True,True,True,True,True,95,128,128,False,candidate_available,0.9999984665250162,9.835627000631675e-07,0.9999995561619845
8,map,0.2,0.5,17,True,True,True,True,True,96,128,128,False,candidate_available,0.9999948975489239,3.340617511948807e-06,0.9999980134112822
8,map,0.2,0.6,16,True,True,True,True,True,96,128,128,False,candidate_available,0.9999883492066138,7.097010297552053e-06,0.9999968774492644
8,map,0.2,0.7,17,True,True,True,True,True,96,128,128,False,candidate_available,0.9999872179165693,9.980136104759119e-06,0.999991901736587
8,map,0.2,0.8,17,True,True,True,True,True,95,127,127,False,candidate_available,0.9999954895091039,3.6580760665039236e-06,0.9999977642297582
8,map,0.2,0.9,17,True,True,True,True,True,64,128,128,False,candidate_available,0.9999984672880584,1.3160782914578562e-06,0.9999993494235586
8,map,0.2,1.0,17,True,True,True,True,True,63,99,95,False,candidate_available,0.999999667297962,2.4399943576725036e-07,0.999999849039608
8,map,0.2,1.1,18,True,True,True,True,True,63,101,95,False,candidate_available,0.9999999207676298,7.931435996866298e-08,0.9999999562315411
8,map,0.2,1.2,17,True,True,True,True,True,64,124,95,False,candidate_available,0.999999103786776,1.085996776062359e-06,0.9999992732752296
8,map,0.2,1.3,17,True,True,True,True,True,63,128,95,False,candidate_available,0.9999993109884634,8.045811488166521e-07,0.9999995829212854
8,map,0.2,1.4,17,True,True,True,True,True,63,128,96,False,candidate_available,0.9999992689153765,9.154167350811093e-07,0.9999997844938592
8,map,0.2,1.5,17,True,True,True,True,True,63,127,95,False,candidate_available,0.9999991034353104,1.2561223610152439e-06,0.9999995018202035
8,map,0.2,1.6,17,True,True,True,True,True,63,127,95,False,candidate_available,0.9999994628659608,8.018954194000116e-07,0.9999997333220662
8,map,0.2,1.7,17,True,True,True,True,True,32,128,95,False,candidate_available,0.9999993411800484,1.0052661525428164e-06,0.9999997065262273
8,map,0.2,1.8,17,True,True,True,True,True,32,127,95,False,candidate_available,0.9999994224284964,9.330609092028652e-07,0.999999708666484
8,map,0.2,1.9,16,True,True,True,True,True,32,128,95,False,candidate_available,0.9999994893047407,8.584936073141591e-07,0.9999996627387565
8,map,0.2,2.0,17,True,True,True,True,True,32,128,96,False,candidate_available,0.9999996381514048,6.538654053755977e-07,0.999999793328174
8,map,0.25,0.1,14,True,True,True,True,True,31,90,63,False,candidate_available,0.9999985788099182,3.9625607173299215e-07,0.9999998472519157
8,map,0.25,0.2,17,True,True,True,True,True,63,120,96,False,candidate_available,0.9999994713305483,3.0157075481263007e-07,0.9999997183216693
8,map,0.25,0.3,18,True,True,True,True,True,95,128,128,False,candidate_available,0.9999984238185733,1.0083374497593667e-06,0.9999995429128554
8,map,0.25,0.4,15,True,True,True,True,True,127,128,128,False,candidate_available,0.9999945453022772,3.723927480048239e-06,0.9999967421195141
8,map,0.25,0.5,18,True,True,True,True,True,96,128,128,False,candidate_available,0.9999827620785974,1.076022389168152e-05,0.9999904323060472
8,map,0.25,0.6,16,True,True,True,True,True,96,128,128,False,candidate_available,0.9999945307827743,3.3137253147019763e-06,0.9999981733030816
8,map,0.25,0.7,17,True,True,True,True,True,95,127,127,False,candidate_available,0.9999981937301375,1.0992438158607953e-06,0.9999992436234755
8,map,0.25,0.8,18,True,True,True,True,True,63,127,95,False,candidate_available,0.9999975552371775,1.3211739604557238e-06,0.9999988790121529
8,map,0.25,0.9,17,True,True,True,True,True,63,128,127,False,candidate_available,0.9999984224183822,1.279918297125704e-06,0.9999994514998685
8,map,0.25,1.0,16,True,True,True,True,True,63,127,127,False,candidate_available,0.9999967712896851,2.8125930984224112e-06,0.9999987798528724
8,map,0.25,1.1,17,True,True,True,True,True,63,127,127,False,candidate_available,0.9999982835412109,1.922852260083374e-06,0.9999991212634416
8,map,0.25,1.2,18,True,True,True,True,True,63,128,128,False,candidate_available,0.9999993280557536,8.078291426905082e-07,0.9999996344586886
8,map,0.25,1.3,18,True,True,True,True,True,63,128,127,False,candidate_available,0.9999989113931219,1.413264601790587e-06,0.9999995016447027
8,map,0.25,1.4,16,True,True,True,True,True,63,128,127,False,candidate_available,0.9999992473036476,1.0237989456207686e-06,0.9999995390930914
8,map,0.25,1.5,17,True,True,True,True,True,63,128,127,False,candidate_available,0.999999572171927,6.530873177812424e-07,0.9999997287577129
8,map,0.25,1.6,16,True,True,True,True,True,63,128,127,False,candidate_available,0.9999997855458562,3.540582764749445e-07,0.9999998557608251
8,map,0.25,1.7,18,True,True,True,True,True,63,128,96,False,candidate_available,0.9999994745245846,9.292601064192496e-07,0.9999995461268993
8,map,0.25,1.8,16,True,True,True,True,True,63,128,95,False,candidate_available,0.9999994000815546,1.1323880699798394e-06,0.9999996691520644
8,map,0.25,1.9,18,True,True,True,True,True,63,128,96,False,candidate_available,0.9999997728193761,4.3972507324241406e-07,0.9999998309242155
8,map,0.25,2.0,16,True,True,True,True,True,63,112,95,False,candidate_available,0.9999995744063419,8.300288003582068e-07,0.9999996049324145
8,map,0.3,0.1,14,True,True,True,True,True,31,102,63,False,candidate_available,0.9999961513060359,8.301772504992755e-07,0.9999996839030989
8,map,0.3,0.2,15,True,True,True,True,True,63,128,128,False,candidate_available,0.9999996888891454,1.8924939559905596e-07,0.9999999183048923
8,map,0.3,0.3,17,True,True,True,True,True,96,128,128,False,candidate_available,0.9999939235757992,3.316826233557002e-06,0.9999977573447837
8,map,0.3,0.4,18,True,True,True,True,True,96,128,128,False,candidate_available,0.99998427714555,8.028621422795368e-06,0.9999935801152048
8,map,0.3,0.5,15,True,True,True,True,True,127,128,127,False,candidate_available,0.9999945366491154,2.339702607323524e-06,0.9999983761922443
8,map,0.3,0.6,17,True,True,True,True,True,95,128,128,False,candidate_available,0.9999942118981677,2.984629132729566e-06,0.9999981462144654
8,map,0.3,0.7,16,True,True,True,True,True,95,128,128,False,candidate_available,0.9999756125584089,1.375751244880874e-05,0.9999903526065385
8,map,0.3,0.8,16,True,True,True,True,True,95,128,128,False,candidate_available,0.9999846205216721,1.160506463260269e-05,0.9999907456896542
8,map,0.3,0.9,18,True,True,True,True,True,95,128,128,False,candidate_available,0.9999924699680504,6.376445223832405e-06,0.9999956532452061
8,map,0.3,1.0,18,True,True,True,True,True,95,128,127,False,candidate_available,0.9999941527077499,5.773919850904363e-06,0.9999964129315891
8,map,0.3,1.1,17,True,True,True,True,True,64,127,127,False,candidate_available,0.9999973290672131,3.0932936194716376e-06,0.999998193260003
8,map,0.3,1.2,18,True,True,True,True,True,64,128,128,False,candidate_available,0.9999981770120371,2.4219112180201563e-06,0.9999988418371597
8,map,0.3,1.3,18,True,True,True,True,True,64,128,127,False,candidate_available,0.9999987425456857,1.7602489177370728e-06,0.9999990028519359
8,map,0.3,1.4,18,True,True,True,True,True,64,128,127,False,candidate_available,0.9999993271222707,1.0153970422255298e-06,0.9999994060649069
8,map,0.3,1.5,18,True,True,True,True,True,64,128,127,False,candidate_available,0.9999993660685237,9.504989617603599e-07,0.999999593433633
8,map,0.3,1.6,17,True,True,True,True,True,64,128,127,False,candidate_available,0.999999370208679,1.0423140546222953e-06,0.9999994263941321
8,map,0.3,1.7,16,True,True,True,True,True,63,128,127,False,candidate_available,0.9999996225308104,6.760840101094345e-07,0.9999996438425416
8,map,0.3,1.8,17,True,True,True,True,True,63,127,127,False,candidate_available,0.9999998663418777,2.5513847945468626e-07,0.99999989307616
8,map,0.3,1.9,18,True,True,True,True,True,63,128,127,False,candidate_available,0.9999997369707068,5.153360143062002e-07,0.999999784348685
8,map,0.3,2.0,17,True,True,True,True,True,63,128,96,False,candidate_available,0.9999994390903395,1.1449117587325475e-06,0.999999493827745
8,map,0.35,0.1,15,True,True,True,True,True,31,114,95,False,candidate_available,0.9999942429221731,7.948690950998483e-07,0.9999979870315572
8,map,0.35,0.2,16,True,True,True,True,True,95,128,128,False,candidate_available,0.9999984949169481,7.011813406565537e-07,0.9999996718495785
8,map,0.35,0.3,17,True,True,True,True,True,96,128,128,False,candidate_available,0.9999790102595276,8.346452759933065e-06,0.9999933827590901
8,map,0.35,0.4,15,True,True,True,True,True,96,128,128,False,candidate_available,0.9999610924819866,1.016463715108884e-05,0.9999930662459054
8,map,0.35,0.5,15,True,True,True,True,True,127,127,127,False,candidate_available,0.9997200809488229,9.932478653063015e-05,0.9999513426808668
8,map,0.35,0.6,18,True,True,True,True,True,127,128,128,False,candidate_available,0.9998889453068478,6.344251613388252e-05,0.9999587799463869
8,map,0.35,0.7,18,True,True,True,True,True,96,128,128,False,candidate_available,0.9999513869903762,3.2701059663020615e-05,0.9999800164857591
8,map,0.35,0.8,17,True,True,True,True,True,95,128,128,False,candidate_available,0.9999832096596454,1.4056218766711481e-05,0.9999891993344678
8,map,0.35,0.9,18,True,True,True,True,True,95,128,128,False,candidate_available,0.9999878582018387,1.0522151806746649e-05,0.999992916878014
8,map,0.35,1.0,18,True,True,True,True,True,95,128,128,False,candidate_available,0.9999931583478768,7.3528495918573356e-06,0.9999949120188238
8,map,0.35,1.1,17,True,True,True,True,True,95,128,128,False,candidate_available,0.9999963898262686,4.336734251486618e-06,0.9999974293734776
8,map,0.35,1.2,18,True,True,True,True,True,64,127,127,False,candidate_available,0.9999959612325785,4.9387078138174445e-06,0.9999971467129023
8,map,0.35,1.3,16,True,True,True,True,True,96,128,128,False,candidate_available,0.9999988718330559,1.6873055175281593e-06,0.9999994191976669
8,map,0.35,1.4,18,True,True,True,True,True,64,128,127,False,candidate_available,0.9999986580281118,2.046064941696457e-06,0.9999988472749402
8,map,0.35,1.5,18,True,True,True,True,True,64,128,128,False,candidate_available,0.99999906657816,1.470215334364866e-06,0.9999992648239839
8,map,0.35,1.6,17,True,True,True,True,True,64,128,128,False,candidate_available,0.9999994257613677,1.0319890046961433e-06,0.9999995815070026
8,map,0.35,1.7,17,True,True,True,True,True,64,127,127,False,candidate_available,0.9999995650029359,7.81332874844054e-07,0.9999996605249037
8,map,0.35,1.8,16,True,True,True,True,True,64,128,127,False,candidate_available,0.9999994046087786,1.1804800508219415e-06,0.9999994527973409
8,map,0.35,1.9,18,True,True,True,True,True,63,127,127,False,candidate_available,0.9999996668364302,6.580799079003441e-07,0.9999997786288245
8,map,0.35,2.0,18,True,True,True,True,True,64,128,127,False,candidate_available,0.9999996914349287,6.351155072970016e-07,0.9999997303358933
8,map,0.4,0.1,16,True,True,True,True,True,31,116,96,False,candidate_available,0.9999937975577335,7.04706286436263e-07,0.9999948766927643
8,map,0.4,0.2,15,True,True,True,True,True,95,128,128,False,candidate_available,0.9999878695427122,3.52667918557259e-06,0.9999984826492119
8,map,0.4,0.3,18,False,False,False,False,False,128,128,128,False,no_qualified_candidate_budget_reached,0.9979436432639477,0.0003017563868871198,0.9995326698687541
8,map,0.4,0.4,18,True,True,True,True,True,128,128,128,False,candidate_available,0.9996752799015189,0.00016040618754642466,0.9997728212381861
8,map,0.4,0.5,18,True,True,True,True,True,127,128,128,False,candidate_available,0.9996551453449319,0.0001673212640124211,0.9998313137327324
8,map,0.4,0.6,18,True,True,True,True,True,127,128,128,False,candidate_available,0.9998426198443436,9.469896382874321e-05,0.9999186010955259
8,map,0.4,0.7,18,True,True,True,True,True,127,127,127,False,candidate_available,0.9999427672837224,4.1993461945333266e-05,0.9999597994802888
8,map,0.4,0.8,18,True,True,True,True,True,95,127,127,False,candidate_available,0.9999416399738794,4.5545531977442266e-05,0.99995725438214
8,map,0.4,0.9,18,True,True,True,True,True,95,128,127,False,candidate_available,0.9999772490503487,2.3201260283212122e-05,0.9999837731404151
8,map,0.4,1.0,17,True,True,True,True,True,95,128,128,False,candidate_available,0.9999889836207286,1.251059045803693e-05,0.9999938938980686
8,map,0.4,1.1,18,True,True,True,True,True,95,128,128,False,candidate_available,0.9999927502551582,9.411382550394976e-06,0.9999957976123207
8,map,0.4,1.2,17,True,True,True,True,True,96,128,127,False,candidate_available,0.9999917694091957,1.0395104862892524e-05,0.9999939910321562
8,map,0.4,1.3,16,True,True,True,True,True,96,128,128,False,candidate_available,0.9999964302088165,4.902183111887837e-06,0.9999971647512387
8,map,0.4,1.4,18,True,True,True,True,True,64,128,128,False,candidate_available,0.9999977261167915,3.5236618978196077e-06,0.9999981822511423
8,map,0.4,1.5,16,True,True,True,True,True,96,128,127,False,candidate_available,0.9999984841300784,2.529985040355953e-06,0.9999989167267777
8,map,0.4,1.6,16,True,True,True,True,True,64,128,127,False,candidate_available,0.9999983669891329,2.6981955176808015e-06,0.9999986245928627
8,map,0.4,1.7,17,True,True,True,True,True,95,127,127,False,candidate_available,0.9999989836618746,1.8207622254351463e-06,0.9999991130002819
8,map,0.4,1.8,18,True,True,True,True,True,64,128,128,False,candidate_available,0.9999995256908248,9.225157970860209e-07,0.9999996199521994
8,map,0.4,1.9,18,True,True,True,True,True,64,127,127,False,candidate_available,0.999999402464494,1.1509201218729004e-06,0.9999994917943651
8,map,0.4,2.0,17,True,True,True,True,True,95,128,127,False,candidate_available,0.9999991891212351,1.6815241274947823e-06,0.9999994290807717
8,map,0.45,0.1,18,True,True,True,True,True,96,128,127,False,candidate_available,0.9999726642074529,1.3587561864536468e-06,0.9999878991682598
8,map,0.45,0.2,18,False,False,False,False,False,128,128,128,False,no_qualified_candidate_budget_reached,0.9960285091534438,0.0006291409675603932,0.9979725686109573
8,map,0.45,0.3,18,True,True,True,True,True,128,128,128,False,candidate_available,0.9990996880948215,0.0002682814848662396,0.9993047898691183
8,map,0.45,0.4,17,True,True,True,True,True,128,128,128,False,candidate_available,0.9995243313180058,0.00025038923443099215,0.9996431405261028
8,map,0.45,0.5,18,True,True,True,True,True,128,128,128,False,candidate_available,0.9996037326731486,0.00019256548180823785,0.9997470150502796
8,map,0.45,0.6,17,True,True,True,True,True,127,127,127,False,candidate_available,0.9997972743657282,0.00011314824367070209,0.9998998145565052
8,map,0.45,0.7,18,True,True,True,True,True,127,128,128,False,candidate_available,0.9998656991600394,0.00010819929963512553,0.9998961955816836
8,map,0.45,0.8,18,True,True,True,True,True,96,128,128,False,candidate_available,0.999932501241948,4.985344295649341e-05,0.9999509075528729
8,map,0.45,0.9,18,True,True,True,True,True,95,128,128,False,candidate_available,0.9999690963986966,3.469455731952564e-05,0.9999854479059045
8,map,0.45,1.0,18,True,True,True,True,True,96,128,128,False,candidate_available,0.9999814582186469,2.1646069900516096e-05,0.9999894327786436
8,map,0.45,1.1,17,True,True,True,True,True,96,128,128,False,candidate_available,0.9999915497916888,1.0749409778076924e-05,0.999993477075013
8,map,0.45,1.2,17,True,True,True,True,True,96,128,128,False,candidate_available,0.9999930477480514,9.659841256226542e-06,0.9999958225245871
8,map,0.45,1.3,18,True,True,True,True,True,95,128,128,False,candidate_available,0.9999953682235511,6.238021396320903e-06,0.9999964408779367
8,map,0.45,1.4,17,True,True,True,True,True,95,127,127,False,candidate_available,0.9999971947489046,4.075086311505771e-06,0.999998284884712
8,map,0.45,1.5,18,True,True,True,True,True,95,128,128,False,candidate_available,0.9999974082544518,4.253291775890844e-06,0.9999982499200908
8,map,0.45,1.6,17,True,True,True,True,True,64,128,128,False,candidate_available,0.9999978617077467,3.68686669482976e-06,0.9999982892787721
8,map,0.45,1.7,18,True,True,True,True,True,64,128,128,False,candidate_available,0.9999984513435255,2.795967264379584e-06,0.9999989045297889
8,map,0.45,1.8,17,True,True,True,True,True,95,128,128,False,candidate_available,0.9999986477665398,2.600709605005136e-06,0.9999990320613239
8,map,0.45,1.9,17,True,True,True,True,True,64,128,128,False,candidate_available,0.9999991628511498,1.6591646136987492e-06,0.9999993659948698
8,map,0.45,2.0,17,True,True,True,True,True,95,127,127,False,candidate_available,0.9999987523879718,2.49822658560106e-06,0.9999990305274573
8,map,0.5,0.1,18,False,False,False,False,False,128,128,32,False,no_qualified_candidate_budget_reached,0.0013923976335195923,0.04090673319263516,0.9999704852708953
8,map,0.5,0.2,18,False,False,False,False,False,127,128,128,False,no_qualified_candidate_budget_reached,0.9929361365623242,0.00114371000767155,0.9947520224026276
8,map,0.5,0.3,15,True,True,True,True,True,127,127,127,False,candidate_available,0.9974423996449575,0.000674497462896162,0.9987949269501601
8,map,0.5,0.4,17,True,True,True,True,True,128,128,128,False,candidate_available,0.9992286280564425,0.00034781279181395064,0.9995375481382918
8,map,0.5,0.5,18,True,True,True,True,True,127,128,128,False,candidate_available,0.9994179616498171,0.00031607045985548865,0.9996505150374073
8,map,0.5,0.6,17,True,True,True,True,True,127,128,128,False,candidate_available,0.9997017217910271,0.0001805913159613759,0.9998039220218431
8,map,0.5,0.7,16,True,True,True,True,True,127,128,128,False,candidate_available,0.9998439630499948,0.00011386871516050334,0.9999354254513395
8,map,0.5,0.8,18,True,True,True,True,True,127,128,128,False,candidate_available,0.9998961365761896,9.531541819640665e-05,0.9999460801968613
8,map,0.5,0.9,17,True,True,True,True,True,128,128,128,False,candidate_available,0.9999477807284265,5.1245589913762046e-05,0.9999781579145515
8,map,0.5,1.0,18,True,True,True,True,True,96,128,128,False,candidate_available,0.9999798251920075,2.42067874420826e-05,0.9999880077967329
8,map,0.5,1.1,17,True,True,True,True,True,96,128,128,False,candidate_available,0.9999840231143721,1.965959032612652e-05,0.999992185999095
8,map,0.5,1.2,18,True,True,True,True,True,95,128,128,False,candidate_available,0.9999815311605016,2.3873445280209182e-05,0.9999866362924097
8,map,0.5,1.3,16,True,True,True,True,True,96,128,128,False,candidate_available,0.9999928217024642,1.0458745570263162e-05,0.9999952687439906
8,map,0.5,1.4,17,True,True,True,True,True,96,128,128,False,candidate_available,0.9999939258832007,8.91163049177024e-06,0.9999963985149471
8,map,0.5,1.5,16,True,True,True,True,True,96,128,128,False,candidate_available,0.9999960409096897,6.306172155134959e-06,0.9999969052965884
8,map,0.5,1.6,18,True,True,True,True,True,95,128,128,False,candidate_available,0.9999947797070664,8.680534182348154e-06,0.9999954387254952
8,map,0.5,1.7,18,True,True,True,True,True,95,128,128,False,candidate_available,0.9999974187632469,4.725879122924326e-06,0.9999978886022967
8,map,0.5,1.8,18,True,True,True,True,True,95,128,128,False,candidate_available,0.9999989176179909,2.034159291675053e-06,0.9999992905347475
8,map,0.5,1.9,18,True,True,True,True,True,64,128,128,False,candidate_available,0.9999983607475985,3.248856420334789e-06,0.9999991714944826
8,map,0.5,2.0,17,True,True,True,True,True,64,128,128,False,candidate_available,0.9999986463024475,2.8895434938114306e-06,0.9999988259827259
8,map,0.55,0.1,17,False,False,False,False,False,64,128,128,False,no_qualified_candidate_budget_reached,0.9887226620890628,0.00011649847358963239,0.9998665453116979
8,map,0.55,0.2,18,False,False,False,False,False,128,128,128,False,no_qualified_candidate_budget_reached,0.9862949358740591,0.0009888623083869064,0.9965870925011721
8,map,0.55,0.3,18,True,True,True,True,True,128,128,128,False,candidate_available,0.9964060985760159,0.0007001744102379526,0.9992615079083333
8,map,0.55,0.4,18,True,True,True,True,True,128,128,128,False,candidate_available,0.9960087060108195,0.0009633896981527945,0.9989319232225777
8,map,0.55,0.5,17,True,True,True,True,True,128,128,128,False,candidate_available,0.9990469732326938,0.00039618724509205006,0.9996461979137274
8,map,0.55,0.6,17,True,True,True,True,True,128,128,128,False,candidate_available,0.9995805922229223,0.0002530518132901616,0.9998415779351323
8,map,0.55,0.7,18,True,True,True,True,True,127,128,128,False,candidate_available,0.9997230301884499,0.00017895363121733787,0.9998740244780834
8,map,0.55,0.8,17,True,True,True,True,True,127,128,128,False,candidate_available,0.9998357755656698,0.00014740044286032372,0.999910417210828
8,map,0.55,0.9,16,True,True,True,True,True,127,128,128,False,candidate_available,0.9999124706019971,8.627536124783397e-05,0.9999575308931452
8,map,0.55,1.0,18,True,True,True,True,True,96,128,128,False,candidate_available,0.9999440092428683,6.126363323399886e-05,0.9999717359470617
8,map,0.55,1.1,17,True,True,True,True,True,95,128,128,False,candidate_available,0.9999612452185038,4.41985581565163e-05,0.99997391442141
8,map,0.55,1.2,18,True,True,True,True,True,96,128,128,False,candidate_available,0.9999781724726436,2.6839639833076134e-05,0.9999866741291394
8,map,0.55,1.3,18,True,True,True,True,True,96,128,128,False,candidate_available,0.9999886647949165,1.555223674087891e-05,0.9999927206783013
8,map,0.55,1.4,18,True,True,True,True,True,95,128,128,False,candidate_available,0.9999865375017125,1.9338205619723325e-05,0.9999915753000903
8,map,0.55,1.5,17,True,True,True,True,True,95,127,127,False,candidate_available,0.9999885059771537,1.739534621747474e-05,0.9999918457109486
8,map,0.55,1.6,17,True,True,True,True,True,95,128,128,False,candidate_available,0.9999892545358265,1.785474951332411e-05,0.9999915377183675
8,map,0.55,1.7,17,True,True,True,True,True,95,128,128,False,candidate_available,0.9999925197135472,1.270405599695934e-05,0.9999958007443654
8,map,0.55,1.8,17,True,True,True,True,True,64,128,128,False,candidate_available,0.9999967699169565,5.912745508318551e-06,0.9999976927891981
8,map,0.55,1.9,17,True,True,True,True,True,64,128,128,False,candidate_available,0.9999963648708188,6.956670985935887e-06,0.9999973718079664
8,map,0.55,2.0,16,True,True,True,True,True,64,128,128,False,candidate_available,0.9999978904192136,4.333224119523749e-06,0.9999984105235679
8,map,0.6,0.1,16,True,True,True,True,True,32,128,128,False,candidate_available,0.9999413409972601,4.455845757700416e-06,0.9999988336900302
8,map,0.6,0.2,17,False,False,False,False,False,128,128,128,False,no_qualified_candidate_budget_reached,0.9741362290132969,0.0007360512581708889,0.9996666599909483
8,map,0.6,0.3,16,False,False,False,False,False,128,128,96,False,no_qualified_candidate_budget_reached,0.6872686026925009,0.015080301285209319,0.9904697689516128
8,map,0.6,0.4,17,False,False,False,False,False,128,128,128,False,no_qualified_candidate_budget_reached,0.9925017735044722,0.0014869611662442495,0.9987239157529615
8,map,0.6,0.5,16,False,False,False,False,False,127,128,128,False,no_qualified_candidate_budget_reached,0.9962106539895127,0.0012662643392098438,0.9991951763645026
8,map,0.6,0.6,17,True,True,True,True,True,127,127,127,False,candidate_available,0.9988688667054559,0.0005480832832275295,0.9996459911786204
8,map,0.6,0.7,15,True,True,True,True,True,128,128,128,False,candidate_available,0.9994488329699605,0.00035852586586992974,0.9996468177169593
8,map,0.6,0.8,18,True,True,True,True,True,128,128,128,False,candidate_available,0.9996005704220445,0.000301018375966855,0.9998300293210574
8,map,0.6,0.9,18,True,True,True,True,True,127,128,128,False,candidate_available,0.9998125461713098,0.000178268745547161,0.9999095911325111
8,map,0.6,1.0,18,True,True,True,True,True,127,128,128,False,candidate_available,0.999874837785842,0.00011751468420673206,0.9999453057497842
8,map,0.6,1.1,18,True,True,True,True,True,127,128,128,False,candidate_available,0.9999589623044184,5.089927514800863e-05,0.999969874595852
8,map,0.6,1.2,16,True,True,True,True,True,127,127,127,False,candidate_available,0.9999506135811421,6.114082547536981e-05,0.9999696303279215
8,map,0.6,1.3,16,True,True,True,True,True,96,128,128,False,candidate_available,0.9999765801933094,2.990203315267337e-05,0.9999838621617538
8,map,0.6,1.4,17,True,True,True,True,True,96,128,128,False,candidate_available,0.9999887576837327,1.6664228190688135e-05,0.9999927043988937
8,map,0.6,1.5,16,True,True,True,True,True,128,128,128,False,candidate_available,0.9999905581038848,1.5094322936892723e-05,0.9999935406670349
8,map,0.6,1.6,17,True,True,True,True,True,95,128,128,False,candidate_available,0.9999877515194827,1.8828099313639157e-05,0.9999926649922395
8,map,0.6,1.7,18,True,True,True,True,True,95,128,128,False,candidate_available,0.9999856051641076,2.48387238581671e-05,0.999990161476864
8,map,0.6,1.8,17,True,True,True,True,True,95,128,128,False,candidate_available,0.9999958780674366,7.681877791432257e-06,0.9999969328186307
8,map,0.6,1.9,17,True,True,True,True,True,96,128,128,False,candidate_available,0.9999967717196367,6.195484594684331e-06,0.9999979115179597
8,map,0.6,2.0,18,True,True,True,True,True,95,127,127,False,candidate_available,0.9999957494842627,8.517823357756527e-06,0.9999974686249092
8,map,0.65,0.1,15,True,True,True,True,True,32,128,128,False,candidate_available,0.9999931994073021,9.271852765557753e-07,0.9999997352967275
8,map,0.65,0.2,16,True,True,True,True,True,128,128,128,False,candidate_available,0.9989157362641213,9.437480444385304e-05,0.9999710980705617
8,map,0.65,0.3,17,False,False,False,False,False,128,128,128,False,no_qualified_candidate_budget_reached,0.9703312548251692,0.0017757612855047178,0.9986579627462298
8,map,0.65,0.4,17,False,False,False,False,False,128,128,128,False,no_qualified_candidate_budget_reached,0.9908578273058127,0.002588280353213901,0.9954106651078504
8,map,0.65,0.5,17,False,False,False,False,False,128,128,128,False,no_qualified_candidate_budget_reached,0.9979939236134161,0.0010960972796730806,0.9986784366950282
8,map,0.65,0.6,18,True,True,True,True,True,128,128,128,False,candidate_available,0.9987532848206422,0.0007470936367776071,0.999392697083848
8,map,0.65,0.7,18,True,True,True,True,True,128,128,128,False,candidate_available,0.9990173665433942,0.0005931216647918625,0.9995057386641211
8,map,0.65,0.8,15,True,True,True,True,True,128,128,128,False,candidate_available,0.9996827324910426,0.0002658956082948194,0.9997700700912937
8,map,0.65,0.9,17,True,True,True,True,True,128,128,128,False,candidate_available,0.9998025306716221,0.000180993025957088,0.9999002577554953
8,map,0.65,1.0,16,True,True,True,True,True,128,128,128,False,candidate_available,0.9998382687396133,0.0001511986857387626,0.9998994120623119
8,map,0.65,1.1,17,True,True,True,True,True,127,128,128,False,candidate_available,0.9998695526096659,0.00013957958647736746,0.9999185738997414
8,map,0.65,1.2,16,True,True,True,True,True,127,128,128,False,candidate_available,0.9999346535523714,8.008582263929753e-05,0.999968467842806
8,map,0.65,1.3,15,True,True,True,True,True,127,128,128,False,candidate_available,0.9999511701389927,6.459771093458855e-05,0.9999717303249007
8,map,0.65,1.4,16,True,True,True,True,True,96,128,127,False,candidate_available,0.9999692227541409,4.3769192091813736e-05,0.9999843295951629
8,map,0.65,1.5,18,True,True,True,True,True,96,127,127,False,candidate_available,0.9999819351076429,2.638870339866095e-05,0.999989393988082
8,map,0.65,1.6,17,True,True,True,True,True,95,127,127,False,candidate_available,0.9999883571636468,1.9168562273241818e-05,0.9999921157374669
8,map,0.65,1.7,18,True,True,True,True,True,95,127,127,False,candidate_available,0.9999881080874837,2.0817063260070157e-05,0.9999931252558422
8,map,0.65,1.8,17,True,True,True,True,True,96,128,128,False,candidate_available,0.9999895223297645,1.8251178411254898e-05,0.9999925776149086
8,map,0.65,1.9,17,True,True,True,True,True,95,128,128,False,candidate_available,0.9999927439951005,1.4060863569476112e-05,0.9999950000762364
8,map,0.65,2.0,16,True,True,True,True,True,95,128,128,False,candidate_available,0.9999905413645696,1.8480794231834352e-05,0.9999931632981011
8,map,0.7,0.1,14,True,True,True,True,True,32,104,104,False,candidate_available,0.9999982356593962,3.726357232780586e-07,0.9999999474167827
8,map,0.7,0.2,17,True,True,True,True,True,64,128,128,False,candidate_available,0.9998572369688079,2.4643010970049062e-05,0.9999878259906667
8,map,0.7,0.3,18,True,True,True,True,True,128,128,128,False,candidate_available,0.9968813654921693,0.00037615560083925637,0.9998527698711974
8,map,0.7,0.4,16,False,False,False,False,False,128,128,128,False,no_qualified_candidate_budget_reached,0.9936635959731527,0.0012920989886855416,0.9978796404549142
8,map,0.7,0.5,16,False,False,False,False,False,128,128,128,False,no_qualified_candidate_budget_reached,0.9948283649285788,0.0023017144830881353,0.9966835828127035
8,map,0.7,0.6,18,False,False,False,False,False,128,128,128,False,no_qualified_candidate_budget_reached,0.9970101655798775,0.0016796520256997516,0.9982597309395655
8,map,0.7,0.7,18,False,False,False,False,False,127,128,128,False,no_qualified_candidate_budget_reached,0.9977573391720275,0.0012204280755746533,0.9987521424144257
8,map,0.7,0.8,16,True,True,True,True,True,128,128,128,False,candidate_available,0.9993310468773049,0.0005452627692701384,0.9995563493973121
8,map,0.7,0.9,17,True,True,True,True,True,128,128,128,False,candidate_available,0.9997340459223113,0.0002604067498328533,0.9998046872471424
8,map,0.7,1.0,17,True,True,True,True,True,128,128,128,False,candidate_available,0.9998730764971466,0.00012765537976577868,0.9999018147965915
8,map,0.7,1.1,16,True,True,True,True,True,127,128,128,False,candidate_available,0.9998009934623722,0.00021433432355033588,0.9999004180215998
8,map,0.7,1.2,16,True,True,True,True,True,127,128,128,False,candidate_available,0.9999137891395057,0.00010456136997172294,0.9999514897856336
8,map,0.7,1.3,18,True,True,True,True,True,127,128,128,False,candidate_available,0.9999436771923512,7.356417058912434e-05,0.9999628602144086
8,map,0.7,1.4,17,True,True,True,True,True,127,128,128,False,candidate_available,0.9999409434546574,7.876029570952348e-05,0.9999737150857382
8,map,0.7,1.5,18,True,True,True,True,True,96,128,128,False,candidate_available,0.9999515514673534,7.257867301313503e-05,0.9999688677594152
8,map,0.7,1.6,18,True,True,True,True,True,95,127,127,False,candidate_available,0.9999769272144742,3.77641965032538e-05,0.9999859812598266
8,map,0.7,1.7,17,True,True,True,True,True,96,128,128,False,candidate_available,0.9999834286451063,2.739032306675604e-05,0.9999915054805818
8,map,0.7,1.8,16,True,True,True,True,True,96,128,128,False,candidate_available,0.9999922369988384,1.4546916826230216e-05,0.9999949437056102
8,map,0.7,1.9,18,True,True,True,True,True,96,128,128,False,candidate_available,0.9999875277629612,2.42567604069599e-05,0.9999922264568676
8,map,0.7,2.0,18,True,True,True,True,True,95,128,128,False,candidate_available,0.9999948118834857,1.0800576042857557e-05,0.9999966177673869
8,map,0.75,0.1,15,True,True,True,True,True,32,106,106,False,candidate_available,0.9999994438137877,1.5031489319916602e-07,0.9999999810829889
8,map,0.75,0.2,17,True,True,True,True,True,64,128,128,False,candidate_available,0.9999513873637172,1.0023642602940974e-05,0.9999991950329418
8,map,0.75,0.3,16,True,True,True,True,True,128,128,128,False,candidate_available,0.9992524357809895,0.00013213146185497848,0.9999366147888165
8,map,0.75,0.4,15,False,False,False,False,False,128,128,128,False,no_qualified_candidate_budget_reached,0.9946611218464726,0.0008851255810069514,0.9995230512741136
8,map,0.75,0.5,17,False,False,False,False,False,128,128,128,False,no_qualified_candidate_budget_reached,0.9900835102137896,0.0021960574553039347,0.9980817675948617
8,map,0.75,0.6,17,False,False,False,False,False,128,128,128,False,no_qualified_candidate_budget_reached,0.9928116516069317,0.0023417759052610787,0.9955662911293897
8,map,0.75,0.7,16,False,False,False,False,False,128,128,128,False,no_qualified_candidate_budget_reached,0.998492245021812,0.00110481876987234,0.9991417623563897
8,map,0.75,0.8,17,True,True,True,True,True,127,128,128,False,candidate_available,0.9989166666934309,0.0008754886588582256,0.9994716632426934
8,map,0.75,0.9,18,True,True,True,True,True,128,128,128,False,candidate_available,0.9995293862560543,0.00045201423597984736,0.9997052734793782
8,map,0.75,1.0,18,True,True,True,True,True,127,127,127,False,candidate_available,0.9995315045828886,0.0004412866333665111,0.9998021030703099
8,map,0.75,1.1,18,True,True,True,True,True,128,128,128,False,candidate_available,0.999776312917166,0.00024242066631119386,0.99987482387528
8,map,0.75,1.2,15,True,True,True,True,True,128,128,128,False,candidate_available,0.9998611494300592,0.00017112922027395783,0.9999307852554062
8,map,0.75,1.3,17,True,True,True,True,True,127,128,128,False,candidate_available,0.9998703878274243,0.00016640927992073173,0.999927384733206
8,map,0.75,1.4,16,True,True,True,True,True,127,128,128,False,candidate_available,0.999902154507142,0.00013202753105812093,0.9999585667468069
8,map,0.75,1.5,17,True,True,True,True,True,127,128,128,False,candidate_available,0.9999635645058292,5.566421382385833e-05,0.9999746441138079
8,map,0.75,1.6,18,True,True,True,True,True,127,128,128,False,candidate_available,0.9999538501469394,6.792407772859832e-05,0.9999758581973478
8,map,0.75,1.7,16,True,True,True,True,True,95,128,128,False,candidate_available,0.9999727640691974,4.6381600319334026e-05,0.9999840878932843
8,map,0.75,1.8,15,True,True,True,True,True,127,128,128,False,candidate_available,0.9999854386269883,2.6802908417833393e-05,0.9999895805565854
8,map,0.75,1.9,15,True,True,True,True,True,95,128,128,False,candidate_available,0.9999857851031543,2.6890468328488737e-05,0.9999900916790656
8,map,0.75,2.0,16,True,True,True,True,True,96,128,128,False,candidate_available,0.9999923983672401,1.6114391615751344e-05,0.9999950096777408
8,map,0.8,0.1,15,True,True,True,True,True,32,90,90,False,candidate_available,0.9999997829124929,7.207179708590417e-08,0.999999988742913
8,map,0.8,0.2,15,True,True,True,True,True,32,122,122,False,candidate_available,0.9999817234869666,4.850211573370622e-06,0.9999999771666388
8,map,0.8,0.3,15,True,True,True,True,True,128,128,128,False,candidate_available,0.9997507957511085,5.786420788245206e-05,0.9999849920819242
8,map,0.8,0.4,16,True,True,True,True,True,128,128,128,False,candidate_available,0.9983805076861488,0.0003643048089333467,0.9999104493314308
8,map,0.8,0.5,16,True,True,True,True,True,128,128,128,False,candidate_available,0.9982093883228896,0.0005982404868959401,0.9992818741647034
8,map,0.8,0.6,16,False,False,False,False,False,128,128,128,False,no_qualified_candidate_budget_reached,0.9964609221338918,0.0016282987838714957,0.9980736382514536
8,map,0.8,0.7,15,False,False,False,False,False,128,128,128,False,no_qualified_candidate_budget_reached,0.9975901730809955,0.0014086423616204158,0.9983554064348414
8,map,0.8,0.8,17,True,True,True,True,True,127,127,127,False,candidate_available,0.9994710262846436,0.0005006074308542274,0.9995542709155063
8,map,0.8,0.9,15,False,False,False,False,False,127,128,128,False,no_qualified_candidate_budget_reached,0.9986213732588956,0.0010463042341217754,0.9995566745278983
8,map,0.8,1.0,17,True,True,True,True,True,128,128,128,False,candidate_available,0.9992423659207242,0.0006922512412892434,0.9997101231602111
8,map,0.8,1.1,14,True,True,True,True,True,128,128,128,False,candidate_available,0.9997063672318369,0.0003105410172603573,0.9998451027009578
8,map,0.8,1.2,15,True,True,True,True,True,128,128,128,False,candidate_available,0.999794717859046,0.0002345083119150715,0.9998911279897869
8,map,0.8,1.3,17,True,True,True,True,True,128,128,128,False,candidate_available,0.9998535925914986,0.00017901026172517653,0.99993444175024
8,map,0.8,1.4,17,True,True,True,True,True,127,128,128,False,candidate_available,0.9998878182389181,0.00015598148481843488,0.999942823941918
8,map,0.8,1.5,16,True,True,True,True,True,127,128,128,False,candidate_available,0.9999049970688655,0.00012542557216765893,0.9999654905815785
8,map,0.8,1.6,16,True,True,True,True,True,127,128,128,False,candidate_available,0.999944393997002,8.797905065338618e-05,0.9999677668900373
8,map,0.8,1.7,17,True,True,True,True,True,127,128,128,False,candidate_available,0.9999761264477321,4.0914885192755435e-05,0.9999879939506191
8,map,0.8,1.8,17,True,True,True,True,True,96,128,128,False,candidate_available,0.9999760574177986,4.126449409014299e-05,0.9999852652691332
8,map,0.8,1.9,17,True,True,True,True,True,95,128,128,False,candidate_available,0.999981330977438,3.431569545542246e-05,0.9999876958669897
8,map,0.8,2.0,17,True,True,True,True,True,95,128,128,False,candidate_available,0.9999896554433174,2.0814005108338307e-05,0.9999920599113712
8,map,0.85,0.1,15,True,True,True,True,True,32,94,94,False,candidate_available,0.9999999046345796,3.711412355222876e-08,0.9999999942033375
8,map,0.85,0.2,15,True,True,True,True,True,32,106,106,False,candidate_available,0.9999925238252426,2.401911304072968e-06,0.9999999861075787
8,map,0.85,0.3,16,True,True,True,True,True,128,128,128,False,candidate_available,0.999898015374652,2.945564292844427e-05,0.9999934246296389
8,map,0.85,0.4,16,True,True,True,True,True,96,128,128,False,candidate_available,0.999319002532653,0.00018112980255347022,0.9999499429662074
8,map,0.85,0.5,15,True,True,True,True,True,128,128,128,False,candidate_available,0.9979169571820957,0.0006210684996076354,0.9997416291488352
8,map,0.85,0.6,17,False,False,False,False,False,128,128,128,False,no_qualified_candidate_budget_reached,0.9962617226851938,0.0012966463570387443,0.999313987728877
8,map,0.85,0.7,17,False,False,False,False,False,128,128,128,False,no_qualified_candidate_budget_reached,0.9969964031206768,0.0015389039488551415,0.9987359476957788
8,map,0.85,0.8,17,False,False,False,False,False,127,128,128,False,no_qualified_candidate_budget_reached,0.9982957974660609,0.0012567950339024136,0.9992759317302894
8,map,0.85,0.9,17,True,True,True,True,True,128,128,128,False,candidate_available,0.9990750317156577,0.0007758384989882128,0.9993730714144895
8,map,0.85,1.0,17,True,True,True,True,True,127,128,128,False,candidate_available,0.9992842323387432,0.000687310568318944,0.999648542319174
8,map,0.85,1.1,18,True,True,True,True,True,128,128,128,False,candidate_available,0.999653552465372,0.00039914934401874547,0.9997647617411409
8,map,0.85,1.2,17,True,True,True,True,True,127,127,127,False,candidate_available,0.9996929154580964,0.0003372049707675018,0.9998768564395597
8,map,0.85,1.3,17,True,True,True,True,True,127,128,128,False,candidate_available,0.9998401736496271,0.00019981199024066143,0.9999183208304895
8,map,0.85,1.4,16,True,True,True,True,True,127,127,127,False,candidate_available,0.9998941114351532,0.00014714849683250542,0.9999437292826324
8,map,0.85,1.5,16,True,True,True,True,True,128,128,128,False,candidate_available,0.9999009169006089,0.00014981835019134415,0.9999456953848103
8,map,0.85,1.6,16,True,True,True,True,True,127,127,127,False,candidate_available,0.9999513354794489,7.215615591626978e-05,0.9999772214291289
8,map,0.85,1.7,18,True,True,True,True,True,127,128,128,False,candidate_available,0.9999601905034903,6.557341418078622e-05,0.9999773206848905
8,map,0.85,1.8,16,True,True,True,True,True,127,128,128,False,candidate_available,0.999974245755181,4.869597954471061e-05,0.9999801505968893
8,map,0.85,1.9,17,True,True,True,True,True,96,128,128,False,candidate_available,0.9999729067821542,4.859401193302304e-05,0.9999848689626224
8,map,0.85,2.0,16,True,True,True,True,True,96,128,128,False,candidate_available,0.9999727494059807,5.121359150006555e-05,0.9999860106585519
8,map,0.9,0.1,12,False,False,True,True,True,31,32,32,False,candidate_available_selection_failed,0.9999957163389177,1.991594154260312e-06,0.9999999979298957
8,map,0.9,0.2,13,True,True,True,True,True,32,106,106,False,candidate_available,0.9999965724780142,1.2896463403855307e-06,0.9999999942296637
8,map,0.9,0.3,16,True,True,True,True,True,64,128,128,False,candidate_available,0.9999589834525086,1.4286705778188136e-05,0.9999964350570087
8,map,0.9,0.4,17,True,True,True,True,True,128,128,128,False,candidate_available,0.9997019011548615,9.76488621601268e-05,0.9999652183902623
8,map,0.9,0.5,17,True,True,True,True,True,128,128,128,False,candidate_available,0.9992359059903865,0.0002772054926043488,0.9998963019319009
8,map,0.9,0.6,18,True,True,True,True,True,128,128,128,False,candidate_available,0.9978068276699651,0.0008529362527673889,0.9997015513189151
8,map,0.9,0.7,18,False,False,False,False,False,128,128,128,False,no_qualified_candidate_budget_reached,0.9971884741014065,0.001294813413525553,0.9994449514475456
8,map,0.9,0.8,17,True,True,True,True,True,128,128,128,False,candidate_available,0.9985810543858054,0.0009026838335639553,0.9992820197957941
8,map,0.9,0.9,17,False,False,False,False,False,128,128,128,False,no_qualified_candidate_budget_reached,0.998321984213709,0.0012669856567768534,0.9994707408596455
8,map,0.9,1.0,16,True,True,True,True,True,127,127,127,False,candidate_available,0.9993227487672848,0.0006306845077881373,0.9996326216778892
8,map,0.9,1.1,16,True,True,True,True,True,128,128,128,False,candidate_available,0.9995939129501802,0.00044740231933948493,0.9996959185057909
8,map,0.9,1.2,17,True,True,True,True,True,127,128,128,False,candidate_available,0.9996393357396386,0.00041371291478276007,0.9998003559143566
8,map,0.9,1.3,16,True,True,True,True,True,127,127,127,False,candidate_available,0.9996654833967117,0.00039825393331205383,0.9998313609524223
8,map,0.9,1.4,14,True,True,True,True,True,128,128,128,False,candidate_available,0.9998329586902941,0.0002202293756623508,0.9999226174826739
8,map,0.9,1.5,17,True,True,True,True,True,127,128,128,False,candidate_available,0.9998443491861109,0.00020695987362051582,0.9999251553036064
8,map,0.9,1.6,18,True,True,True,True,True,127,128,128,False,candidate_available,0.9998942548748544,0.0001490490339586259,0.9999576765279069
8,map,0.9,1.7,18,True,True,True,True,True,127,128,128,False,candidate_available,0.9999286119131398,0.0001096912681661788,0.999968361865335
8,map,0.9,1.8,17,True,True,True,True,True,128,128,128,False,candidate_available,0.999963184913099,6.666326045867699e-05,0.9999709032865705
8,map,0.9,1.9,17,True,True,True,True,True,127,128,128,False,candidate_available,0.9999643961902765,6.391665393401524e-05,0.9999866478893966
8,map,0.9,2.0,17,True,True,True,True,True,95,128,128,False,candidate_available,0.9999752327265802,4.7987426711859626e-05,0.9999855832705147
8,map,0.95,0.1,12,False,False,True,True,True,31,32,32,False,candidate_available_selection_failed,0.9999972623424859,1.4458942770856353e-06,0.999999998662673
8,map,0.95,0.2,15,True,True,True,True,True,32,98,98,False,candidate_available,0.9999982860372575,7.387125806612715e-07,0.9999999964921553
8,map,0.95,0.3,16,True,True,True,True,True,64,114,114,False,candidate_available,0.9999751836325418,9.699518009442798e-06,0.9999999663942297
8,map,0.95,0.4,17,True,True,True,True,True,96,128,128,False,candidate_available,0.9998804625487263,4.942689181763882e-05,0.9999908221824227
8,map,0.95,0.5,17,True,True,True,True,True,96,128,128,False,candidate_available,0.999637746381113,0.00014987078143180455,0.9999555807420607
8,map,0.95,0.6,17,True,True,True,True,True,128,128,128,False,candidate_available,0.9990178052930094,0.0004235531257581471,0.9998493854902248
8,map,0.95,0.7,16,True,True,True,True,True,128,128,128,False,candidate_available,0.9983334249314896,0.0008371297718314796,0.9995406821147484
8,map,0.95,0.8,16,False,False,False,False,False,128,128,128,False,no_qualified_candidate_budget_reached,0.9980297805527917,0.0011496159014559026,0.9989750866425103
8,map,0.95,0.9,17,False,False,False,False,False,128,128,128,False,no_qualified_candidate_budget_reached,0.9987913218519917,0.0010275077437587044,0.9995266562625933
8,map,0.95,1.0,17,True,True,True,True,True,127,128,128,False,candidate_available,0.9990302734441311,0.0008829998756558766,0.9995081509140138
8,map,0.95,1.1,15,True,True,True,True,True,128,128,128,False,candidate_available,0.9992375492700041,0.0007241402327635704,0.9995627543104963
8,map,0.95,1.2,16,True,True,True,True,True,128,128,128,False,candidate_available,0.9996848085297619,0.00039676760681661705,0.9998116331190021
8,map,0.95,1.3,18,True,True,True,True,True,127,127,127,False,candidate_available,0.9996288403849112,0.00044037561479948195,0.9997955024161739
8,map,0.95,1.4,17,True,True,True,True,True,127,127,127,False,candidate_available,0.9997904263511395,0.0002776184986814645,0.9998938867101741
8,map,0.95,1.5,13,True,True,True,True,True,127,128,128,False,candidate_available,0.9998107090624323,0.00025641857889624475,0.9999135336011505
8,map,0.95,1.6,15,True,True,True,True,True,127,128,128,False,candidate_available,0.9999081128016937,0.00014598618622163606,0.9999467216274857
8,map,0.95,1.7,17,True,True,True,True,True,127,127,127,False,candidate_available,0.9998832321197823,0.00018650661761343557,0.9999454050631236
8,map,0.95,1.8,13,True,True,True,True,True,127,128,128,False,candidate_available,0.9999561087572778,7.282851616863262e-05,0.9999764517269073
8,map,0.95,1.9,17,True,True,True,True,True,95,128,128,False,candidate_available,0.9999415324846918,9.907206378656497e-05,0.9999760261497558
8,map,0.95,2.0,17,True,True,True,True,True,95,128,128,False,candidate_available,0.9999665111807956,6.367915051841422e-05,0.9999827655229991
8,map,1.0,0.1,12,False,False,True,True,True,31,32,32,False,candidate_available_selection_failed,0.9999981826580261,1.0740917488760715e-06,0.9999999991160053
8,map,1.0,0.2,15,True,True,True,True,True,32,98,98,False,candidate_available,0.999999084130787,4.44469564486738e-07,0.9999999982355844
8,map,1.0,0.3,16,True,True,True,True,True,32,114,92,False,candidate_available,0.9999874823384015,5.869465775409921e-06,0.9999991796763459
8,map,1.0,0.4,15,True,True,True,True,True,64,128,128,False,candidate_available,0.9999158794254928,3.598312778962942e-05,0.9999970712040374
8,map,1.0,0.5,17,True,True,True,True,True,96,128,128,False,candidate_available,0.9997482124779206,0.0001243214613009247,0.9999793435718797
8,map,1.0,0.6,15,True,True,True,True,True,128,128,128,False,candidate_available,0.9994415971100972,0.0002578462863529474,0.9999264342225179
8,map,1.0,0.7,17,True,True,True,True,True,128,128,128,False,candidate_available,0.9989378218623515,0.0005583848082877374,0.9997339961500639
8,map,1.0,0.8,17,True,True,True,True,True,128,128,128,False,candidate_available,0.9988102878154926,0.000746494518198304,0.9995429527729258
8,map,1.0,0.9,17,False,False,False,False,False,128,128,128,False,no_qualified_candidate_budget_reached,0.9984051762384386,0.0010217018418965385,0.9992926795265179
8,map,1.0,1.0,15,True,True,True,True,True,128,128,128,False,candidate_available,0.9992491942730013,0.0006996930594729278,0.9996213343805052
8,map,1.0,1.1,16,True,True,True,True,True,128,128,128,False,candidate_available,0.9990847283377966,0.0007921786988780433,0.9995558835075844
8,map,1.0,1.2,17,True,True,True,True,True,127,127,127,False,candidate_available,0.999471780523206,0.0005897161486392299,0.9997231814327889
8,map,1.0,1.3,17,True,True,True,True,True,128,128,128,False,candidate_available,0.999663923013648,0.00039052553890805974,0.9998293354857732
8,map,1.0,1.4,17,True,True,True,True,True,128,128,128,False,candidate_available,0.9997397527130975,0.0003152570105438013,0.9999072614183538
8,map,1.0,1.5,17,True,True,True,True,True,127,128,128,False,candidate_available,0.9997857407850373,0.0002865305035710808,0.9999349510275811
8,map,1.0,1.6,16,True,True,True,True,True,127,127,127,False,candidate_available,0.9998323502254152,0.0002363605412132319,0.9999278892313832
8,map,1.0,1.7,16,True,True,True,True,True,128,128,128,False,candidate_available,0.999917124062232,0.00013663043988421109,0.9999364178116693
8,map,1.0,1.8,16,True,True,True,True,True,127,128,128,False,candidate_available,0.9999229645082586,0.00012437779051266418,0.9999716392861426
8,map,1.0,1.9,15,True,True,True,True,True,127,128,128,False,candidate_available,0.9999440426340541,9.740210204522981e-05,0.9999748430905169
8,map,1.0,2.0,18,True,True,True,True,True,128,128,128,False,candidate_available,0.9999642453831918,7.034204858813453e-05,0.9999807435336597
8,heldout,0.025,0.15,13,True,True,True,True,True,31,86,56,False,candidate_available,0.9999997378880029,1.194200592857797e-07,0.9999999492188081
8,heldout,0.025,0.35,15,True,True,True,True,True,63,121,106,False,candidate_available,0.9999999971769107,2.518808939200312e-09,0.9999999993678154
8,heldout,0.025,0.55,18,True,True,True,True,True,95,111,96,False,candidate_available,0.999999863242744,1.2198717103117929e-07,0.9999998955249272
8,heldout,0.025,0.85,18,True,True,True,True,True,96,127,127,False,candidate_available,0.9999997447779884,2.2300172508593619e-07,0.9999998822226868
8,heldout,0.025,1.25,17,True,True,True,True,True,96,128,128,False,candidate_available,0.9999989518687007,1.390953314750476e-06,0.999999218785921
8,heldout,0.025,1.75,17,True,True,True,True,True,63,127,127,False,candidate_available,0.9999997586425952,4.37421240118141e-07,0.9999998358276709
8,heldout,0.175,0.15,16,True,True,True,True,True,31,115,64,False,candidate_available,0.9999985309471242,5.5194062476005e-07,0.9999994141439812
8,heldout,0.175,0.35,16,True,True,True,True,True,95,124,124,False,candidate_available,0.9999997251675772,2.0217378626785631e-07,0.9999998766548992
8,heldout,0.175,0.55,16,True,True,True,True,True,96,128,128,False,candidate_available,0.9999962241478317,2.5602368391997032e-06,0.9999983370190009
8,heldout,0.175,0.85,16,True,True,True,True,True,96,128,127,False,candidate_available,0.9999965117507881,3.11194133661985e-06,0.9999981877087343
8,heldout,0.175,1.25,15,True,True,True,True,True,63,126,96,False,candidate_available,0.9999994426205028,7.128594172733926e-07,0.9999995596796272
8,heldout,0.175,1.75,17,True,True,True,True,True,32,128,95,False,candidate_available,0.9999997624662725,3.686998957252996e-07,0.9999998315143721
8,heldout,0.325,0.15,16,True,True,True,True,True,31,126,126,False,candidate_available,0.9999998898409322,6.08019997683229e-08,0.9999999615316122
8,heldout,0.325,0.35,17,True,True,True,True,True,127,128,128,False,candidate_available,0.9999712371275137,1.2860100144895803e-05,0.9999908091089729
8,heldout,0.325,0.55,17,True,True,True,True,True,95,128,128,False,candidate_available,0.9999364336153329,2.5570942235431104e-05,0.9999790180100724
8,heldout,0.325,0.85,18,True,True,True,True,True,95,128,128,False,candidate_available,0.9999853983297239,1.2101689844890018e-05,0.9999937260279771
8,heldout,0.325,1.25,18,True,True,True,True,True,95,128,127,False,candidate_available,0.9999978820201482,2.8393444020391456e-06,0.9999983998073769
8,heldout,0.325,1.75,18,True,True,True,True,True,63,127,127,False,candidate_available,0.999999634364532,6.621231993797494e-07,0.9999996939513196
8,heldout,0.475,0.15,18,False,False,False,False,False,128,128,7,False,no_qualified_candidate_budget_reached,0.007062735805954379,0.04613548198132045,0.9999999999999998
8,heldout,0.475,0.35,17,True,True,True,True,True,128,128,128,False,candidate_available,0.99871432019639,0.0004445264651876668,0.9992438723790065
8,heldout,0.475,0.55,17,True,True,True,True,True,128,128,128,False,candidate_available,0.9995945954505633,0.00021586912612336917,0.999801438989899
8,heldout,0.475,0.85,17,True,True,True,True,True,96,128,128,False,candidate_available,0.999949977256625,4.572999684482326e-05,0.9999729192802996
8,heldout,0.475,1.25,17,True,True,True,True,True,95,128,127,False,candidate_available,0.9999912927931298,1.1536595720063048e-05,0.9999945470368965
8,heldout,0.475,1.75,17,True,True,True,True,True,95,128,128,False,candidate_available,0.999998213620285,3.296600095126223e-06,0.9999984076739686
8,heldout,0.525,0.15,17,True,True,True,True,True,128,128,128,False,candidate_available,0.9947502477839967,0.0009369005977414302,0.9956360411132955
8,heldout,0.525,0.35,18,True,True,True,True,True,128,128,128,False,candidate_available,0.9981178868586514,0.0005256574364014277,0.9993044278609924
8,heldout,0.525,0.55,17,True,True,True,True,True,128,128,128,False,candidate_available,0.9995564716544928,0.000209893662859173,0.9998281300870469
8,heldout,0.525,0.85,16,True,True,True,True,True,127,127,127,False,candidate_available,0.9998717074170002,0.00011182866359149557,0.999922850940326
8,heldout,0.525,1.25,18,True,True,True,True,True,95,128,128,False,candidate_available,0.9999871082956341,1.7858586319308145e-05,0.9999913509883376
8,heldout,0.525,1.75,16,True,True,True,True,True,95,128,128,False,candidate_available,0.9999972598952241,4.9615013284487475e-06,0.9999981177505826
8,heldout,0.675,0.15,14,True,True,True,True,True,32,128,128,False,candidate_available,0.9999525507731404,6.848469285114511e-06,0.9999977305492965
8,heldout,0.675,0.35,17,False,False,False,False,False,127,128,127,False,no_qualified_candidate_budget_reached,0.979943356552867,0.0019311116424698405,0.9962293065640042
8,heldout,0.675,0.55,18,False,False,False,False,False,128,128,128,False,no_qualified_candidate_budget_reached,0.9975219927967177,0.0014272756546014342,0.9982173563002749
8,heldout,0.675,0.85,17,True,True,True,True,True,128,128,128,False,candidate_available,0.9995171520526721,0.00035845420592117705,0.9997889509022043
8,heldout,0.675,1.25,17,True,True,True,True,True,95,127,127,False,candidate_available,0.9999278633469466,8.843124211210807e-05,0.9999673386766359
8,heldout,0.675,1.75,15,True,True,True,True,True,95,128,128,False,candidate_available,0.9999912566267336,1.5847736702268023e-05,0.9999955366383462
8,heldout,0.825,0.15,15,True,True,True,True,True,32,118,118,False,candidate_available,0.9999982614009822,5.482372442688899e-07,0.9999999975547701
8,heldout,0.825,0.35,14,True,True,True,True,True,128,128,128,False,candidate_available,0.9996596996047745,9.522240601356202e-05,0.9999702617686164
8,heldout,0.825,0.55,16,False,False,False,False,False,128,128,128,False,no_qualified_candidate_budget_reached,0.9971592377766453,0.0010975276138582846,0.9992158964794167
8,heldout,0.825,0.85,16,False,False,False,False,False,127,127,127,False,no_qualified_candidate_budget_reached,0.9983505871900994,0.0012931115772754076,0.9989786438607923
8,heldout,0.825,1.25,16,True,True,True,True,True,127,128,128,False,candidate_available,0.9997416396824674,0.0002865805936731469,0.9999007257021146
8,heldout,0.825,1.75,18,True,True,True,True,True,127,127,127,False,candidate_available,0.9999658787638406,5.969948605710762e-05,0.9999792578231745
8,heldout,0.975,0.15,16,False,False,True,True,True,31,98,98,False,candidate_available_selection_failed,0.9999997834622667,1.098850779257532e-07,0.9999999850535963
8,heldout,0.975,0.35,14,True,True,True,True,True,64,128,128,False,candidate_available,0.9999512490853861,1.9896307956734915e-05,0.9999997716084541
8,heldout,0.975,0.55,15,True,True,True,True,True,127,128,128,False,candidate_available,0.9993679620889764,0.00026376103363423553,0.9999203696508191
8,heldout,0.975,0.85,16,True,True,True,True,True,128,128,128,False,candidate_available,0.9990483605255099,0.0006851187793834868,0.9995592891240347
8,heldout,0.975,1.25,15,True,True,True,True,True,127,128,128,False,candidate_available,0.9994124286873854,0.0006420194669087831,0.9997685086487169
8,heldout,0.975,1.75,17,True,True,True,True,True,127,128,128,False,candidate_available,0.9999318478237573,0.0001144459161750433,0.9999596603097356
12,n12,0,0.1,12,True,True,True,True,True,63,86,63,False,candidate_available,0.9999979784584323,6.668374092910767e-07,0.9999988659122376
12,n12,0,0.2,12,True,True,True,True,True,63,128,127,False,candidate_available,0.9999992707183989,2.3601532876208844e-07,0.999999664268673
12,n12,0,0.3,11,True,True,True,True,True,127,128,128,False,candidate_available,0.9999946846649408,2.568464318416138e-06,0.9999960046392227
12,n12,0,0.4,12,True,True,True,True,True,96,128,128,False,candidate_available,0.9999568588975232,1.547765123266487e-05,0.9999752596490905
12,n12,0,0.5,14,True,True,True,True,True,127,127,127,False,candidate_available,0.9998836875374104,2.6920834149457562e-05,0.9999722004383302
12,n12,0,0.6,15,True,True,True,True,True,128,128,128,False,candidate_available,0.9997780177922525,6.822360922094835e-05,0.9998276844314162
12,n12,0,0.7,14,True,True,True,True,True,127,127,127,False,candidate_available,0.9985069638894133,0.0002931300066009908,0.9994875068886253
12,n12,0,0.8,15,True,True,True,True,True,128,128,128,False,candidate_available,0.9983299871402083,0.0005029054181194444,0.9989342072217989
12,n12,0,0.9,13,True,True,True,True,True,128,128,128,False,candidate_available,0.998123370467097,0.0005027784490897839,0.9991292438089197
12,n12,0,1.0,12,False,False,False,False,False,128,128,128,False,no_qualified_candidate_budget_reached,0.9967913907004714,0.0012094279124612584,0.9974781598310771
12,n12,0,1.1,14,False,False,False,False,False,128,128,128,False,no_qualified_candidate_budget_reached,0.9946931541350206,0.0015389354393485395,0.9978151771294977
12,n12,0,1.2,15,False,False,False,False,False,127,127,127,False,no_qualified_candidate_budget_reached,0.9976882213659555,0.0006900371026968463,0.999119202605188
12,n12,0,1.3,15,False,False,False,False,False,127,128,128,False,no_qualified_candidate_budget_reached,0.9975762003616384,0.0006763042028019584,0.9994200254347152
12,n12,0,1.4,14,True,True,True,True,True,127,127,127,False,candidate_available,0.9995870467078208,0.00016449958818398613,0.9998530550120712
12,n12,0,1.5,14,True,True,True,True,True,127,127,127,False,candidate_available,0.9997903053941686,0.0001130896498828804,0.999902555511159
12,n12,0,1.6,15,True,True,True,True,True,127,127,127,False,candidate_available,0.9997866791246692,0.00010244359147234168,0.9999163138130936
12,n12,0,1.7,15,True,True,True,True,True,127,127,127,False,candidate_available,0.999877558770887,6.310573697317541e-05,0.9999520440916069
12,n12,0,1.8,15,True,True,True,True,True,127,127,127,False,candidate_available,0.9999358809544366,3.455928217910298e-05,0.999974799274274
12,n12,0,1.9,15,True,True,True,True,True,96,127,127,False,candidate_available,0.9999667697154301,2.1721789756531013e-05,0.9999869014702555
12,n12,0,2.0,15,True,True,True,True,True,127,127,127,False,candidate_available,0.9999846891456017,1.1201037878845929e-05,0.9999928851208376
12,n12,0.3,0.1,15,True,True,True,True,True,63,128,95,False,candidate_available,0.9999948763752761,7.734051594709968e-07,0.9999996447903028
12,n12,0.3,0.2,14,True,True,True,True,True,95,128,128,False,candidate_available,0.9999536761645305,5.695775600944586e-06,0.9999779285233208
12,n12,0.3,0.3,14,True,True,True,True,True,128,128,128,False,candidate_available,0.9987243725378588,8.531236045368946e-05,0.9996944928779075
12,n12,0.3,0.4,14,False,False,False,False,False,128,128,128,False,no_qualified_candidate_budget_reached,0.9872112971002077,0.0007433987449750509,0.9955255090577845
12,n12,0.3,0.5,15,False,False,False,False,False,128,128,128,False,no_qualified_candidate_budget_reached,0.9888291669006632,0.0005611646610865032,0.9979357507004283
12,n12,0.3,0.6,13,True,True,True,True,True,128,128,128,False,candidate_available,0.9996614673198198,7.080263183597187e-05,0.999884210975498
12,n12,0.3,0.7,15,False,False,False,False,False,96,128,128,False,no_qualified_candidate_budget_reached,0.9992159105659062,9.367484606374414e-05,0.999908265032517
12,n12,0.3,0.8,15,False,False,True,True,True,96,128,128,False,candidate_available_selection_failed,0.9992808446852015,0.00010576687758027485,0.999934522908084
12,n12,0.3,0.9,15,True,True,True,True,True,127,128,128,False,candidate_available,0.9996536057313192,7.765983680692774e-05,0.9999127072318721
12,n12,0.3,1.0,14,True,True,True,True,True,127,127,127,False,candidate_available,0.9997739972371482,6.323002874975003e-05,0.9999154105427135
12,n12,0.3,1.1,15,True,True,True,True,True,96,128,128,False,candidate_available,0.9999116201278311,3.7600689186974755e-05,0.9999492933629779
12,n12,0.3,1.2,15,True,True,True,True,True,96,128,128,False,candidate_available,0.9999511220229466,2.470745967168379e-05,0.9999675049807819
12,n12,0.3,1.3,14,True,True,True,True,True,96,128,128,False,candidate_available,0.9999627177882994,1.9416986846820805e-05,0.9999776287709279
12,n12,0.3,1.4,15,True,True,True,True,True,96,128,128,False,candidate_available,0.999973682159707,1.4573250496141554e-05,0.9999777046941895
12,n12,0.3,1.5,15,True,True,True,True,True,96,128,128,False,candidate_available,0.999979249210821,1.2463888255709321e-05,0.9999841214205991
12,n12,0.3,1.6,14,True,True,True,True,True,96,128,128,False,candidate_available,0.9999871313100437,8.627010225599937e-06,0.9999907324214724
12,n12,0.3,1.7,15,True,True,True,True,True,96,128,128,False,candidate_available,0.9999895119500978,7.078092221668442e-06,0.9999944720245054
12,n12,0.3,1.8,15,True,True,True,True,True,96,128,128,False,candidate_available,0.9999890749987292,9.313934091833195e-06,0.9999922331893736
12,n12,0.3,1.9,15,True,True,True,True,True,96,128,128,False,candidate_available,0.9999907849111102,7.180528953062056e-06,0.999992171042647
12,n12,0.3,2.0,15,True,True,True,True,True,96,128,128,False,candidate_available,0.9999920128331024,7.470141304348014e-06,0.999993959619716
12,n12,0.8,0.1,13,True,True,False,True,True,64,126,128,False,candidate_available,0.9999779469618812,5.618821726856756e-06,0.9999912429192603
12,n12,0.8,0.2,15,True,True,True,True,True,64,128,128,False,candidate_available,0.9997935173055399,4.53421683411411e-05,0.9999276940005286
12,n12,0.8,0.3,13,True,True,True,True,True,128,128,128,False,candidate_available,0.9966322744794254,0.0006145335161390856,0.9991873426884543
12,n12,0.8,0.4,15,False,False,False,False,False,128,128,128,False,no_qualified_candidate_budget_reached,0.9865345978968658,0.0011652476600853372,0.9983878703166353
12,n12,0.8,0.5,15,False,False,False,False,False,128,128,128,False,no_qualified_candidate_budget_reached,0.8265630358884606,0.005942770768545991,0.9977267523020349
12,n12,0.8,0.6,15,False,False,False,False,False,128,128,128,False,no_qualified_candidate_budget_reached,0.6437119106109221,0.018892135492295587,0.9945576316999634
12,n12,0.8,0.7,14,False,False,False,False,False,128,128,10,False,no_qualified_candidate_budget_reached,0.06722293465035983,0.2197753540951141,0.9999999999999996
12,n12,0.8,0.8,15,False,False,False,False,False,128,128,127,False,no_qualified_candidate_budget_reached,0.9777340274319026,0.006128185135660343,0.9900039962953404
12,n12,0.8,0.9,14,False,False,False,False,False,128,128,128,False,no_qualified_candidate_budget_reached,0.9875610995716955,0.004482459605287037,0.9938630188679777
12,n12,0.8,1.0,15,False,False,False,False,False,128,128,128,False,no_qualified_candidate_budget_reached,0.9915804973949552,0.003173869150812377,0.996311866271832
12,n12,0.8,1.1,15,False,False,False,False,False,128,128,128,False,no_qualified_candidate_budget_reached,0.9920732187299334,0.003407946919548562,0.9960952224735345
12,n12,0.8,1.2,15,False,False,False,False,False,128,128,128,False,no_qualified_candidate_budget_reached,0.9944815272849727,0.0023524107407505803,0.9976978144566491
12,n12,0.8,1.3,15,False,False,False,False,False,127,127,127,False,no_qualified_candidate_budget_reached,0.9973379133698544,0.0015327446560432871,0.9985555942009494
12,n12,0.8,1.4,15,False,False,False,False,False,128,128,128,False,no_qualified_candidate_budget_reached,0.9974096335400613,0.0013933291134475094,0.9986235025947534
12,n12,0.8,1.5,14,False,False,False,False,False,128,128,128,False,no_qualified_candidate_budget_reached,0.9977393607062011,0.0012312411050213374,0.99877959519968
12,n12,0.8,1.6,15,True,True,True,True,True,128,128,128,False,candidate_available,0.998905392731731,0.0007249456417213196,0.9994427858705396
12,n12,0.8,1.7,15,True,True,True,True,True,128,128,128,False,candidate_available,0.9990965375924228,0.000636284425175937,0.9994967050595769
12,n12,0.8,1.8,15,True,True,True,True,True,128,128,128,False,candidate_available,0.9990195723362018,0.0006586675215058216,0.9995125823613439
12,n12,0.8,1.9,14,True,True,True,True,True,128,128,128,False,candidate_available,0.9994608849702836,0.0004078996733663705,0.9996958519799672
12,n12,0.8,2.0,15,True,True,True,True,True,127,128,128,False,candidate_available,0.9995405862087895,0.0003624735107905508,0.9997242144753349
