pair_index,pair_type,method,p,trace_distance,XZ_total_variation,classical_minus_quantum,known_binary_single_copy_optimal_error,oracle_error_10k,oracle_error_100k,oracle_error_1M,D4_same_output,D5_same_output,D4_any_reject,D5_any_reject,interpretation,counts,independent_opposite_phase_labels
0,RN_feature_sides,B3,0,0.03518372213169897,0.02841585314848912,-0.00676786898320985,0.4824081389341505,0.0,0.0,0.0,True,True,True,True,Known_binary_measurement_templates_distinguish_while_some_frozen_outputs_do_not,results/stage6_v1/noise_diagnosability/pair_cache/5814338f5d8b247ddd0d9e703cd04a74bffa6d10f46c6c5b46bce632c5990738.npz,False
0,RN_feature_sides,B3,0.01,0.13510087695073364,0.0604065198218774,-0.07469435712885625,0.4324495615246332,0.0,0.0,0.0,True,True,True,True,Known_binary_measurement_templates_distinguish_while_some_frozen_outputs_do_not,results/stage6_v1/noise_diagnosability/pair_cache/2ea09f4263e8e19d02d534985d6cc2cbe41d5473438137d5c2e5cb132a0791e9.npz,False
0,RN_feature_sides,B3,0.05,0.11269835646626133,0.0673396996705751,-0.045358656795686236,0.4436508217668693,0.0,0.0,0.0,True,True,True,True,Known_binary_measurement_templates_distinguish_while_some_frozen_outputs_do_not,results/stage6_v1/noise_diagnosability/pair_cache/abe9b7a8b1faae40b367ac356a5c2ab04b1fdebd2edbb42c3d8066bad4df83ba.npz,False
0,RN_feature_sides,H6,0,0.033796061229771364,0.02823358473853661,-0.0055624764912347545,0.4831019693851143,0.0,0.0,0.0,True,True,True,True,Known_binary_measurement_templates_distinguish_while_some_frozen_outputs_do_not,results/stage6_v1/noise_diagnosability/pair_cache/c393013b144607f1ca8e2526a39a914aa9f7cb698a158043df0753c7554d241e.npz,False
0,RN_feature_sides,H6,0.01,0.14233487158128316,0.06739555975171585,-0.07493931182956731,0.42883256420935845,0.0,0.0,0.0,True,True,True,True,Known_binary_measurement_templates_distinguish_while_some_frozen_outputs_do_not,results/stage6_v1/noise_diagnosability/pair_cache/0b040df8c22fef824a2a9b9a89d7c4813fa82a001db00fb9bd0e7786642d09f5.npz,False
0,RN_feature_sides,H6,0.05,0.07798649259959312,0.05151602738421676,-0.026470465215376354,0.46100675370020344,0.0,0.0,0.0,True,True,True,True,Known_binary_measurement_templates_distinguish_while_some_frozen_outputs_do_not,results/stage6_v1/noise_diagnosability/pair_cache/2f81750d02396e743994aea7d86f7458ddd3517c5c9d2b3908b0de4a0961d7fc.npz,False
1,RN_feature_sides,B3,0,0.0675167859932368,0.05634827874986651,-0.011168507243370283,0.4662416070033816,0.0,0.0,0.0,True,True,True,True,Known_binary_measurement_templates_distinguish_while_some_frozen_outputs_do_not,results/stage6_v1/noise_diagnosability/pair_cache/84aefcbc3fc2dc8c8c14fe9b485acf0feece0da41336b3b44c1c0bccb2446a7d.npz,False
1,RN_feature_sides,B3,0.01,0.16790792549767736,0.07481069781022406,-0.0930972276874533,0.4160460372511613,0.0,0.0,0.0,True,True,True,True,Known_binary_measurement_templates_distinguish_while_some_frozen_outputs_do_not,results/stage6_v1/noise_diagnosability/pair_cache/0c4387d00e8674ff124b2f9e2a2a6b3096da4fb4c0240064c0c91b610e8d9c98.npz,False
1,RN_feature_sides,B3,0.05,0.10922131673513477,0.059069643845889225,-0.05015167288924555,0.4453893416324326,0.0,0.0,0.0,True,True,True,True,Known_binary_measurement_templates_distinguish_while_some_frozen_outputs_do_not,results/stage6_v1/noise_diagnosability/pair_cache/9483d82dbb2999c53e0b5cfb2992eef741aeb48d24b744e21a13908ace90f425.npz,False
1,RN_feature_sides,H6,0,0.06744516690665414,0.056353323785950676,-0.011091843120703465,0.46627741654667293,0.0,0.0,0.0,True,True,True,True,Known_binary_measurement_templates_distinguish_while_some_frozen_outputs_do_not,results/stage6_v1/noise_diagnosability/pair_cache/9724434742fe711bfc13836278d1f503b7a7aa3ec2789c4e34dc8c6cd736f23e.npz,False
1,RN_feature_sides,H6,0.01,0.13788598247781667,0.061965957459054144,-0.07592002501876252,0.43105700876109165,0.0,0.0,0.0,True,True,True,True,Known_binary_measurement_templates_distinguish_while_some_frozen_outputs_do_not,results/stage6_v1/noise_diagnosability/pair_cache/db420107ab6811d3055048a2a1587d0d478a6b77bae070e9f8bb2d51c61d7067.npz,False
1,RN_feature_sides,H6,0.05,0.048589174080687594,0.027908658701362832,-0.020680515379324763,0.4757054129596562,0.0,0.0,0.0,True,True,True,True,Known_binary_measurement_templates_distinguish_while_some_frozen_outputs_do_not,results/stage6_v1/noise_diagnosability/pair_cache/0419ed16bfa3c17fa552c842ca816340fe68fdfc5e806fa162df586ea25ecda0.npz,False
2,RN_feature_sides,B3,0,0.0865015682156794,0.07217799311139972,-0.014323575104279687,0.4567492158921603,0.0,0.0,0.0,True,True,True,True,Known_binary_measurement_templates_distinguish_while_some_frozen_outputs_do_not,results/stage6_v1/noise_diagnosability/pair_cache/2b524ecc3a5d53df390453bfe2388544e10c0e6f6ee0987de7e14a6c99f6d627.npz,False
2,RN_feature_sides,B3,0.01,0.1999052518377451,0.10072273925859315,-0.09918251257915195,0.40004737408112745,0.0,0.0,0.0,True,True,True,True,Known_binary_measurement_templates_distinguish_while_some_frozen_outputs_do_not,results/stage6_v1/noise_diagnosability/pair_cache/a325b3585f06f6b0f10bc199f2e8c893189bd29d7668bcef1357c995d567a5c1.npz,False
2,RN_feature_sides,B3,0.05,0.16533654605466067,0.1073099754884291,-0.05802657056623156,0.4173317269726697,0.0,0.0,0.0,True,True,True,True,Known_binary_measurement_templates_distinguish_while_some_frozen_outputs_do_not,results/stage6_v1/noise_diagnosability/pair_cache/8a1bfe122663185fbdd1eb1038eaad36f7b5f9e4633f7fd8764f87f5d90dde16.npz,False
2,RN_feature_sides,H6,0,0.08623962842292786,0.07203726115253888,-0.014202367270388983,0.45688018578853606,0.0,0.0,0.0,True,True,True,True,Known_binary_measurement_templates_distinguish_while_some_frozen_outputs_do_not,results/stage6_v1/noise_diagnosability/pair_cache/d7c48941faf9243383713359911f9402e91c4c1d45000bbbb4e396fbf048d32a.npz,False
2,RN_feature_sides,H6,0.01,0.12917246018812584,0.06790693669815037,-0.061265523489975465,0.43541376990593705,0.0,0.0,0.0,True,True,True,True,Known_binary_measurement_templates_distinguish_while_some_frozen_outputs_do_not,results/stage6_v1/noise_diagnosability/pair_cache/8019639385d19ab7f1671bf5e942a63af8fd26a3985843fd37725bece746a709.npz,False
2,RN_feature_sides,H6,0.05,0.054300476060078706,0.033743171607116,-0.020557304452962707,0.47284976196996065,0.0,0.0,0.0,True,True,True,True,Known_binary_measurement_templates_distinguish_while_some_frozen_outputs_do_not,results/stage6_v1/noise_diagnosability/pair_cache/d9b0891d4feecee2ae2e542637e828c24aba05147d3e18e6dc78364e830c6355.npz,False
3,RN_feature_sides,B3,0,0.16900559088192285,0.14163371681554116,-0.027371874066381696,0.4154972045590386,0.0,0.0,0.0,True,True,True,True,Known_binary_measurement_templates_distinguish_while_some_frozen_outputs_do_not,results/stage6_v1/noise_diagnosability/pair_cache/beb1ab0140c5782e84b95359a36ad27728a62eb893620b1f66d7471953c761f2.npz,False
3,RN_feature_sides,B3,0.01,0.2532429376752183,0.12574168233930616,-0.12750125533591217,0.37337853116239084,0.0,0.0,0.0,True,True,True,True,Known_binary_measurement_templates_distinguish_while_some_frozen_outputs_do_not,results/stage6_v1/noise_diagnosability/pair_cache/83212a327188bc92176edb34f37117292a9a6a72815734d622c37c88a9be0134.npz,False
3,RN_feature_sides,B3,0.05,0.1321171735763324,0.07672239025898146,-0.05539478331735094,0.43394141321183377,0.0,0.0,0.0,True,True,True,True,Known_binary_measurement_templates_distinguish_while_some_frozen_outputs_do_not,results/stage6_v1/noise_diagnosability/pair_cache/1aa15b809caaf6aac1910b47257f768e024f07be60e8f08f157aea87c6b24807.npz,False
3,RN_feature_sides,H6,0,0.17113045796990267,0.14300587390864816,-0.02812458406125451,0.41443477101504866,0.0,0.0,0.0,True,True,True,True,Known_binary_measurement_templates_distinguish_while_some_frozen_outputs_do_not,results/stage6_v1/noise_diagnosability/pair_cache/dbd4b6427cfcb141e3c8a2c19ed6284af5541911f82eced96e1d6070761bd329.npz,False
3,RN_feature_sides,H6,0.01,0.20700430284895793,0.11712982637330921,-0.08987447647564872,0.39649784857552106,0.0,0.0,0.0,True,True,True,True,Known_binary_measurement_templates_distinguish_while_some_frozen_outputs_do_not,results/stage6_v1/noise_diagnosability/pair_cache/64bc95c441244b52ba20147cab45a7b38dd064951588937903411207d95da93c.npz,False
3,RN_feature_sides,H6,0.05,0.09337333316072909,0.05998485538212571,-0.033388477778603376,0.4533133334196355,0.0,0.0,0.0,True,True,True,True,Known_binary_measurement_templates_distinguish_while_some_frozen_outputs_do_not,results/stage6_v1/noise_diagnosability/pair_cache/0064a029fd2c632cfb80095151e9a34078c68e038b640a15eb34ad5a4fdf349d.npz,False
4,RN_feature_sides,B3,0,0.5274905860502357,0.4014614268176795,-0.1260291592325562,0.23625470697488216,0.0,0.0,0.0,False,False,True,True,Known_binary_measurement_templates_distinguish_while_some_frozen_outputs_do_not,results/stage6_v1/noise_diagnosability/pair_cache/f5f6c8fa12a28f8d0f581b6ffd3086db5400e5321065f8d366d9344e31fbaff9.npz,False
4,RN_feature_sides,B3,0.01,0.4784278774090721,0.2814621446768537,-0.1969657327322184,0.26078606129546394,0.0,0.0,0.0,True,True,True,True,Known_binary_measurement_templates_distinguish_while_some_frozen_outputs_do_not,results/stage6_v1/noise_diagnosability/pair_cache/b18b04a274bc19716d08bdd81f904d902e2ae673891d8e3932dd8f44c2eabcc8.npz,False
4,RN_feature_sides,B3,0.05,0.17445521624467658,0.10196114969529971,-0.07249406654937687,0.4127723918776617,0.0,0.0,0.0,True,True,True,True,Known_binary_measurement_templates_distinguish_while_some_frozen_outputs_do_not,results/stage6_v1/noise_diagnosability/pair_cache/f3ab6f23a1850d8ff361f6d8d8c393d46583528be3db97bf73b14db0fb78e166.npz,False
4,RN_feature_sides,H6,0,0.651063270598855,0.49986402701744403,-0.151199243581411,0.17446836470057248,0.0,0.0,0.0,False,False,True,True,Known_binary_measurement_templates_distinguish_while_some_frozen_outputs_do_not,results/stage6_v1/noise_diagnosability/pair_cache/a1be8da63343ae7aec484c9284d175cc247e525b4e274c59f98440a0192916a1.npz,False
4,RN_feature_sides,H6,0.01,0.4812494127397131,0.2977527326799281,-0.18349668005978503,0.25937529363014344,0.0,0.0,0.0,False,True,True,True,Known_binary_measurement_templates_distinguish_while_some_frozen_outputs_do_not,results/stage6_v1/noise_diagnosability/pair_cache/d3e99de838164298613a4588e29035c93bb330b63e3a40e0fccce94310c78daf.npz,False
4,RN_feature_sides,H6,0.05,0.1709282822441075,0.10707351649332726,-0.06385476575078024,0.41453585887794625,0.0,0.0,0.0,True,True,True,True,Known_binary_measurement_templates_distinguish_while_some_frozen_outputs_do_not,results/stage6_v1/noise_diagnosability/pair_cache/0d25fb0138edc337fcb7671999ec8a0f4a43df1c710d0657899b796ece8e4175.npz,False
5,RN_feature_sides,B3,0,0.8126430172842456,0.6350107439545687,-0.1776322733296769,0.0936784913578772,0.0,0.0,0.0,False,False,True,True,Known_binary_measurement_templates_distinguish_while_some_frozen_outputs_do_not,results/stage6_v1/noise_diagnosability/pair_cache/93041285fd662920a5d0538951637f0fa82943579d63ae2fc4ef86d7b29b6fe3.npz,False
5,RN_feature_sides,B3,0.01,0.7221334003194928,0.4739397496165133,-0.2481936507029795,0.1389332998402536,0.0,0.0,0.0,False,True,True,True,Known_binary_measurement_templates_distinguish_while_some_frozen_outputs_do_not,results/stage6_v1/noise_diagnosability/pair_cache/56f323ea81cea4f6bbb068328a345f76da598b3624a55d1710369aebadebd0f5.npz,False
5,RN_feature_sides,B3,0.05,0.3575686112618278,0.20667968077473103,-0.15088893048709678,0.3212156943690861,0.0,0.0,0.0,True,True,True,True,Known_binary_measurement_templates_distinguish_while_some_frozen_outputs_do_not,results/stage6_v1/noise_diagnosability/pair_cache/5bb6169edb6968cad5769a3ae3c3977fd37d1b36fb981581104738467e69310d.npz,False
5,RN_feature_sides,H6,0,0.8872383889663011,0.6956280805405705,-0.19161030842573068,0.05638080551684943,0.0,0.0,0.0,False,False,True,True,Known_binary_measurement_templates_distinguish_while_some_frozen_outputs_do_not,results/stage6_v1/noise_diagnosability/pair_cache/4d84008f66fd87c239b0d78bb8e0f9080e136e693471bb838f8fc4940ea1f09c.npz,False
5,RN_feature_sides,H6,0.01,0.6632472971520373,0.4077062027431642,-0.2555410944088731,0.16837635142398133,0.0,0.0,0.0,False,True,True,True,Known_binary_measurement_templates_distinguish_while_some_frozen_outputs_do_not,results/stage6_v1/noise_diagnosability/pair_cache/3baa990a176e9a407725013a4dc01e40f26624365c19c5c27e915ff9df9ecc18.npz,False
5,RN_feature_sides,H6,0.05,0.2598394582493933,0.16031469126620485,-0.09952476698318846,0.3700802708753034,0.0,0.0,0.0,True,True,True,True,Known_binary_measurement_templates_distinguish_while_some_frozen_outputs_do_not,results/stage6_v1/noise_diagnosability/pair_cache/fa484a569a74a1a50800194ffa0f601b90750bfc778e1c06ca35d36fb48adf2b.npz,False
6,RN_feature_sides,B3,0,0.7310350865061384,0.5137277035095482,-0.21730738299659014,0.13448245674693082,0.0,0.0,0.0,True,True,False,False,Known_binary_measurement_templates_distinguish_while_some_frozen_outputs_do_not,results/stage6_v1/noise_diagnosability/pair_cache/0c65331b94911d58cd90dc4b196245379d26154bca93b144a32109c0efb4711d.npz,False
6,RN_feature_sides,B3,0.01,0.6649708087044768,0.4168441793671739,-0.2481266293373029,0.1675145956477616,0.0,0.0,0.0,False,False,True,True,Known_binary_measurement_templates_distinguish_while_some_frozen_outputs_do_not,results/stage6_v1/noise_diagnosability/pair_cache/39bb4a919543933f70414dee8920ad0f6ecb39e0bf0752208fe55fa939e17553.npz,False
6,RN_feature_sides,B3,0.05,0.3032821820262327,0.18748081581529646,-0.11580136621093623,0.34835890898688365,0.0,0.0,0.0,True,True,True,True,Known_binary_measurement_templates_distinguish_while_some_frozen_outputs_do_not,results/stage6_v1/noise_diagnosability/pair_cache/ed93e40c88fecd4f2770ac0dc2344bf879cac20254db41c0a26aef00dfff8b21.npz,False
6,RN_feature_sides,H6,0,0.9866787277977342,0.8306621499855129,-0.15601657781222134,0.006660636101132877,0.0,0.0,0.0,False,False,True,True,Known_binary_measurement_templates_distinguish_while_some_frozen_outputs_do_not,results/stage6_v1/noise_diagnosability/pair_cache/e30523de5c03f6bf3aa0987462c8511379500102017cadc5616f6558b8e23153.npz,False
6,RN_feature_sides,H6,0.01,0.7818018359644021,0.5711242508388356,-0.21067758512556656,0.10909908201779894,0.0,0.0,0.0,False,True,True,True,Known_binary_measurement_templates_distinguish_while_some_frozen_outputs_do_not,results/stage6_v1/noise_diagnosability/pair_cache/bd8b3f43a7516f859ec039b0f2fe994195568e0f1d773ba128e150783fb2b733.npz,False
6,RN_feature_sides,H6,0.05,0.32353297775646295,0.22604896080977752,-0.09748401694668543,0.3382335111217685,0.0,0.0,0.0,True,True,True,True,Known_binary_measurement_templates_distinguish_while_some_frozen_outputs_do_not,results/stage6_v1/noise_diagnosability/pair_cache/8e30a8e67954984be65975f3d20223385807259090250d408aa11dc65d1ee84c.npz,False
7,RN_feature_sides,B3,0,0.9989934065808657,0.8544053903085913,-0.14458801627227436,0.0005032967095671692,0.0,0.0,0.0,False,False,True,True,Known_binary_measurement_templates_distinguish_while_some_frozen_outputs_do_not,results/stage6_v1/noise_diagnosability/pair_cache/9e0852252b334de5f296e3ef79b497f38078922b85ae6af1732a9288dbb4be67.npz,False
7,RN_feature_sides,B3,0.01,0.930531776008688,0.7406726162695494,-0.18985915973913858,0.034734111995656014,0.0,0.0,0.0,False,False,True,True,Known_binary_measurement_templates_distinguish_while_some_frozen_outputs_do_not,results/stage6_v1/noise_diagnosability/pair_cache/8bb410053c7ea63ce6d0a79981c3bf31bd6018a3c3064f93ae6e428ae3f989c8.npz,False
7,RN_feature_sides,B3,0.05,0.6226169990536127,0.4484707529580615,-0.17414624609555118,0.18869150047319366,0.0,0.0,0.0,False,False,True,True,Known_binary_measurement_templates_distinguish_while_some_frozen_outputs_do_not,results/stage6_v1/noise_diagnosability/pair_cache/21793c39c3b10f04bfc17407a198f19bcf20e8f39d19ea89c8c4868b1f9f101b.npz,False
7,RN_feature_sides,H6,0,0.9932395272308902,0.8473967881179469,-0.1458427391129432,0.0033802363845549244,0.0,0.0,0.0,False,False,True,True,Known_binary_measurement_templates_distinguish_while_some_frozen_outputs_do_not,results/stage6_v1/noise_diagnosability/pair_cache/b1dd0af03a95e69c30e2701babe7817ed3b96cc734c65bfa100e1f8662b0ac87.npz,False
7,RN_feature_sides,H6,0.01,0.7773365018514865,0.5713690250586213,-0.2059674767928652,0.11133174907425675,0.0,0.0,0.0,False,True,True,True,Known_binary_measurement_templates_distinguish_while_some_frozen_outputs_do_not,results/stage6_v1/noise_diagnosability/pair_cache/9a8a8d940db50ee91e3300c8b3e743c679615dad9efd24991fae6b8f9b8c142d.npz,False
7,RN_feature_sides,H6,0.05,0.3169755271136385,0.21292710151531413,-0.10404842559832439,0.34151223644318074,0.0,0.0,0.0,True,True,True,True,Known_binary_measurement_templates_distinguish_while_some_frozen_outputs_do_not,results/stage6_v1/noise_diagnosability/pair_cache/5d7c1d3da516fbeff2e7534cae0eb7426baf050fa2ceb5671bac6aea90c53f1c.npz,False
8,RN_feature_sides,B3,0,0.09231549225389374,0.06099070113599301,-0.03132479111790073,0.4538422538730531,0.0,0.0,0.0,False,True,True,True,Known_binary_measurement_templates_distinguish_while_some_frozen_outputs_do_not,results/stage6_v1/noise_diagnosability/pair_cache/08926e0358f062d1c879cd06a4a9b68ec078c6d5dc6852ad495f83c4284f2aac.npz,False
8,RN_feature_sides,B3,0.01,0.16786451063933633,0.0685485466902578,-0.09931596394907853,0.4160677446803318,0.0,0.0,0.0,True,True,True,True,Known_binary_measurement_templates_distinguish_while_some_frozen_outputs_do_not,results/stage6_v1/noise_diagnosability/pair_cache/8cfe4ff57340b56cca0ad72361af06f2bd97eac765388bc7e8693ab7c4ecca04.npz,False
8,RN_feature_sides,B3,0.05,0.07558169798754633,0.04158275981707634,-0.033998938170469985,0.46220915100622684,0.0,0.0,0.0,True,True,True,True,Known_binary_measurement_templates_distinguish_while_some_frozen_outputs_do_not,results/stage6_v1/noise_diagnosability/pair_cache/5afcd3a218f1fffa51fafaf63addc3e3a7fe94fd705bbaaecf63a614f16b3a10.npz,False
8,RN_feature_sides,H6,0,0.07495770996358672,0.05318285717347865,-0.021774852790108074,0.4625211450182066,0.0,0.0,0.0,False,True,True,True,Known_binary_measurement_templates_distinguish_while_some_frozen_outputs_do_not,results/stage6_v1/noise_diagnosability/pair_cache/2f73240ffdfa44554f2c2364409e6eb5cfc6a0803ef20811d54d8e8897130620.npz,False
8,RN_feature_sides,H6,0.01,0.16109762735725164,0.08200954645840408,-0.07908808089884756,0.4194511863213742,0.0,0.0,0.0,True,True,True,True,Known_binary_measurement_templates_distinguish_while_some_frozen_outputs_do_not,results/stage6_v1/noise_diagnosability/pair_cache/e14757d755af9af104261675c7a9e951ed139722685d7a727b601dad0ab3dccc.npz,False
8,RN_feature_sides,H6,0.05,0.06531854049004976,0.042617082123532976,-0.022701458366516783,0.4673407297549751,0.0,0.0,0.0,True,True,True,True,Known_binary_measurement_templates_distinguish_while_some_frozen_outputs_do_not,results/stage6_v1/noise_diagnosability/pair_cache/32cbb822ae917987ced9669df1f1821fd16460b3d76d474e17e3f8b365690917.npz,False
9,RN_feature_sides,B3,0,0.1357613525448969,0.10477710586890793,-0.03098424667598898,0.4321193237275516,0.0,0.0,0.0,False,False,True,True,Known_binary_measurement_templates_distinguish_while_some_frozen_outputs_do_not,results/stage6_v1/noise_diagnosability/pair_cache/372a08f1f5290136cf9c92b568bca77b39002dd15fd06c731462f0a137fe1614.npz,False
9,RN_feature_sides,B3,0.01,0.24471241637171734,0.11917367100625445,-0.1255387453654629,0.3776437918141413,0.0,0.0,0.0,False,True,True,True,Known_binary_measurement_templates_distinguish_while_some_frozen_outputs_do_not,results/stage6_v1/noise_diagnosability/pair_cache/cfaba7de73bf52529b67e0289cd7a272a31fc082b8880e5ed916a4b39e57d1d8.npz,False
9,RN_feature_sides,B3,0.05,0.089074865302252,0.052369998667514045,-0.03670486663473796,0.455462567348874,0.0,0.0,0.0,True,True,True,True,Known_binary_measurement_templates_distinguish_while_some_frozen_outputs_do_not,results/stage6_v1/noise_diagnosability/pair_cache/c29c50bed07a207ae72303ea874cc5dfefa13780919c402d64f65da60496d1a2.npz,False
9,RN_feature_sides,H6,0,0.13353920646033754,0.10247431220579778,-0.03106489425453976,0.4332303967698312,0.0,0.0,0.0,False,False,True,True,Known_binary_measurement_templates_distinguish_while_some_frozen_outputs_do_not,results/stage6_v1/noise_diagnosability/pair_cache/2296b7ecfc99d0c956667260c4a6f23e04493ce1e18b857d9d120f5d96dee2ce.npz,False
9,RN_feature_sides,H6,0.01,0.19413274782374496,0.09099238322249531,-0.10314036460124965,0.40293362608812755,0.0,0.0,0.0,True,True,True,True,Known_binary_measurement_templates_distinguish_while_some_frozen_outputs_do_not,results/stage6_v1/noise_diagnosability/pair_cache/e53e931ba9a6d841d3e831fbb788734d901a0615f3ec5f76946f341c244b090d.npz,False
9,RN_feature_sides,H6,0.05,0.06484556539419407,0.038070957679901665,-0.02677460771429241,0.46757721730290297,0.0,0.0,0.0,True,True,True,True,Known_binary_measurement_templates_distinguish_while_some_frozen_outputs_do_not,results/stage6_v1/noise_diagnosability/pair_cache/9f08b6c570527b3468a0e17edefa5766b6ebf90233a435b6d06bb71fa84cb96e.npz,False
10,same_ferro_control,B3,0,0.017960330076922548,0.009894835888881785,-0.008065494188040763,0.4910198349615387,0.015625,0.0,0.0,True,True,False,False,Known_binary_measurement_templates_distinguish_while_some_frozen_outputs_do_not,results/stage6_v1/noise_diagnosability/pair_cache/ebe2caa2eb340f2d5657163898041949e9713956b2803ad13b556aca595559e6.npz,False
10,same_ferro_control,B3,0.01,0.0960306539816633,0.05164832546621357,-0.04438232851544973,0.45198467300916834,0.0,0.0,0.0,True,False,False,True,Known_binary_measurement_templates_distinguish_while_some_frozen_outputs_do_not,results/stage6_v1/noise_diagnosability/pair_cache/6a499fa9517c3477c3e89554127a930515b08abcd5945ef7d2e8ae7722c86b78.npz,False
10,same_ferro_control,B3,0.05,0.25608240152466144,0.13684482430915657,-0.11923757721550488,0.3719587992376693,0.0,0.0,0.0,True,True,True,True,Known_binary_measurement_templates_distinguish_while_some_frozen_outputs_do_not,results/stage6_v1/noise_diagnosability/pair_cache/9af4f3af0c01b9f008bde4d63418c7f914d21434f48aebdd0d246cdac7f22b48.npz,False
10,same_ferro_control,H6,0,0.016866960928860475,0.009312207523128953,-0.007554753405731522,0.49156651953556973,0.078125,0.0,0.0,True,True,False,False,Known_binary_measurement_templates_distinguish_while_some_frozen_outputs_do_not,results/stage6_v1/noise_diagnosability/pair_cache/81c66e250bd511798ba7428c3f75a9c1245f476135a222fc42067e7aeff00169.npz,False
10,same_ferro_control,H6,0.01,0.13564880946964114,0.08580440394324905,-0.04984440552639209,0.43217559526517946,0.0,0.0,0.0,True,True,True,True,Known_binary_measurement_templates_distinguish_while_some_frozen_outputs_do_not,results/stage6_v1/noise_diagnosability/pair_cache/35be09a8faeaeadabac63d1348f9620d312d4bbc371896ba7e3b6d1bc55506b0.npz,False
10,same_ferro_control,H6,0.05,0.0869109534741643,0.049902241846871205,-0.0370087116272931,0.45654452326291783,0.0,0.0,0.0,True,True,True,True,Known_binary_measurement_templates_distinguish_while_some_frozen_outputs_do_not,results/stage6_v1/noise_diagnosability/pair_cache/66359b82e6b064113897b5311bfffcf41fcd57c7657002d463f4786cc20352c6.npz,False
11,same_antiphase_control,B3,0,0.05572504785178169,0.02793651376299279,-0.027788534088788897,0.47213747607410916,0.0,0.0,0.0,True,True,False,False,Known_binary_measurement_templates_distinguish_while_some_frozen_outputs_do_not,results/stage6_v1/noise_diagnosability/pair_cache/27430c30f5038d974107deb5b83562e6c085c9abefc3194b78dbdfa0649e4c71.npz,False
11,same_antiphase_control,B3,0.01,0.07542941754881957,0.03641747518000951,-0.03901194236881006,0.4622852912255902,0.0,0.0,0.0,True,True,False,False,Known_binary_measurement_templates_distinguish_while_some_frozen_outputs_do_not,results/stage6_v1/noise_diagnosability/pair_cache/fd0ebdc6892e72ec9de306b85315a86ae5902fd39957e420b4a8bf827fe99d94.npz,False
11,same_antiphase_control,B3,0.05,0.10460554502139463,0.05788753122624034,-0.04671801379515429,0.4476972274893027,0.0,0.0,0.0,True,True,True,True,Known_binary_measurement_templates_distinguish_while_some_frozen_outputs_do_not,results/stage6_v1/noise_diagnosability/pair_cache/9d39bd5acef338401f42e70b78c1052591d1441ff78ec9d4b471dc7b5b998b28.npz,False
11,same_antiphase_control,H6,0,0.055989115200628006,0.028114297550936522,-0.027874817649691484,0.472005442399686,0.0,0.0,0.0,True,True,False,False,Known_binary_measurement_templates_distinguish_while_some_frozen_outputs_do_not,results/stage6_v1/noise_diagnosability/pair_cache/e0bf394639febdcb2d38205c73fddcdea61c80f38f8ec5459526b978fc542f96.npz,False
11,same_antiphase_control,H6,0.01,0.05766066117444758,0.03324186040743934,-0.024418800767008246,0.4711696694127762,0.0,0.0,0.0,True,True,False,True,Known_binary_measurement_templates_distinguish_while_some_frozen_outputs_do_not,results/stage6_v1/noise_diagnosability/pair_cache/a3c3dd01c96c5fe5bd7002a72378ccd6ec5454fb7f7ae9a5a73c10abd13957db.npz,False
11,same_antiphase_control,H6,0.05,0.02215792024851696,0.013766534747298435,-0.008391385501218526,0.48892103987574154,0.0625,0.0,0.0,True,True,True,True,Known_binary_measurement_templates_distinguish_while_some_frozen_outputs_do_not,results/stage6_v1/noise_diagnosability/pair_cache/2013b78a498c2a43a1f4f4f78efd17a4f5810ae0577ed3769b2fd8869fd8d00c.npz,False
12,far_ferro_paramagnetic_control,B3,0,0.9417328849277655,0.8880719394142851,-0.05366094551348044,0.02913355753611724,0.0,0.0,0.0,False,False,False,False,Binary_differences_measurable_no_global_phase_accuracy_inference,results/stage6_v1/noise_diagnosability/pair_cache/1b56380933bcc4d4cec8dbaedef6da9c4443b088cf4dbf47e2b63ea7a1d95f6d.npz,True
12,far_ferro_paramagnetic_control,B3,0.01,0.889928691319546,0.7333922244150034,-0.1565364669045426,0.055035654340227,0.0,0.0,0.0,False,False,False,False,Binary_differences_measurable_no_global_phase_accuracy_inference,results/stage6_v1/noise_diagnosability/pair_cache/48dc28bb5aed7d7a182287843c7d57972fc71cec0f4ff1d1e2dbcac0c647c646.npz,True
12,far_ferro_paramagnetic_control,B3,0.05,0.6435182149225829,0.47019981559884466,-0.17331839932373821,0.17824089253870856,0.0,0.0,0.0,False,True,True,True,Known_binary_measurement_templates_distinguish_while_some_frozen_outputs_do_not,results/stage6_v1/noise_diagnosability/pair_cache/fbc6ff97d0f2c5bcbadb84faaccb94292db4580eb6bfcd8054c0aeaea338f16e.npz,True
12,far_ferro_paramagnetic_control,H6,0,0.9397946417292729,0.8860838642480438,-0.0537107774812291,0.030102679135363575,0.0,0.0,0.0,False,False,False,False,Binary_differences_measurable_no_global_phase_accuracy_inference,results/stage6_v1/noise_diagnosability/pair_cache/b566230c998d2c3b621c5a6c87bf35fcba854291d69eeb93f884a1e505e778f3.npz,True
12,far_ferro_paramagnetic_control,H6,0.01,0.7707813601378999,0.597042564229316,-0.17373879590858388,0.11460931993105006,0.0,0.0,0.0,False,False,True,True,Known_binary_measurement_templates_distinguish_while_some_frozen_outputs_do_not,results/stage6_v1/noise_diagnosability/pair_cache/58ce182267e78569ebc745f674dbd0ad461b5f3f4bb897c21bd2ddeb72f1ab8d.npz,True
12,far_ferro_paramagnetic_control,H6,0.05,0.2183899313942299,0.15339786195297828,-0.06499206944125163,0.39080503430288505,0.0,0.0,0.0,True,True,True,True,Known_binary_measurement_templates_distinguish_while_some_frozen_outputs_do_not,results/stage6_v1/noise_diagnosability/pair_cache/5928fce410ae40f611775d132e84991d28949cb3645cd059f782a6f35de76d13.npz,True
13,far_antiphase_paramagnetic_control,B3,0,0.9449741795684996,0.8990568756093716,-0.045917303959127964,0.027512910215750197,0.0,0.0,0.0,False,False,False,False,Binary_differences_measurable_no_global_phase_accuracy_inference,results/stage6_v1/noise_diagnosability/pair_cache/c8fd1fbe47edcbd41eb6e1c7f31d2e61b20b9c67eff34ccc52528d2ce27942b8.npz,True
13,far_antiphase_paramagnetic_control,B3,0.01,0.8876189576328712,0.7340303379979354,-0.15358861963493586,0.05619052118356438,0.0,0.0,0.0,False,False,False,False,Binary_differences_measurable_no_global_phase_accuracy_inference,results/stage6_v1/noise_diagnosability/pair_cache/04c1b03142a7cc110519fb781d2f23fec16ac44461fc85514491ee032f4e5efa.npz,True
13,far_antiphase_paramagnetic_control,B3,0.05,0.607183499080552,0.4414978457387444,-0.16568565334180763,0.196408250459724,0.0,0.0,0.0,False,False,True,True,Known_binary_measurement_templates_distinguish_while_some_frozen_outputs_do_not,results/stage6_v1/noise_diagnosability/pair_cache/f3f8e63c2312847555c6c848368b934a89918c44c367d484d5b8cbb00f8948a4.npz,True
13,far_antiphase_paramagnetic_control,H6,0,0.9446026326070276,0.8988001155737353,-0.0458025170332923,0.027698683696486204,0.0,0.0,0.0,False,False,False,False,Binary_differences_measurable_no_global_phase_accuracy_inference,results/stage6_v1/noise_diagnosability/pair_cache/b8abca85817c6875952200363315b474a83ecc9154baa3f68e68abe6aec30eb7.npz,True
13,far_antiphase_paramagnetic_control,H6,0.01,0.7462942813446023,0.5626780133689027,-0.18361626797569963,0.12685285932769885,0.0,0.0,0.0,False,False,False,True,Known_binary_measurement_templates_distinguish_while_some_frozen_outputs_do_not,results/stage6_v1/noise_diagnosability/pair_cache/cf2295c6df34a0e86e17aa76e894f97be17982f1b40cebdd9e3ab467c000ba55.npz,True
13,far_antiphase_paramagnetic_control,H6,0.05,0.17427275170805923,0.1128161078492714,-0.061456643858787824,0.4128636241459704,0.0,0.0,0.0,True,True,True,True,Known_binary_measurement_templates_distinguish_while_some_frozen_outputs_do_not,results/stage6_v1/noise_diagnosability/pair_cache/509307d10cf51a8edb1b86b7ffdaca58ae4d1b77ead34e6c5925c0aa4465d5e1.npz,True
