task,n,kappa,h,region,method,seed,candidate_pool_exists,search_seconds_standalone,search_nfev,search_pool_gradient_evaluations,state_energy_residual,energy_variance,parity_real,parity_imag,translation_real,translation_imag,energy,ed_energy,delta_e,epsilon_c,epsilon_sf,epsilon_mx,fidelity,observable_pass,state_pass,joint_pass,reference_numerical_ambiguous,ed_source,basis,reference,source_stop,optimizer_success,reported_optimizer_success,optimization_applicable,candidate_exists,parameter_count,gate_count,pool_gradient_evaluations,cnots,depth,nfev,seconds,source
n12,12,0.083,0.085,interior,C0,631,True,5.315253292035777,2871,10080,0.0048778332682753184,2.3793257393093476e-05,0.9999999999999973,0.0,0.9999987534050125,0.0,-11.027646425548609,-11.027653547149336,5.934667273166383e-07,4.119224727094917e-06,3.4019242109994963e-06,2.8234732016393926e-05,0.9999978497777614,True,True,True,False,results/stage6_v1/reference_atlas/cache/b21a4467de2b9b4fb341e28257f3c9a10160e9665a385862faf294072bde0e24.npz,physical,ghz,budget,True,True,True,True,19,135,2952,63,46,513,0.8464105000020936,results/stage6_v1/domain_wall_candidates/cache/41f93e7d3a0d733e74dacd409b5b4b123c3a86aad131d48f925845afaf59cccd.npz
n12,12,0.083,0.085,interior,C1,631,True,10.252942499995697,6597,9504,0.004867512415177889,2.3692677111910882e-05,0.9999999999999972,0.0,0.9999979417829241,0.0,-11.02764646736911,-11.027653547149336,5.899816855799619e-07,4.1020306207339985e-06,3.3864574000563863e-06,2.798849177285817e-05,0.9999978678918173,True,True,True,False,results/stage6_v1/reference_atlas/cache/b21a4467de2b9b4fb341e28257f3c9a10160e9665a385862faf294072bde0e24.npz,physical,ghz,budget,True,True,True,True,19,135,3096,63,83,1904,2.891729333961848,results/stage6_v1/domain_wall_candidates/cache/e5ab216186b5edd12f644904f7c07b4d4946141515129f7348b77f6be6100e45.npz
n12,12,0.083,0.085,interior,H6,631,True,5.315253292035777,2871,10080,0.0048778332682753184,2.3793257393093476e-05,0.9999999999999973,0.0,0.9999987534050125,0.0,-11.027646425548609,-11.027653547149336,5.934667273166383e-07,4.119224727094917e-06,3.4019242109994963e-06,2.8234732016393926e-05,0.9999978497777614,True,True,True,False,results/stage6_v1/reference_atlas/cache/b21a4467de2b9b4fb341e28257f3c9a10160e9665a385862faf294072bde0e24.npz,physical,ghz,budget,True,True,True,True,19,135,2952,63,46,513,0.8464105000020936,results/stage6_v1/domain_wall_candidates/cache/41f93e7d3a0d733e74dacd409b5b4b123c3a86aad131d48f925845afaf59cccd.npz
n12,12,0.083,0.085,interior,B3,631,True,5.177717916027177,2417,7992,0.004876344226095723,2.37787330113771e-05,0.9999999999999962,0.0,0.9999983431410187,0.0,-11.027646426889419,-11.027653547149336,5.933549931391724e-07,4.118447362477795e-06,3.4010688685359725e-06,2.8226963508272418e-05,0.9999978503061946,True,True,True,False,results/stage6_v1/reference_atlas/cache/b21a4467de2b9b4fb341e28257f3c9a10160e9665a385862faf294072bde0e24.npz,physical,ghz,pool_gradient,True,True,True,True,19,135,1728,63,50,153,0.16710137500194833,results/stage6_v1/legacy_b3/adaptive/cache/1bd1fb677e398d0cd4be93557b063847a7cb29a346cce93c225583f4ced8c9c8.npz
n12,12,0.083,1.675,interior,C0,631,True,23.582765416998882,9642,12168,0.02360329272076767,0.0005571154272622441,0.9999999999999959,0.0,0.9999963711271167,0.0,-21.81329997018538,-21.81336913606645,5.763823422396304e-06,0.0021696795437219476,0.0008616244607202173,3.455692467713156e-05,0.9999875898076493,True,True,True,False,results/stage6_v1/reference_atlas/cache/364866f632c6c909e38eec35e6a7e77d0f235a16a85afbb6e2601ebe96d56c8a.npz,physical,plus,budget,False,False,True,True,58,326,4176,128,89,4792,11.628785333014093,results/stage6_v1/domain_wall_candidates/cache/b1969ddd7ecfa1d25e4eca8fad92ea27eed78ad37a066d89a2dfb95784b21642.npz
n12,12,0.083,1.675,interior,C1,631,True,44.78147187503055,20543,11448,0.02979981311458848,0.0008880288616643995,0.9999999999999976,0.0,0.9999936937311087,0.0,-21.81326165756459,-21.81336913606645,8.95654182168452e-06,0.002105495079867314,0.0010458495707927062,6.125184656680105e-05,0.9999812833251258,True,True,True,False,results/stage6_v1/reference_atlas/cache/364866f632c6c909e38eec35e6a7e77d0f235a16a85afbb6e2601ebe96d56c8a.npz,physical,ghz,budget,True,True,True,True,52,296,3744,127,107,5358,10.745320874964818,results/stage6_v1/domain_wall_candidates/cache/ef256d2d54b2effc9b5406db99bd5957bbcffe768e862459c61f5b405b3c765e.npz
n12,12,0.083,1.675,interior,H6,631,True,23.582765416998882,9642,12168,0.02360329272076767,0.0005571154272622441,0.9999999999999959,0.0,0.9999963711271167,0.0,-21.81329997018538,-21.81336913606645,5.763823422396304e-06,0.0021696795437219476,0.0008616244607202173,3.455692467713156e-05,0.9999875898076493,True,True,True,False,results/stage6_v1/reference_atlas/cache/364866f632c6c909e38eec35e6a7e77d0f235a16a85afbb6e2601ebe96d56c8a.npz,physical,plus,budget,False,False,True,True,58,326,4176,128,89,4792,11.628785333014093,results/stage6_v1/domain_wall_candidates/cache/b1969ddd7ecfa1d25e4eca8fad92ea27eed78ad37a066d89a2dfb95784b21642.npz
n12,12,0.083,1.675,interior,B3,631,True,25.116334084013943,9395,12024,0.03135130119264313,0.0009829040864718264,0.9999999999999957,0.0,0.9999935470935539,0.0,-21.81325564224911,-21.81336913606645,9.457818111494968e-06,0.0022795973940818166,0.0011640593038244884,6.611341648188329e-05,0.9999810044800372,True,True,True,False,results/stage6_v1/reference_atlas/cache/364866f632c6c909e38eec35e6a7e77d0f235a16a85afbb6e2601ebe96d56c8a.npz,physical,plus,budget,True,True,True,True,48,252,4176,96,67,4830,13.834312334016431,results/stage6_v1/legacy_b3/adaptive/cache/679cdf3861305557240afd98a6f542ff09a23823923843808b3ddac452cc5069.npz
n12,12,0.183,0.085,interior,C0,631,True,9.441680916002952,4710,10512,0.0017246056318437632,2.9742645853872256e-06,0.9999999999999951,0.0,0.9999999559439876,0.0,-9.83056438432299,-9.830565192892129,6.73807615629111e-08,8.117193037726622e-07,6.355713489947235e-07,4.354101737519267e-06,0.9999997279621157,True,True,True,False,results/stage6_v1/reference_atlas/cache/70dde4192960f9ec67ab2b35b07faec046e30322ee04130df66aaf7896b2d506.npz,physical,ghz,budget,True,True,True,True,30,210,3024,95,58,530,0.9444521659752354,results/stage6_v1/domain_wall_candidates/cache/05e0ff02f21a81010dac2e94c55a332163980e95ff7003ef81a67ec5333138a7.npz
n12,12,0.183,0.085,interior,C1,631,True,17.539770749979652,11274,10152,0.0015565541890171027,2.42286094334669e-06,0.9999999999999969,0.0,0.9999999808641298,0.0,-9.83056454163367,-9.830565192892129,5.427153822642102e-08,7.065022047392233e-07,5.57141861090571e-07,3.5152168220767277e-06,0.9999997823009926,True,True,True,False,results/stage6_v1/reference_atlas/cache/70dde4192960f9ec67ab2b35b07faec046e30322ee04130df66aaf7896b2d506.npz,physical,ghz,budget,True,True,True,True,31,211,3024,95,99,2219,3.2275685000349768,results/stage6_v1/domain_wall_candidates/cache/0d31a81bc23891b03c680bb4d9c688b1e076f4923b6026d099cd29d4f305e4f2.npz
n12,12,0.183,0.085,interior,H6,631,True,9.441680916002952,4710,10512,0.0017246056318437632,2.9742645853872256e-06,0.9999999999999951,0.0,0.9999999559439876,0.0,-9.83056438432299,-9.830565192892129,6.73807615629111e-08,8.117193037726622e-07,6.355713489947235e-07,4.354101737519267e-06,0.9999997279621157,True,True,True,False,results/stage6_v1/reference_atlas/cache/70dde4192960f9ec67ab2b35b07faec046e30322ee04130df66aaf7896b2d506.npz,physical,ghz,budget,True,True,True,True,30,210,3024,95,58,530,0.9444521659752354,results/stage6_v1/domain_wall_candidates/cache/05e0ff02f21a81010dac2e94c55a332163980e95ff7003ef81a67ec5333138a7.npz
n12,12,0.183,0.085,interior,B3,631,True,7.8178947910200804,3404,9792,0.006331694423571671,4.00903542734886e-05,0.9999999999999896,0.0,0.9999954684988168,0.0,-9.83054995936866,-9.830565192892129,1.269460289036554e-06,1.0593029350136618e-05,8.748415484260974e-06,6.050854187378968e-05,0.99999399651457,True,True,True,False,results/stage6_v1/reference_atlas/cache/70dde4192960f9ec67ab2b35b07faec046e30322ee04130df66aaf7896b2d506.npz,physical,ghz,pool_gradient,True,True,True,True,19,135,2592,63,40,357,0.5158548330073245,results/stage6_v1/legacy_b3/adaptive/cache/d28cd1fb265eb4088238d31443d1c1567f8af83717804257ce0e6ae0809daa7c.npz
n12,12,0.183,1.675,interior,C0,631,True,16.661850917036645,7941,11880,0.012381255142996093,0.0001532954789159672,1.0000000000000002,0.0,0.9999993014788039,0.0,-21.719167313020275,-21.719183152076496,1.3199213517722796e-06,0.0006562274638938408,0.000292231429762424,2.587419497324106e-06,0.9999977562963027,True,True,True,False,results/stage6_v1/reference_atlas/cache/168a969f73c8bc94f92d0e682459ed05e763f6dd05e7a327c769ec98bd60cc52.npz,physical,ghz,budget,True,True,True,True,55,299,3960,127,82,2439,5.196201250015292,results/stage6_v1/domain_wall_candidates/cache/b660d6297971b5f3548abdc71d4ed88b2adf1a4860f6cd0a9392f94e87dc1ec3.npz
n12,12,0.183,1.675,interior,C1,631,True,31.408875999972224,16730,11304,0.013270242080110467,0.00017609932486473457,1.0000000000000009,0.0,0.9999987606747623,0.0,-21.719163407087997,-21.719183152076496,1.6454157082771796e-06,0.0007693495217929413,0.0003660151571457382,4.987485826557503e-07,0.9999969992437969,True,True,True,False,results/stage6_v1/reference_atlas/cache/168a969f73c8bc94f92d0e682459ed05e763f6dd05e7a327c769ec98bd60cc52.npz,physical,ghz,budget,True,True,True,True,51,295,3672,127,106,4850,8.698512499977369,results/stage6_v1/domain_wall_candidates/cache/59e197fd66994b5eb6a820d42cb6816db5d307225165b8e90e61f2cb2d4b56a1.npz
n12,12,0.183,1.675,interior,H6,631,True,16.661850917036645,7941,11880,0.012381255142996093,0.0001532954789159672,1.0000000000000002,0.0,0.9999993014788039,0.0,-21.719167313020275,-21.719183152076496,1.3199213517722796e-06,0.0006562274638938408,0.000292231429762424,2.587419497324106e-06,0.9999977562963027,True,True,True,False,results/stage6_v1/reference_atlas/cache/168a969f73c8bc94f92d0e682459ed05e763f6dd05e7a327c769ec98bd60cc52.npz,physical,ghz,budget,True,True,True,True,55,299,3960,127,82,2439,5.196201250015292,results/stage6_v1/domain_wall_candidates/cache/b660d6297971b5f3548abdc71d4ed88b2adf1a4860f6cd0a9392f94e87dc1ec3.npz
n12,12,0.183,1.675,interior,B3,631,True,20.60886783397291,8326,11952,0.028339883537340495,0.0008031489989100228,0.9999999999999963,0.0,0.9999957834659142,0.0,-21.71906507332932,-21.719183152076496,9.839895598181178e-06,0.002187600193382896,0.0011114133723503505,3.30979618594629e-05,0.99997851199893,True,True,True,False,results/stage6_v1/reference_atlas/cache/168a969f73c8bc94f92d0e682459ed05e763f6dd05e7a327c769ec98bd60cc52.npz,physical,plus,budget,True,True,True,True,32,172,3960,64,36,3612,9.491637166996952,results/stage6_v1/legacy_b3/adaptive/cache/24049f7bdc1a377e9b016251dddd745a1b34e5dcf3974b62ba63db443912c492.npz
n12,12,0.283,0.085,interior,C0,631,True,6.844654873944819,3777,10296,0.0030816325701148867,9.496459297192883e-06,1.0000000000000027,0.0,0.9999998498730358,0.0,-8.63431500481861,-8.634318056470228,2.5430430146874034e-07,3.777243624103477e-06,3.1917249710966544e-06,1.6286176005998743e-05,0.9999985555480346,True,True,True,False,results/stage6_v1/reference_atlas/cache/518350a762031fd0fdbc294c75be5597dd99247159560896f6a097be5bd3ff06.npz,physical,ghz,budget,True,True,True,True,30,210,3024,95,58,578,0.9184195409761742,results/stage6_v1/domain_wall_candidates/cache/e77306cdc53d2e6aee958b838c245978b64de2fec304f17aad0b59b9d333fb7a.npz
n12,12,0.283,0.085,interior,C1,631,True,23.664522832958028,13482,10224,0.003005803640009878,9.034855522296632e-06,0.999999999999996,0.0,0.9999999137906124,0.0,-8.63431528299844,-8.634318056470228,2.3112264901925528e-07,3.5426209231692596e-06,2.984449494425334e-06,1.464180111576674e-05,0.9999987233465124,True,True,True,False,results/stage6_v1/reference_atlas/cache/518350a762031fd0fdbc294c75be5597dd99247159560896f6a097be5bd3ff06.npz,physical,ghz,budget,True,True,True,True,30,210,3024,95,100,2432,3.625883916974999,results/stage6_v1/domain_wall_candidates/cache/cd31be902c09421c4553c49080313f9d1f333ecac2bef194b88bf55a2cb8cdf7.npz
n12,12,0.283,0.085,interior,H6,631,True,6.844654873944819,3777,10296,0.0030816325701148867,9.496459297192883e-06,1.0000000000000027,0.0,0.9999998498730358,0.0,-8.63431500481861,-8.634318056470228,2.5430430146874034e-07,3.777243624103477e-06,3.1917249710966544e-06,1.6286176005998743e-05,0.9999985555480346,True,True,True,False,results/stage6_v1/reference_atlas/cache/518350a762031fd0fdbc294c75be5597dd99247159560896f6a097be5bd3ff06.npz,physical,ghz,budget,True,True,True,True,30,210,3024,95,58,578,0.9184195409761742,results/stage6_v1/domain_wall_candidates/cache/e77306cdc53d2e6aee958b838c245978b64de2fec304f17aad0b59b9d333fb7a.npz
n12,12,0.283,0.085,interior,B3,631,True,10.5110645419918,4145,10152,0.008643167929047428,7.4704351849714e-05,0.999999999999988,0.0,0.9999837733859811,0.0,-8.634279276909798,-8.634318056470228,3.231630035867757e-06,3.416386912202807e-05,2.8567138829704852e-05,0.00015504127360098374,0.9999777174906843,True,True,True,False,results/stage6_v1/reference_atlas/cache/518350a762031fd0fdbc294c75be5597dd99247159560896f6a097be5bd3ff06.npz,physical,ghz,pool_gradient,True,True,True,True,19,135,2664,63,40,438,0.7377370829926804,results/stage6_v1/legacy_b3/adaptive/cache/1658423d0bed9655d53eb03c3e73d5213b505a86de8d73626d293ddbe33fdd93.npz
n12,12,0.283,1.675,interior,C0,631,True,39.80635541700758,16798,12960,0.027275543137014087,0.0007439552534191162,0.9999999999999986,0.0,0.9999949642578023,0.0,-21.67841858548536,-21.678488980574006,5.866257387114142e-06,0.0008087179605082602,0.0001931839889769832,7.2913051150091945e-06,0.9999915746800453,True,True,True,False,results/stage6_v1/reference_atlas/cache/a8caa66f807dcb10fa6557c87c27e63913e1a1bd949eb52cc38008800bbbfde4.npz,physical,plus,budget,False,False,True,True,64,332,4608,128,74,9212,22.736426417017356,results/stage6_v1/domain_wall_candidates/cache/c2bbc77170eddc6fa4b5e6555fdc834e32c7c473341d538318b65e47e108db4b.npz
n12,12,0.283,1.675,interior,C1,631,True,59.87008679198334,26146,12240,0.03793015527074061,0.0014386966788624918,0.9999999999999991,0.0,0.9999916787170731,0.0,-21.67836060750122,-21.678488980574006,1.0697756065584466e-05,0.0010218999309510746,0.0004011680760181574,2.5710537815859524e-05,0.9999858963143378,True,True,True,False,results/stage6_v1/reference_atlas/cache/a8caa66f807dcb10fa6557c87c27e63913e1a1bd949eb52cc38008800bbbfde4.npz,physical,plus,budget,False,False,True,True,60,328,4320,128,94,12826,30.735774250002578,results/stage6_v1/domain_wall_candidates/cache/21b645859766c002ffbd20bd8ed6fea1022062493b194ea6193d977167a7ec7e.npz
n12,12,0.283,1.675,interior,H6,631,True,39.80635541700758,16798,12960,0.027275543137014087,0.0007439552534191162,0.9999999999999986,0.0,0.9999949642578023,0.0,-21.67841858548536,-21.678488980574006,5.866257387114142e-06,0.0008087179605082602,0.0001931839889769832,7.2913051150091945e-06,0.9999915746800453,True,True,True,False,results/stage6_v1/reference_atlas/cache/a8caa66f807dcb10fa6557c87c27e63913e1a1bd949eb52cc38008800bbbfde4.npz,physical,plus,budget,False,False,True,True,64,332,4608,128,74,9212,22.736426417017356,results/stage6_v1/domain_wall_candidates/cache/c2bbc77170eddc6fa4b5e6555fdc834e32c7c473341d538318b65e47e108db4b.npz
n12,12,0.283,1.675,interior,B3,631,True,46.9850110829575,16296,12960,0.06323828366518926,0.003999080520918942,0.9999999999999959,0.0,0.9999770506177006,0.0,-21.67809593319842,-21.678488980574006,3.275394796542486e-05,0.0023530136124428475,0.0009390587704867226,4.31442701672724e-05,0.9999515132084182,True,True,True,False,results/stage6_v1/reference_atlas/cache/a8caa66f807dcb10fa6557c87c27e63913e1a1bd949eb52cc38008800bbbfde4.npz,physical,plus,budget,True,True,True,True,48,252,4536,96,58,8323,24.788737583963666,results/stage6_v1/legacy_b3/adaptive/cache/a6264e2e6fa3181f8566061a03d1496679e9b10d276fd65d7b5fcf6a01d8f3ab.npz
n12,12,0.383,0.085,interior,C0,631,True,15.106642999977339,7079,10512,0.005813659300215327,3.379863445898017e-05,0.9999999999999978,0.0,0.999998973310154,0.0,-7.439415668218976,-7.439436002945049,1.694560506138032e-06,5.0280165780014485e-05,4.0913219458871275e-05,0.00011526317957419319,0.9999784548899389,True,True,True,False,results/stage6_v1/reference_atlas/cache/b99e6986e3984d66413818120f8edaadf26600c9f803165e571d37c14eee35b2.npz,physical,ghz,budget,True,True,True,True,30,210,3024,95,62,1203,2.34951866598567,results/stage6_v1/domain_wall_candidates/cache/9a303269dd55205f161f6e2376f14097e873c3596286ca379d5f56701d1be038.npz
n12,12,0.383,0.085,interior,C1,631,True,39.06558562401915,20716,10368,0.00572875430786266,3.2818625919854985e-05,1.0000000000000007,0.0,0.999999740389309,0.0,-7.439416674668868,-7.439436002945049,1.6106896817783916e-06,4.913567976427835e-05,3.9882227838461404e-05,0.00010928138589566538,0.9999797154182587,True,True,True,False,results/stage6_v1/reference_atlas/cache/b99e6986e3984d66413818120f8edaadf26600c9f803165e571d37c14eee35b2.npz,physical,ghz,budget,True,True,True,True,30,210,3096,95,129,4256,7.647214457974769,results/stage6_v1/domain_wall_candidates/cache/4313eaacc412087b7a5dee7a9e10b12be3cfa0fbd9dabfd892814687a098d017.npz
n12,12,0.383,0.085,interior,H6,631,True,15.106642999977339,7079,10512,0.005813659300215327,3.379863445898017e-05,0.9999999999999978,0.0,0.999998973310154,0.0,-7.439415668218976,-7.439436002945049,1.694560506138032e-06,5.0280165780014485e-05,4.0913219458871275e-05,0.00011526317957419319,0.9999784548899389,True,True,True,False,results/stage6_v1/reference_atlas/cache/b99e6986e3984d66413818120f8edaadf26600c9f803165e571d37c14eee35b2.npz,physical,ghz,budget,True,True,True,True,30,210,3024,95,62,1203,2.34951866598567,results/stage6_v1/domain_wall_candidates/cache/9a303269dd55205f161f6e2376f14097e873c3596286ca379d5f56701d1be038.npz
n12,12,0.383,0.085,interior,B3,631,True,18.103746292064898,7347,10656,0.012532572120937622,0.00015706536396650292,0.9999999999999967,0.0,0.9999492585423995,0.0,-7.4392956485401145,-7.439436002945049,1.1696200411230132e-05,0.00019736744099230208,0.00016587254349464953,0.000579268932479865,0.9998414720848268,True,True,True,False,results/stage6_v1/reference_atlas/cache/b99e6986e3984d66413818120f8edaadf26600c9f803165e571d37c14eee35b2.npz,physical,ghz,budget,True,True,True,True,19,135,3024,63,57,1090,2.3125929170055315,results/stage6_v1/legacy_b3/adaptive/cache/2b4b87b04c330b7d77bc8fb671a9b77da3b7ce97205d12021dd8eb9b3c30d0a2.npz
n12,12,0.383,1.675,interior,C0,631,True,46.28124504192965,17694,12816,0.06930730566139552,0.004803502618042107,0.999999999999997,0.0,0.9999637492154205,0.0,-21.687793603088167,-21.688271028890362,3.9785483516278454e-05,0.0037486546256584267,0.0008742106554665563,8.655843009497399e-05,0.9999392353927882,True,True,True,False,results/stage6_v1/reference_atlas/cache/90bd1f35086d1bfdb139413441f4a26310b98473c3cd66a9e47ab86a9926ff2f.npz,physical,plus,budget,False,False,True,True,62,330,4464,128,89,9214,24.56516316597117,results/stage6_v1/domain_wall_candidates/cache/f9ff5b93baa2d888ef02b28a57e0fcaf59a94d80ea9f5077029227a8c67e7f05.npz
n12,12,0.383,1.675,interior,C1,631,True,63.290736833936535,26924,12096,0.06321488865007881,0.003996122147041863,0.9999999999999973,0.0,0.999965561236168,0.0,-21.687879916736232,-21.688271028890362,3.2592679510834444e-05,0.0022097851924724856,0.0005871836601774039,8.021701616056642e-05,0.9999525370628894,True,True,True,False,results/stage6_v1/reference_atlas/cache/90bd1f35086d1bfdb139413441f4a26310b98473c3cd66a9e47ab86a9926ff2f.npz,physical,plus,budget,False,False,True,True,58,326,4176,128,106,10629,25.8249394170125,results/stage6_v1/domain_wall_candidates/cache/73ebf90beb5084cf98499da708aac7f072d7780565ca56c4408c28fe7a1ff037.npz
n12,12,0.383,1.675,interior,H6,631,True,46.28124504192965,17694,12816,0.06930730566139552,0.004803502618042107,0.999999999999997,0.0,0.9999637492154205,0.0,-21.687793603088167,-21.688271028890362,3.9785483516278454e-05,0.0037486546256584267,0.0008742106554665563,8.655843009497399e-05,0.9999392353927882,True,True,True,False,results/stage6_v1/reference_atlas/cache/90bd1f35086d1bfdb139413441f4a26310b98473c3cd66a9e47ab86a9926ff2f.npz,physical,plus,budget,False,False,True,True,62,330,4464,128,89,9214,24.56516316597117,results/stage6_v1/domain_wall_candidates/cache/f9ff5b93baa2d888ef02b28a57e0fcaf59a94d80ea9f5077029227a8c67e7f05.npz
n12,12,0.383,1.675,interior,B3,631,True,50.935410334088374,16951,12888,0.11120937756011137,0.012367525657307402,1.0000000000000029,0.0,0.9999008026578096,0.0,-21.686941516336987,-21.688271028890362,0.00011079271278132315,0.00415889728935432,0.001497382919260687,0.0002387271982273731,0.9998175252065212,True,True,True,False,results/stage6_v1/reference_atlas/cache/90bd1f35086d1bfdb139413441f4a26310b98473c3cd66a9e47ab86a9926ff2f.npz,physical,ghz,budget,True,True,True,True,58,302,4176,127,91,4933,13.509204292029608,results/stage6_v1/legacy_b3/adaptive/cache/8d87184142fe0a1504bcf3f84b1df1451051c1b09062baf67e2202a6c556b7f1.npz
n12,12,0.443,0.013,low_field,C0,631,True,11.754664959036745,5800,11016,0.00036971712311366974,1.3669075112344842e-07,1.000000000000006,0.0,0.9999997325471061,0.0,-6.684910517973784,-6.684910730262026,1.76906868413577e-08,4.3546557226825655e-07,3.672309077940028e-07,5.469623434877641e-06,0.9999995452188022,True,True,True,False,results/stage6_v1/reference_atlas/cache/5dfca039a5416e28d42ea4d82aff3d3d39a7d5f1af5a2218150867163cf276bc.npz,physical,ghz,budget,True,True,True,True,19,135,3312,63,43,530,0.9494488750351593,results/stage6_v1/domain_wall_candidates/cache/96261c24bfbaa22ad2ca73d88fcbe7032a4f4b413e2bbee1a10cbd9f8b1f4192.npz
n12,12,0.443,0.013,low_field,C1,631,True,11.734780040977057,8096,10368,0.0005150097284109533,2.6523502035792383e-07,1.000000000000008,0.0,0.999999906231948,0.0,-6.684910497313881,-6.684910730262026,1.9412345434825323e-08,4.4474426819096635e-07,3.7574975852994186e-07,6.000698073183389e-06,0.9999995419082383,True,True,True,False,results/stage6_v1/reference_atlas/cache/5dfca039a5416e28d42ea4d82aff3d3d39a7d5f1af5a2218150867163cf276bc.npz,physical,ghz,budget,True,True,True,True,19,135,3312,63,81,1929,2.7149193339864723,results/stage6_v1/domain_wall_candidates/cache/1800075ec1d02b87e334fb4699b4c3874696d9e8d0f1d5e2685e50e6fb5306bd.npz
n12,12,0.443,0.013,low_field,H6,631,True,59.9492987091071,24237,26937,0.0002381641254294995,5.6722150641598365e-08,1.000000000000002,0.0,0.9999999096775491,0.0,-6.684910681908402,-6.684910730262026,4.0294686846446366e-09,9.847066539947491e-08,8.28542433550794e-08,1.2696512280349626e-06,0.9999999056331075,True,True,True,False,results/stage6_v1/reference_atlas/cache/5dfca039a5416e28d42ea4d82aff3d3d39a7d5f1af5a2218150867163cf276bc.npz,wall,uniform,energy_stagnation,True,True,True,True,38,229,3915,63,64,1893,2.6682681670063175,results/stage6_v1/domain_wall_candidates/cache/0e7e395e41e69a9fb25275ae9ec13a18d186ab039a0450449195109eff35c1f1.npz
n12,12,0.443,0.013,low_field,B3,631,True,0.9368748759734444,666,4824,0.0450333209967908,0.002027999999999999,0.9999999999999998,0.0,0.9999999999999998,0.0,-6.683999999999999,-6.684910730262026,7.589418850225312e-05,0.000137202691553151,0.00012569460793054876,0.011682422633594607,0.9995897819327757,True,True,True,False,results/stage6_v1/reference_atlas/cache/5dfca039a5416e28d42ea4d82aff3d3d39a7d5f1af5a2218150867163cf276bc.npz,physical,ghz,pool_gradient,,True,False,True,0,12,1728,11,12,159,0.17062975000590086,results/stage6_v1/legacy_b3/adaptive/cache/7d007b5369440a80711a8ae74c03247fc837ba1cb91c50575c5d0c0e5a48004f.npz
n12,12,0.443,0.093,low_field,C0,631,True,37.714055709016975,16641,11304,0.017424608039275365,0.0003036169653223797,0.9999999999999984,0.0,0.9996920680728607,0.0,-6.731997023645584,-6.7322548613632325,2.1486476470711224e-05,0.0017852759705444532,0.0013392965146894475,0.0014604248481146637,0.9991905598727361,True,True,True,False,results/stage6_v1/reference_atlas/cache/856ae4b9d489baef63e2829dcf03b49ca9737a16cf899f1f26553e70e2e2378d.npz,physical,plus,budget,False,False,True,True,61,329,4392,128,95,9955,24.624282708973624,results/stage6_v1/domain_wall_candidates/cache/5387f178c94356a4fb836730f35a27010f744e41e947fa91e3873ffb34ae9223.npz
n12,12,0.443,0.093,low_field,C1,631,True,54.70089525001822,27486,11016,0.011116502878705789,0.0001235766362522741,0.9999999999999998,0.0,0.9999310672261459,0.0,-6.731991578227588,-6.7322548613632325,2.194026130368047e-05,0.0027485248193969136,0.0020459026449842765,0.0018569059996539905,0.9986425059052825,True,True,True,False,results/stage6_v1/reference_atlas/cache/856ae4b9d489baef63e2829dcf03b49ca9737a16cf899f1f26553e70e2e2378d.npz,physical,ghz,budget,False,False,True,True,44,288,3168,127,174,6126,12.134144707990345,results/stage6_v1/domain_wall_candidates/cache/981d0a92723146d920b6e8b5db103c483aff99084b78e77d656d907e3f57ae7d.npz
n12,12,0.443,0.093,low_field,H6,631,True,343.9645711679477,96322,48801,0.010478020927305064,0.00010978892255304287,0.9999999999999971,0.0,0.9996175370312927,0.0,-6.732053090380363,-6.7322548613632325,1.6814248572435037e-05,0.0014524766130203925,0.0010726476909809213,0.001113713826723317,0.9992281947172897,True,True,True,False,results/stage6_v1/reference_atlas/cache/856ae4b9d489baef63e2829dcf03b49ca9737a16cf899f1f26553e70e2e2378d.npz,wall,uniform,parameter_cap160,True,True,True,True,160,705,13920,127,185,27858,118.43912791699404,results/stage6_v1/domain_wall_candidates/cache/00b27274321a7e7f409b8d6ed2711bf773f8ecb7bd3f5a1ac73514154a6f5f72.npz
n12,12,0.443,0.093,low_field,B3,631,True,44.03758583398303,17799,11448,0.02009490655205077,0.00040380526933565293,1.0000000000000004,0.0,0.9995453181096658,0.0,-6.731312102352037,-6.7322548613632325,7.856325093295406e-05,0.004659391591933515,0.003622693641451402,0.004535876787574347,0.9960772375388244,True,True,True,False,results/stage6_v1/reference_atlas/cache/856ae4b9d489baef63e2829dcf03b49ca9737a16cf899f1f26553e70e2e2378d.npz,physical,ghz,budget,True,True,True,True,19,135,3168,63,59,2095,3.9061590830096975,results/stage6_v1/legacy_b3/adaptive/cache/8ce35659c854025ca3ca843e3e7c66e8874069f513d4f0c5ffd9a807218436cf.npz
n12,12,0.459,0.044,low_field,C0,631,True,42.090667915937956,18530,11304,0.0024670194232483834,6.0861848346847864e-06,0.9999999999999988,0.0,0.9999996041825945,0.0,-6.5028355279943995,-6.5028462386420065,8.925539672540358e-07,8.625730321643044e-05,6.83584684862959e-05,0.00012604422256184272,0.9999580057117219,True,True,True,False,results/stage6_v1/reference_atlas/cache/1177bae028d5f7e23a61380ab586771aa95482f8e94d3542512f10c01b436bab.npz,physical,ghz,budget,True,True,True,True,30,210,3168,95,69,2268,4.610437124967575,results/stage6_v1/domain_wall_candidates/cache/c990b579cc36eeed108cd33580387dd51c0c616299b82682f120a50def7f2208.npz
n12,12,0.459,0.044,low_field,C1,631,True,48.63328312599333,25409,10944,0.0024366167243428426,5.937101061347244e-06,0.9999999999999967,0.0,0.999999923294552,0.0,-6.502835617426014,-6.5028462386420065,8.851013327445164e-07,8.615452173521554e-05,6.825199426130357e-05,0.0001250282048795917,0.9999584735860129,True,True,True,False,results/stage6_v1/reference_atlas/cache/1177bae028d5f7e23a61380ab586771aa95482f8e94d3542512f10c01b436bab.npz,physical,ghz,budget,True,True,True,True,30,210,3096,95,145,4587,8.248693875037134,results/stage6_v1/domain_wall_candidates/cache/2ddbbd0fabcbbbab5516a25a0fc6103d16d91d2cd7b5e1368b92805bcda0ab98.npz
n12,12,0.459,0.044,low_field,H6,631,True,311.86747670691693,90367,47409,0.0036337628367502438,1.3204232353747178e-05,0.9999999999999953,0.0,0.9999677915294912,0.0,-6.502830193086742,-6.5028462386420065,1.3371296054091413e-06,8.255531195189292e-05,6.667572316587655e-05,0.00015357736149552992,0.9999454106071181,True,True,True,False,results/stage6_v1/reference_atlas/cache/1177bae028d5f7e23a61380ab586771aa95482f8e94d3542512f10c01b436bab.npz,wall,uniform,parameter_cap160,True,True,True,True,35,224,13920,63,65,23607,100.10815029096557,results/stage6_v1/domain_wall_candidates/cache/85a9fe3652b16c8a589271974028a98005eb75efe9e8734a04c9dbae3455b2e2.npz
n12,12,0.459,0.044,low_field,B3,631,True,23.058699665998574,9311,7920,0.004642630288120382,2.155401599217274e-05,1.0000000000000002,0.0,0.9999242605458876,0.0,-6.502793753849224,-6.5028462386420065,4.373732731840126e-06,0.0001952163536722562,0.0001602053274958326,0.00044047539684970854,0.9998087062377023,True,True,True,False,results/stage6_v1/reference_atlas/cache/1177bae028d5f7e23a61380ab586771aa95482f8e94d3542512f10c01b436bab.npz,physical,ghz,pool_gradient,True,True,True,True,19,135,2592,63,52,463,0.6548350419616327,results/stage6_v1/legacy_b3/adaptive/cache/4ad3fa9d31a50a7459eda1df08ed8dc141da284a87b256c64342179cd739a2a5.npz
n12,12,0.4757,0.013,low_field,C0,631,True,11.972416708013043,6150,11016,0.0004289420082142173,1.8399124641084567e-07,1.0000000000000018,0.0,0.9999981261542021,0.0,-6.292567853885242,-6.292568501640581,5.3979611595404244e-08,2.863312454803868e-06,2.3893032260469127e-06,1.7085479099537837e-05,0.9999965846726055,True,True,True,False,results/stage6_v1/reference_atlas/cache/a0daaa5d8b0903005d69c2d7bf11f334e178665cf9005692fac6a1a010798262.npz,physical,ghz,budget,True,True,True,True,19,135,3240,63,46,515,0.9154231250286102,results/stage6_v1/domain_wall_candidates/cache/41f261c3ed1fd155fac893f1c702cc815e816c441ad82507a43a2de4a5e25233.npz
n12,12,0.4757,0.013,low_field,C1,631,True,27.690210335014854,13854,10656,0.0005782724167322421,3.343989879533479e-07,1.000000000000005,0.0,0.9999993697790313,0.0,-6.292567829076542,-6.292568501640581,5.604700326067302e-08,2.8682270811764e-06,2.3941962871143474e-06,1.7637223682096317e-05,0.9999965808869988,True,True,True,False,results/stage6_v1/reference_atlas/cache/a0daaa5d8b0903005d69c2d7bf11f334e178665cf9005692fac6a1a010798262.npz,physical,ghz,budget,True,True,True,True,19,135,3240,63,86,1992,2.7457504590274766,results/stage6_v1/domain_wall_candidates/cache/ddc868ecc7a522421668f396fcbd741fdd5c1e5d73c8c7607d4829d5cf953d74.npz
n12,12,0.4757,0.013,low_field,H6,631,True,88.51933700003428,28910,28155,0.00030852637930607764,9.51885267277177e-08,0.9999999999999998,0.0,0.9999993415920441,0.0,-6.292568343986458,-6.292568501640581,1.3137843553797287e-08,8.334767538364929e-07,6.874136744272619e-07,4.396262716241384e-06,0.9999992131732582,True,True,True,False,results/stage6_v1/reference_atlas/cache/a0daaa5d8b0903005d69c2d7bf11f334e178665cf9005692fac6a1a010798262.npz,wall,uniform,energy_stagnation,True,True,True,True,32,205,2784,57,67,1179,1.4273667500237934,results/stage6_v1/domain_wall_candidates/cache/ee4594af3bd10aaf611238774eb1c65334ebe2c58c683f31692e81d1ee87a5a0.npz
n12,12,0.4757,0.013,low_field,B3,631,True,12.52172433299711,5320,6624,0.0450333209967908,0.002027999999999999,0.9999999999999998,0.0,0.9999999999999998,0.0,-6.291599999999998,-6.292568501640581,8.070847004855904e-05,0.00016001076930938218,0.00014617492507817964,0.012436282192212017,0.9995289079027587,True,True,True,False,results/stage6_v1/reference_atlas/cache/a0daaa5d8b0903005d69c2d7bf11f334e178665cf9005692fac6a1a010798262.npz,physical,ghz,pool_gradient,,True,False,True,0,12,1728,11,12,143,0.16045362502336502,results/stage6_v1/legacy_b3/adaptive/cache/9b879f6cc1140373e56df176d11f13b932e4e0d3003e063ba58d81b815b80278.npz
n12,12,0.4757,0.093,low_field,C0,631,False,35.22594904102152,14730,11664,0.10490583278875748,0.011005233753102745,1.0000000000000029,0.0,0.8139300187076278,0.0,-6.459040859130827,-6.487666466668601,0.0023854672948144806,0.11564528863506368,0.02926401034994447,0.03412111961857206,0.6030901097105744,False,False,False,False,results/stage6_v1/reference_atlas/cache/ef9aaa8e936621078efcc7827b25f9eade813bc94de269252e75f4ce1974915b.npz,physical,antiphase,budget,False,False,True,False,54,312,3888,128,99,5023,11.967448165989481,results/stage6_v1/domain_wall_candidates/cache/a5e17e4031df00c704297a2eda96e40bd04ab211b7342c22320b27987d168b6f.npz
n12,12,0.4757,0.093,low_field,C1,631,False,46.84073629096383,23836,11448,0.10953199775856692,0.01199725853298271,1.0000000000000013,0.0,0.822421439185246,0.0,-6.460368442083597,-6.487666466668601,0.0022748353820836176,0.10782685805792586,0.027263946729118027,0.03206854202954035,0.620548493970904,False,False,False,False,results/stage6_v1/reference_atlas/cache/ef9aaa8e936621078efcc7827b25f9eade813bc94de269252e75f4ce1974915b.npz,physical,antiphase,budget,True,True,True,False,53,311,3816,128,86,7906,15.476541999960318,results/stage6_v1/domain_wall_candidates/cache/fb5ffe779043fdcf0e67ce0d14c169b5a31ef35d1b29f12c69ab30eea1b90c21.npz
n12,12,0.4757,0.093,low_field,H6,631,False,388.1979201241047,106741,50292,0.09304982297295024,0.008658269555297377,0.9999999999999969,0.0,0.8335946196450631,0.0,-6.462558181722653,-6.487666466668601,0.0020923570788289325,0.08948443652705868,0.022990680055948842,0.03105351254693256,0.6419722029056164,False,False,False,False,results/stage6_v1/reference_atlas/cache/ef9aaa8e936621078efcc7827b25f9eade813bc94de269252e75f4ce1974915b.npz,wall,uniform,parameter_cap160,True,True,True,False,160,709,13920,127,229,28962,114.41387433302589,results/stage6_v1/domain_wall_candidates/cache/3eeeedf2c5d2b4f1c29f183b81c3f30668ecac19838970a168c95af46f9c5702.npz
n12,12,0.4757,0.093,low_field,B3,631,False,40.63371287408518,16388,11808,0.10845827287270493,0.011763196954530122,0.9999999999999999,0.0,0.823127758720636,0.0,-6.460366236190788,-6.487666466668601,0.0022750192064843557,0.09678922216396385,0.024419806642831,0.03133940007011021,0.6273336500651927,False,False,False,False,results/stage6_v1/reference_atlas/cache/ef9aaa8e936621078efcc7827b25f9eade813bc94de269252e75f4ce1974915b.npz,physical,ghz,budget,True,True,True,False,46,290,3312,127,87,3187,5.339390708017163,results/stage6_v1/legacy_b3/adaptive/cache/97a6bba3412b152155d6c4eb3b5b5716839d1e972c870eae0f9e6656f10d61cc.npz
n12,12,0.491,0.044,low_field,C0,631,False,30.66592037503142,13511,11664,0.06523004986233659,0.004254959405042918,0.9999999999999979,0.0,0.7911128460253735,0.0,-6.1975903473816985,-6.211783733792436,0.0011827822008948126,0.15248370098153652,0.03866754761278246,0.03527643065959485,0.5454681058132934,False,False,False,False,results/stage6_v1/reference_atlas/cache/a96955cb545769eb5c83b7ffbc0834160d567b7ab6f1812b370f0fe9ea45766e.npz,physical,ghz,budget,True,True,True,False,45,289,3240,127,85,3296,6.253238958015572,results/stage6_v1/domain_wall_candidates/cache/bd6011e42d7a623e5c3e837c19b3768752bafa0372a7e45aaa5ac707180fba49.npz
n12,12,0.491,0.044,low_field,C1,631,False,66.23369724996155,31067,11592,0.06542553812458743,0.004280501038891843,0.9999999999999996,0.0,0.7940511097267356,0.0,-6.1979150427380905,-6.211783733792436,0.0011557242545288116,0.1457795350429436,0.037113042244887706,0.03473918621500949,0.5551779870903636,False,False,False,False,results/stage6_v1/reference_atlas/cache/a96955cb545769eb5c83b7ffbc0834160d567b7ab6f1812b370f0fe9ea45766e.npz,physical,ghz,budget,False,False,True,False,45,289,3240,127,117,6728,12.393291709013283,results/stage6_v1/domain_wall_candidates/cache/9332f97c36530686025a2fe749a7bce8754a4fd45c063e54b03c19fdd7e45627.npz
n12,12,0.491,0.044,low_field,H6,631,False,456.50347216799855,113146,53424,0.055683652382524575,0.0031006691426578347,0.9999999999999988,0.0,0.8222292351009306,0.0,-6.2000545326281475,-6.211783733792436,0.0009774334303573884,0.11230528920763216,0.0290055156211681,0.03098584609105781,0.6018118311693723,False,False,False,False,results/stage6_v1/reference_atlas/cache/a96955cb545769eb5c83b7ffbc0834160d567b7ab6f1812b370f0fe9ea45766e.npz,wall,uniform,parameter_cap160,True,True,True,False,160,697,13920,127,176,31300,132.66280408401508,results/stage6_v1/domain_wall_candidates/cache/4079576885a2ea61ed50fe369b0fd3ad94d6b98a17324b847cfebf1829807a06.npz
n12,12,0.491,0.044,low_field,B3,631,False,20.915528499986976,9127,8424,0.06706142847586881,0.004497235189224068,1.0000000000000004,0.0,0.79234646601025,0.0,-6.197597286828832,-6.211783733792436,0.0011822039136336986,0.1529057646940728,0.038762403790227995,0.035094378480904964,0.546924318332446,False,False,False,False,results/stage6_v1/reference_atlas/cache/a96955cb545769eb5c83b7ffbc0834160d567b7ab6f1812b370f0fe9ea45766e.npz,physical,ghz,budget,True,True,True,False,45,289,3240,127,89,3289,5.885906249983236,results/stage6_v1/legacy_b3/adaptive/cache/b35274706693ed4a247a07e5a6ee3ea86bccf2dc8f875ace791942b8ede2187c.npz
n12,12,0.507,0.013,low_field,C0,631,False,16.074407250096556,7719,11520,0.04613532290488934,0.0021284680195384075,0.9999999999999948,0.0,0.1512039255212814,0.0,-6.085795300139059,-6.096494668458179,0.0008916140265933977,0.04644700852783068,0.01049022897799623,0.06534977337506653,0.3948433098040909,False,False,False,False,results/stage6_v1/reference_atlas/cache/844c7b26b94c47ec79c5e69dff4f64107c0b02dcac72236047598a0f907b5406.npz,physical,plus,budget,True,True,True,False,60,328,4320,128,138,4060,9.07743250002386,results/stage6_v1/domain_wall_candidates/cache/9a1b1921003e44a959f78101cba31c05e754317148288389edace93d5759ec3f.npz
n12,12,0.507,0.013,low_field,C1,631,False,32.016187832981814,17375,11232,0.02803608415062587,0.000786022014500975,0.9999999999999968,0.0,0.16943231746361187,0.0,-6.086083007492556,-6.096494668458179,0.0008676384138019225,0.023222036936836665,0.005014300570610641,0.06466317594847082,0.3955112235077573,False,False,False,False,results/stage6_v1/reference_atlas/cache/844c7b26b94c47ec79c5e69dff4f64107c0b02dcac72236047598a0f907b5406.npz,physical,plus,budget,True,True,True,False,57,325,4104,128,102,7894,15.682419165968895,results/stage6_v1/domain_wall_candidates/cache/9b68eb27446eaebd13b8394564aeb3bfe53ca3588728c7e434483394f59aff5f.npz
n12,12,0.507,0.013,low_field,H6,631,False,143.22234458307503,43780,42579,0.04613532290488934,0.0021284680195384075,0.9999999999999948,0.0,0.1512039255212814,0.0,-6.085795300139059,-6.096494668458179,0.0008916140265933977,0.04644700852783068,0.01049022897799623,0.06534977337506653,0.3948433098040909,False,False,False,False,results/stage6_v1/reference_atlas/cache/844c7b26b94c47ec79c5e69dff4f64107c0b02dcac72236047598a0f907b5406.npz,physical,plus,budget,True,True,True,False,60,328,4320,128,138,4060,9.07743250002386,results/stage6_v1/domain_wall_candidates/cache/9a1b1921003e44a959f78101cba31c05e754317148288389edace93d5759ec3f.npz
n12,12,0.507,0.013,low_field,B3,631,False,11.155623625032604,4439,8856,0.0450333209967908,0.002027999999999999,0.9999999999999996,0.0,0.9999999999999996,0.0,-6.083999999999996,-6.096494668458179,0.0010412223715152713,1.5700120734089498,0.45585348804060566,0.4426117379088823,7.793817782489756e-06,False,False,False,False,results/stage6_v1/reference_atlas/cache/844c7b26b94c47ec79c5e69dff4f64107c0b02dcac72236047598a0f907b5406.npz,physical,antiphase,pool_gradient,,True,False,False,0,22,864,10,11,54,0.10259541700361297,results/stage6_v1/legacy_b3/adaptive/cache/f96c48eb01597d2fe284fd3c8cd5e401f56da05201c7a6e5797111709db69a7d.npz
n12,12,0.507,0.093,low_field,C0,631,False,26.57107566698687,11575,11880,0.33079220618576755,0.10942348367324735,0.9999999999999954,0.0,0.8365557401004136,0.0,-6.364138141840354,-6.542718170228155,0.014881669032316728,0.6121899982564045,0.19665906988891388,0.0666203250535522,0.28096459999279805,False,False,False,False,results/stage6_v1/reference_atlas/cache/cd2369aaeb22857b4103c9a6f6798678e39db2f7d013e3def87749d989f228db.npz,physical,plus,budget,True,True,True,False,60,328,4320,128,95,4461,10.52392670797417,results/stage6_v1/domain_wall_candidates/cache/5893264d133d41a9fc4c1f02dacea2cae0e506d3f133e47e67a642e4a223b161.npz
n12,12,0.507,0.093,low_field,C1,631,False,71.57918579195393,33786,12384,0.19404810369638392,0.03765466654816257,1.000000000000004,0.0,0.3355202409381244,0.0,-6.498282473834498,-6.542718170228155,0.0037029746994713766,0.04082372894738151,0.007867788550372068,0.037146457027141644,0.5448627468023013,False,False,False,False,results/stage6_v1/reference_atlas/cache/cd2369aaeb22857b4103c9a6f6798678e39db2f7d013e3def87749d989f228db.npz,physical,antiphase,budget,True,True,True,False,56,314,4032,128,108,9745,19.87576912494842,results/stage6_v1/domain_wall_candidates/cache/edf836a22c0a8956fec2d4be4714880609628b059fad52b51e6c1340eaade5e0.npz
n12,12,0.507,0.093,low_field,H6,631,False,409.8893390010344,112520,49725,0.13203050424851082,0.017432054052116033,1.000000000000003,0.0,0.31672620891711156,0.0,-6.48537866448887,-6.542718170228155,0.00477829214494041,0.021776355654722135,0.004587476697100912,0.051129752719575094,0.5039453012455631,False,False,False,False,results/stage6_v1/reference_atlas/cache/cd2369aaeb22857b4103c9a6f6798678e39db2f7d013e3def87749d989f228db.npz,wall,alternating,energy_stagnation,True,True,True,False,115,550,10005,127,161,30891,101.07284041697858,results/stage6_v1/domain_wall_candidates/cache/ec5b460e379f48affede0000cb8d6c032a91a4b520d2f86de67e0d08721517a8.npz
n12,12,0.507,0.093,low_field,B3,631,False,27.436870375007857,10647,12096,0.19976961156888826,0.03990789770638449,0.9999999999999983,0.0,0.3306160245666211,0.0,-6.493455322127568,-6.542718170228155,0.004105237341715566,0.03152409387397137,0.005894807056019635,0.03901501308305011,0.5384558748009172,False,False,False,False,results/stage6_v1/reference_atlas/cache/cd2369aaeb22857b4103c9a6f6798678e39db2f7d013e3def87749d989f228db.npz,physical,ghz,budget,False,False,True,False,54,298,3888,127,108,3745,7.500459250004496,results/stage6_v1/legacy_b3/adaptive/cache/bf66fc0ac028336844076a77f7d59644ff778255748001b8a3fed272e59c7fc2.npz
n12,12,0.523,0.044,low_field,C0,631,False,13.724321207031608,6929,11592,0.005883245102820191,3.461257293985776e-05,0.999999999999996,0.0,0.9999158712038178,0.0,-6.287174123228861,-6.3281528986772795,0.0034148979540348603,1.5611083919782462,0.45401614718855243,0.4163816198776303,0.00013997288316441915,False,False,False,False,results/stage6_v1/reference_atlas/cache/43bf7b649df3b7564d34c755eb097332cf67a5fd7e869d8cdda984806f0db5d0.npz,physical,antiphase,budget,True,True,True,False,49,307,3528,128,126,1694,3.239566916017793,results/stage6_v1/domain_wall_candidates/cache/542975c0399a0389ebcdc8c5e077be9ef734e05dde99a5eb436f37cb5ea37553.npz
n12,12,0.523,0.044,low_field,C1,631,False,48.74564741598442,25378,11592,0.1399118753860914,0.019575332874053167,0.9999999999999994,0.0,0.2997534096080114,0.0,-6.306825180782176,-6.3281528986772795,0.0017773098245919734,0.03932853196814401,0.0065065193323807224,0.03625602730377814,0.5225228806210119,False,False,False,False,results/stage6_v1/reference_atlas/cache/43bf7b649df3b7564d34c755eb097332cf67a5fd7e869d8cdda984806f0db5d0.npz,physical,ghz,budget,False,False,True,False,55,299,3960,127,125,13492,27.049923332990147,results/stage6_v1/domain_wall_candidates/cache/b66faf48cd177a15dea1f823d1ce989a817f6ef85fbc7c5322459fd2e42ee9a4.npz
n12,12,0.523,0.044,low_field,H6,631,False,377.170378164039,99741,51090,0.06551986474054378,0.0042928526756191515,0.9999999999999956,0.0,0.22542743808464705,0.0,-6.296412242085152,-6.3281528986772795,0.0026450547160106197,0.032213582381552586,0.008613064214774813,0.058526153304144346,0.4527151244826832,False,False,False,False,results/stage6_v1/reference_atlas/cache/43bf7b649df3b7564d34c755eb097332cf67a5fd7e869d8cdda984806f0db5d0.npz,wall,uniform,parameter_cap160,True,True,True,False,160,689,13920,127,249,29920,123.7853695829981,results/stage6_v1/domain_wall_candidates/cache/e3e1da4956880522c4017020dabed0794693f9303b727bb722b4dcd8432ec0cb.npz
n12,12,0.523,0.044,low_field,B3,631,False,10.604444792028517,5143,9216,0.04467803546374802,0.0019961268528999256,1.0000000000000004,0.0,0.9995605349871566,0.0,-6.286169554669012,-6.3281528986772795,0.0034986120006889423,1.5615104194186467,0.45418332293683095,0.42047583036050845,0.00010924637049716499,False,False,False,False,results/stage6_v1/reference_atlas/cache/43bf7b649df3b7564d34c755eb097332cf67a5fd7e869d8cdda984806f0db5d0.npz,physical,antiphase,energy_stagnation,True,True,True,False,11,77,1224,32,23,156,0.23103579197777435,results/stage6_v1/legacy_b3/adaptive/cache/63088e3fc93ccab3ac84bda604ede1de43c4334ef26bd9f9afff3d69fa86f896.npz
n12,12,0.539,0.013,low_field,C0,631,True,24.753944083931856,10959,11592,0.0006022163223698652,3.6266449892868545e-07,0.99999999999999,0.0,0.9999999570510707,0.0,-6.468940682449211,-6.468941089067382,3.388484759447863e-08,1.0976745790092224e-06,4.551396030061383e-07,1.056761106772372e-05,0.999998853338102,True,True,True,False,results/stage6_v1/reference_atlas/cache/f8d711ffa61bfc567698a8025502d83e136614cdb2b60e1ca61afc0bf1a1a7b7.npz,physical,antiphase,budget,True,True,True,True,25,155,3600,64,58,469,1.0564339169650339,results/stage6_v1/domain_wall_candidates/cache/5b7a7524942b4a859ae284e5985921a4b9504b127fe2f8379b786957c90c6a87.npz
n12,12,0.539,0.013,low_field,C1,631,True,30.407884791027755,16059,10800,0.0002278026248372732,5.1894035882751436e-08,0.9999999999999961,0.0,1.2994156217686876e-11,0.0,-6.468941064193322,-6.468941089067382,2.0728383454127197e-09,4.24985171498804e-08,1.5383265439261606e-08,7.802615225038778e-07,0.4999999917120436,True,False,False,False,results/stage6_v1/reference_atlas/cache/f8d711ffa61bfc567698a8025502d83e136614cdb2b60e1ca61afc0bf1a1a7b7.npz,physical,plus,budget,True,True,True,False,34,238,3456,96,66,2079,3.375106083054561,results/stage6_v1/domain_wall_candidates/cache/43d31abb249ee44481ff39616fdc6c2b5858c0edfcb5c0aa01b735ddf05488dd.npz
n12,12,0.539,0.013,low_field,H6,631,True,90.78209583286662,38887,27513,0.00029107844638540266,8.472666195013973e-08,1.000000000000003,0.0,9.901606178231943e-12,0.0,-6.468941055672705,-6.468941089067382,2.7828897704769893e-09,4.362355521259076e-08,1.5556500088109715e-08,8.653775754804971e-07,0.49999999000826156,True,False,False,False,results/stage6_v1/reference_atlas/cache/f8d711ffa61bfc567698a8025502d83e136614cdb2b60e1ca61afc0bf1a1a7b7.npz,wall,alternating,energy_stagnation,True,True,True,False,33,208,2958,63,50,1142,1.4303969159955159,results/stage6_v1/domain_wall_candidates/cache/caac696401a879d30aad97f73b22bd2cc17bafebdd4eaf5e6c31bff86236b402.npz
n12,12,0.539,0.013,low_field,B3,631,True,24.242002250044607,9947,8784,0.0450333209967908,0.002027999999999999,0.9999999999999996,0.0,0.9999999999999996,0.0,-6.467999999999996,-6.468941089067382,7.842408894879564e-05,0.00014660727668458495,6.108325083969968e-05,0.012071146891534006,0.999561825830145,True,True,True,False,results/stage6_v1/reference_atlas/cache/f8d711ffa61bfc567698a8025502d83e136614cdb2b60e1ca61afc0bf1a1a7b7.npz,physical,antiphase,pool_gradient,,True,False,True,0,22,864,10,11,54,0.08139112504431978,results/stage6_v1/legacy_b3/adaptive/cache/ba55665535e272496fccb1ba2636d713b0f84fb3375da4bc64ea8b0adb223b8a.npz
n12,12,0.539,0.093,low_field,C0,631,False,16.066972833010368,7993,11376,0.1908092787925709,0.036408180873341044,1.0000000000000004,0.0,0.3019379640943396,0.0,-6.6140506314371645,-6.669155138551576,0.0045920422595343196,0.032757803811041986,0.007417487165106651,0.04280520479046929,0.5186196689404244,False,False,False,False,results/stage6_v1/reference_atlas/cache/a87c042a7243167ada9c7b961c72e2179c09a549eb1514145d27a7a4fa68ca9b.npz,physical,ghz,budget,True,True,True,False,52,296,3744,127,94,4104,8.347854082996491,results/stage6_v1/domain_wall_candidates/cache/24a5b2d5f40a634284c96f6f05ce6ad60295d8c25000a2d34f76e71eb0c3a629.npz
n12,12,0.539,0.093,low_field,C1,631,False,56.709046125935856,28254,11304,0.24077725851695705,0.05797368821894157,0.999999999999999,0.0,0.28792799214112447,0.0,-6.616847688831955,-6.669155138551576,0.004358954143301785,0.05515965165541514,0.009738441399231745,0.04014193138097727,0.5109957814861761,False,False,False,False,results/stage6_v1/reference_atlas/cache/a87c042a7243167ada9c7b961c72e2179c09a549eb1514145d27a7a4fa68ca9b.npz,physical,ghz,budget,True,True,True,False,52,296,3744,127,104,10480,20.077025582955685,results/stage6_v1/domain_wall_candidates/cache/2e6642d17dce4eb9fc21ef0615ecdb1daf2b3c12bbd1d45c22469f555658be90.npz
n12,12,0.539,0.093,low_field,H6,631,False,464.5853152500349,122884,51744,0.1908092787925709,0.036408180873341044,1.0000000000000004,0.0,0.3019379640943396,0.0,-6.6140506314371645,-6.669155138551576,0.0045920422595343196,0.032757803811041986,0.007417487165106651,0.04280520479046929,0.5186196689404244,False,False,False,False,results/stage6_v1/reference_atlas/cache/a87c042a7243167ada9c7b961c72e2179c09a549eb1514145d27a7a4fa68ca9b.npz,physical,ghz,budget,True,True,True,False,52,296,3744,127,94,4104,8.347854082996491,results/stage6_v1/domain_wall_candidates/cache/24a5b2d5f40a634284c96f6f05ce6ad60295d8c25000a2d34f76e71eb0c3a629.npz
n12,12,0.539,0.093,low_field,B3,631,False,22.597488416009583,10157,11304,0.19080942522483665,0.036408236754632534,1.0000000000000009,0.0,0.30193818776741876,0.0,-6.614050631776475,-6.669155138551576,0.00459204223125842,0.03275731128286796,0.00741734963808155,0.04280555313442275,0.5186198252205099,False,False,False,False,results/stage6_v1/reference_atlas/cache/a87c042a7243167ada9c7b961c72e2179c09a549eb1514145d27a7a4fa68ca9b.npz,physical,ghz,budget,True,True,True,False,52,296,3744,127,88,4206,8.003687750024255,results/stage6_v1/legacy_b3/adaptive/cache/7423cd09897c6cbdd6472cef4a38da012f0f1309f6bf93fe52ce21ee05a3a897.npz
n12,12,0.555,0.044,low_field,C0,631,True,17.38980091601843,9410,11160,0.005059207800785136,2.559558357152517e-05,0.9999999999999948,0.0,0.9999918609826213,0.0,-6.670483802211629,-6.670505684620763,1.823534094539762e-06,4.510420111636382e-05,1.828587840702056e-05,0.00017309133946887684,0.9999588553859455,True,True,True,False,results/stage6_v1/reference_atlas/cache/779adcc28aeff10b7905f3ef9cf8d5682d129340176d4fcc40f87332a8a6aad9.npz,physical,antiphase,budget,True,True,True,True,36,230,3456,96,138,1757,3.4674811250297353,results/stage6_v1/domain_wall_candidates/cache/a1712417902e3060c5105f7a70c77f05e24e1047a428516501999533a59e6e9f.npz
n12,12,0.555,0.044,low_field,C1,631,True,53.18830691598123,26204,11376,0.005576544411557506,3.1097847574073254e-05,0.9999999999999972,0.0,0.9999938248908042,0.0,-6.670481745047366,-6.670505684620763,1.9949644497844568e-06,4.582725731228088e-05,1.8525908024202842e-05,0.00018818877250871557,0.9999589661933823,True,True,True,False,results/stage6_v1/reference_atlas/cache/779adcc28aeff10b7905f3ef9cf8d5682d129340176d4fcc40f87332a8a6aad9.npz,physical,antiphase,budget,True,True,True,True,36,230,3384,96,86,3685,6.652195665985346,results/stage6_v1/domain_wall_candidates/cache/5ca64f0b6882ce772507a173dc5e84a4b6bc48b555839e923155d391f65743b9.npz
n12,12,0.555,0.044,low_field,H6,631,True,358.5620465819957,95910,49440,0.0033132073273474524,1.0977342793988848e-05,0.9999999999999946,0.0,1.3483407347994033e-08,0.0,-6.670500800879768,-6.670505684620763,4.0697841622675906e-07,1.0099935047191977e-05,3.6981152069515133e-06,4.228458963366488e-05,0.49999779190563465,True,False,False,False,results/stage6_v1/reference_atlas/cache/779adcc28aeff10b7905f3ef9cf8d5682d129340176d4fcc40f87332a8a6aad9.npz,wall,alternating,energy_stagnation,True,True,True,False,33,212,10440,63,57,11097,39.321613917010836,results/stage6_v1/domain_wall_candidates/cache/bd6dae543ac78dcbb76f21c56d5321785765440888e6b8c94115fd0984802197.npz
n12,12,0.555,0.044,low_field,B3,631,True,12.923734540992882,6574,8280,0.0445677410659509,0.001986283543721646,0.9999999999999969,0.0,0.9996057859412923,0.0,-6.669584271311748,-6.670505684620763,7.678444241795053e-05,0.00021855578812512988,9.047084073499079e-05,0.0036824729687257793,0.9995102961591912,True,True,True,False,results/stage6_v1/reference_atlas/cache/779adcc28aeff10b7905f3ef9cf8d5682d129340176d4fcc40f87332a8a6aad9.npz,physical,antiphase,energy_stagnation,True,True,True,True,11,77,1224,32,27,141,0.20060224999906495,results/stage6_v1/legacy_b3/adaptive/cache/537911d55c7711c4da601e361c9f5ce42dccfa5b1548e2f9ed0c1eeeb48ee292.npz
n12,12,0.663,0.235,antiphase_band,C0,631,False,9.24271391594084,5431,11232,0.09858601392158675,0.009719202140947297,0.9999999999999983,0.0,0.998905410392684,0.0,-8.210238508351683,-8.216368506899062,0.000510833212281625,0.020403678157278837,0.006766299267051856,0.015304183162790308,0.9871151773701177,False,False,False,False,results/stage6_v1/reference_atlas/cache/49530b6a233ae9832364bd7b7f568f31fe4b6d638c7fd06274baef6efc445d0b.npz,physical,antiphase,budget,True,True,True,False,48,306,3456,128,137,1060,1.6175430829753168,results/stage6_v1/domain_wall_candidates/cache/a46ebacfc7504b1c0cd18dc0f24eec8477aa35f2c740521959e98f9bce4f11d0.npz
n12,12,0.663,0.235,antiphase_band,C1,631,False,27.378698667977005,17582,11232,0.10249186336048381,0.010504582055104085,1.000000000000004,0.0,0.9990918935718448,0.0,-8.210330026345684,-8.216368506899062,0.0005032067127815528,0.020367402269931056,0.006773645828377917,0.015003192377546076,0.9873362320667176,False,False,False,False,results/stage6_v1/reference_atlas/cache/49530b6a233ae9832364bd7b7f568f31fe4b6d638c7fd06274baef6efc445d0b.npz,physical,antiphase,budget,True,True,True,False,48,306,3456,128,117,3835,6.209214792004786,results/stage6_v1/domain_wall_candidates/cache/93f6c1e5a3c244224d386e5527219a6ca77bf300e3daa067758d831eab2fe82a.npz
n12,12,0.663,0.235,antiphase_band,H6,631,False,9.24271391594084,5431,11232,0.09858601392158675,0.009719202140947297,0.9999999999999983,0.0,0.998905410392684,0.0,-8.210238508351683,-8.216368506899062,0.000510833212281625,0.020403678157278837,0.006766299267051856,0.015304183162790308,0.9871151773701177,False,False,False,False,results/stage6_v1/reference_atlas/cache/49530b6a233ae9832364bd7b7f568f31fe4b6d638c7fd06274baef6efc445d0b.npz,physical,antiphase,budget,True,True,True,False,48,306,3456,128,137,1060,1.6175430829753168,results/stage6_v1/domain_wall_candidates/cache/a46ebacfc7504b1c0cd18dc0f24eec8477aa35f2c740521959e98f9bce4f11d0.npz
n12,12,0.663,0.235,antiphase_band,B3,631,False,17.312803290900774,8358,11376,0.0978918698973558,0.009582818192000834,0.9999999999999988,0.0,0.9990264614785194,0.0,-8.210358690339001,-8.216368506899062,0.0005008180466717546,0.02027346039775102,0.006719193465311524,0.015093338584677818,0.9873028108799576,False,False,False,False,results/stage6_v1/reference_atlas/cache/49530b6a233ae9832364bd7b7f568f31fe4b6d638c7fd06274baef6efc445d0b.npz,physical,antiphase,budget,True,True,True,False,48,306,3456,128,151,1161,2.5127277079736814,results/stage6_v1/legacy_b3/adaptive/cache/2aefef5c2062b39a1478eb64612d94d7a468bc41bfea2d6a89e6849bab0d0d4e.npz
n12,12,0.663,0.375,antiphase_band,C0,631,False,14.28077979205409,6612,11736,0.5186595190068581,0.26900769665642543,0.9999999999999987,0.0,0.5936209052391951,0.0,-8.836577252083645,-9.01614434723326,0.01496392459580124,0.46541194375459555,0.12245091049565344,0.04643808050342457,0.6836613372246161,False,False,False,False,results/stage6_v1/reference_atlas/cache/46f6372dc01f470cca826463a9cdcee4f46e27461db566910136ef9c1d61093d.npz,physical,plus,budget,True,True,True,False,60,328,4320,128,95,2241,4.809129125031177,results/stage6_v1/domain_wall_candidates/cache/19144e110889288b30d7378c57224a86e5ed552be1751ff3832452d23a43a601.npz
n12,12,0.663,0.375,antiphase_band,C1,631,False,40.66254979203222,20320,11520,0.4900099546318094,0.24010975563826792,1.0000000000000002,0.0,0.5906144084446249,0.0,-8.859206160024772,-9.01614434723326,0.013078182267373931,0.07039498073482509,0.018482490670975023,0.024381197712676328,0.7001226071093902,False,False,False,False,results/stage6_v1/reference_atlas/cache/46f6372dc01f470cca826463a9cdcee4f46e27461db566910136ef9c1d61093d.npz,physical,ghz,budget,True,True,True,False,54,298,3888,127,106,8724,17.773730500019155,results/stage6_v1/domain_wall_candidates/cache/a54af40f9951529cb5c8753b64835162c921f2f422e2fced41bf6929e6d6d689.npz
n12,12,0.663,0.375,antiphase_band,H6,631,False,14.28077979205409,6612,11736,0.5186595190068581,0.26900769665642543,0.9999999999999987,0.0,0.5936209052391951,0.0,-8.836577252083645,-9.01614434723326,0.01496392459580124,0.46541194375459555,0.12245091049565344,0.04643808050342457,0.6836613372246161,False,False,False,False,results/stage6_v1/reference_atlas/cache/46f6372dc01f470cca826463a9cdcee4f46e27461db566910136ef9c1d61093d.npz,physical,plus,budget,True,True,True,False,60,328,4320,128,95,2241,4.809129125031177,results/stage6_v1/domain_wall_candidates/cache/19144e110889288b30d7378c57224a86e5ed552be1751ff3832452d23a43a601.npz
n12,12,0.663,0.375,antiphase_band,B3,631,False,10.851999375037849,5282,11304,0.4917139642005824,0.24178262258985161,0.9999999999999978,0.0,0.6187218944659687,0.0,-8.83997342940117,-9.01614434723326,0.014680909819340856,0.4516459306908447,0.1186914877815246,0.04263977110953887,0.6881455509222886,False,False,False,False,results/stage6_v1/reference_atlas/cache/46f6372dc01f470cca826463a9cdcee4f46e27461db566910136ef9c1d61093d.npz,physical,plus,budget,True,True,True,False,58,326,4176,128,83,1952,4.771156167029403,results/stage6_v1/legacy_b3/adaptive/cache/6b225919c701438e57d8eb29131396cb679d0d211b396f10c738f9f2c67dfcaa.npz
n12,12,0.663,0.515,antiphase_band,C0,631,False,21.917522415984422,9339,12240,0.6474998734218044,0.4192560860812527,0.9999999999999979,0.0,0.947662435597405,0.0,-9.978234203634717,-10.111962165305853,0.011143996805928,0.1742376619879058,0.04994802912148258,0.029866158370071783,0.9193567249038974,False,False,False,False,results/stage6_v1/reference_atlas/cache/c926723074883a78cdd206d5c4f78b4a2b0e983079654a1261b796ef7f6ca076.npz,physical,plus,budget,True,True,True,False,62,330,4464,128,120,3616,9.295758833002765,results/stage6_v1/domain_wall_candidates/cache/3de7900608d2560254eba28284e6cfac4741baf67f7f6a159ed394fe28a1395d.npz
n12,12,0.663,0.515,antiphase_band,C1,631,False,48.82796495995717,23625,12240,0.5921108893925293,0.35059530533721206,0.9999999999999979,0.0,0.9221595822881187,0.0,-9.992883035313824,-10.111962165305853,0.00992326083266907,0.1409702965612562,0.040855879542279316,0.02263852281241341,0.9134401270987822,False,False,False,False,results/stage6_v1/reference_atlas/cache/c926723074883a78cdd206d5c4f78b4a2b0e983079654a1261b796ef7f6ca076.npz,physical,plus,budget,True,True,True,False,60,328,4320,128,120,9447,20.8981960840174,results/stage6_v1/domain_wall_candidates/cache/8b19095c36ac255d17a8a13fd212eb056e6fdd4b6b6cfc20304a50f610f07dc7.npz
n12,12,0.663,0.515,antiphase_band,H6,631,False,21.917522415984422,9339,12240,0.6474998734218044,0.4192560860812527,0.9999999999999979,0.0,0.947662435597405,0.0,-9.978234203634717,-10.111962165305853,0.011143996805928,0.1742376619879058,0.04994802912148258,0.029866158370071783,0.9193567249038974,False,False,False,False,results/stage6_v1/reference_atlas/cache/c926723074883a78cdd206d5c4f78b4a2b0e983079654a1261b796ef7f6ca076.npz,physical,plus,budget,True,True,True,False,62,330,4464,128,120,3616,9.295758833002765,results/stage6_v1/domain_wall_candidates/cache/3de7900608d2560254eba28284e6cfac4741baf67f7f6a159ed394fe28a1395d.npz
n12,12,0.663,0.515,antiphase_band,B3,631,False,31.1014527080697,11982,12600,0.6403405626314844,0.41003603615120604,0.9999999999999987,0.0,0.938642824222911,0.0,-9.99412861083166,-10.111962165305853,0.00981946287284933,0.12865483197161942,0.037702096171826405,0.023938710547309006,0.928172731764676,False,False,False,False,results/stage6_v1/reference_atlas/cache/c926723074883a78cdd206d5c4f78b4a2b0e983079654a1261b796ef7f6ca076.npz,physical,plus,budget,True,True,True,False,61,329,4392,128,84,3239,8.377043208049145,results/stage6_v1/legacy_b3/adaptive/cache/68332b00bea200ba57d52d5368e917b81f1a8dbb47da923b08ae3cde6d380263.npz
n12,12,0.683,0.085,interior,C0,631,True,18.317207082000095,8545,11232,0.010408280658881873,0.00010833230627405448,0.9999999999999968,0.0,0.9999913130798712,0.0,-8.227797464465766,-8.22783943365535,3.4974324652677544e-06,2.9957696713101e-05,1.1036492185978464e-05,0.0001718923460551705,0.9999821705262567,True,True,True,False,results/stage6_v1/reference_atlas/cache/37d02423c22ab6060d7443e5ff90d915ba28ab5a1a0743e0e26cc995c96a4ff6.npz,physical,antiphase,budget,True,True,True,True,48,306,3456,128,137,654,1.247030791011639,results/stage6_v1/domain_wall_candidates/cache/b809ab7c97a4c8ce0decc8ba26ccd68155e52c15e68a64e3a8ba6d941215f0ad.npz
n12,12,0.683,0.085,interior,C1,631,True,41.68253699998604,22896,11232,0.01043684286924111,0.000108927689077229,0.9999999999999978,0.0,0.9999846195521435,0.0,-8.227798821241503,-8.22783943365535,3.3843678205099557e-06,2.943365337226833e-05,1.1113935573237033e-05,0.0001668831680218183,0.9999823051563101,True,True,True,False,results/stage6_v1/reference_atlas/cache/37d02423c22ab6060d7443e5ff90d915ba28ab5a1a0743e0e26cc995c96a4ff6.npz,physical,antiphase,budget,True,True,True,True,48,306,3456,128,120,2707,4.205486833991017,results/stage6_v1/domain_wall_candidates/cache/09f9cef41fb3514269eabe436b5bbe9109d914e9f8cb7928cf904fdd12ae096b.npz
n12,12,0.683,0.085,interior,H6,631,True,18.317207082000095,8545,11232,0.010408280658881873,0.00010833230627405448,0.9999999999999968,0.0,0.9999913130798712,0.0,-8.227797464465766,-8.22783943365535,3.4974324652677544e-06,2.9957696713101e-05,1.1036492185978464e-05,0.0001718923460551705,0.9999821705262567,True,True,True,False,results/stage6_v1/reference_atlas/cache/37d02423c22ab6060d7443e5ff90d915ba28ab5a1a0743e0e26cc995c96a4ff6.npz,physical,antiphase,budget,True,True,True,True,48,306,3456,128,137,654,1.247030791011639,results/stage6_v1/domain_wall_candidates/cache/b809ab7c97a4c8ce0decc8ba26ccd68155e52c15e68a64e3a8ba6d941215f0ad.npz
n12,12,0.683,0.085,interior,B3,631,True,21.289224082953297,8753,11520,0.015362907364310402,0.00023601892268438276,0.9999999999999992,0.0,0.9999912227782153,0.0,-8.227747164329973,-8.22783943365535,7.689110448054018e-06,7.49765071687003e-05,2.9638188362712814e-05,0.0003678638885167701,0.9999511551731055,True,True,True,False,results/stage6_v1/reference_atlas/cache/37d02423c22ab6060d7443e5ff90d915ba28ab5a1a0743e0e26cc995c96a4ff6.npz,physical,antiphase,budget,True,True,True,True,25,155,3456,64,61,639,1.4999886250006966,results/stage6_v1/legacy_b3/adaptive/cache/49010098fa17e51b3e70329df20acdc807d7b95b84341195c78daa8073f5b221.npz
n12,12,0.683,1.675,interior,C0,631,True,30.4561838330701,12583,12600,0.23231163510679373,0.053968695805992076,0.9999999999999971,0.0,0.9996569987210574,0.0,-21.993354475033716,-21.999052686110463,0.0004748509230623199,0.011719179356607724,0.003191351739002257,0.0010740539875683242,0.9992273729063545,True,True,True,False,results/stage6_v1/reference_atlas/cache/99ff2cf606cadd20d06adca87a3ec946338aeded9ff0cb972fe0d9e6dac02e6a.npz,physical,plus,budget,False,False,True,True,61,329,4392,128,84,6751,17.32377220800845,results/stage6_v1/domain_wall_candidates/cache/f4d7961aa30ad8dace574e8398608e4d1fd2a4cbdeaf368917dc7deb03c95cf4.npz
n12,12,0.683,1.675,interior,C1,631,True,58.31483295903308,27318,12024,0.20994419495617356,0.04407656499579581,0.9999999999999966,0.0,0.9996566076169878,0.0,-21.99404640872094,-21.999052686110463,0.00041718978246022925,0.013463602941181676,0.003366794508419868,0.0009949926856581692,0.9992681470229859,True,True,True,False,results/stage6_v1/reference_atlas/cache/99ff2cf606cadd20d06adca87a3ec946338aeded9ff0cb972fe0d9e6dac02e6a.npz,physical,plus,budget,False,False,True,True,59,327,4248,128,94,14929,34.717693333979696,results/stage6_v1/domain_wall_candidates/cache/071b0a3e7f2a914da1376d6056ac3b185ca6aff535cbb4614e68a682f83880f6.npz
n12,12,0.683,1.675,interior,H6,631,True,30.4561838330701,12583,12600,0.23231163510679373,0.053968695805992076,0.9999999999999971,0.0,0.9996569987210574,0.0,-21.993354475033716,-21.999052686110463,0.0004748509230623199,0.011719179356607724,0.003191351739002257,0.0010740539875683242,0.9992273729063545,True,True,True,False,results/stage6_v1/reference_atlas/cache/99ff2cf606cadd20d06adca87a3ec946338aeded9ff0cb972fe0d9e6dac02e6a.npz,physical,plus,budget,False,False,True,True,61,329,4392,128,84,6751,17.32377220800845,results/stage6_v1/domain_wall_candidates/cache/f4d7961aa30ad8dace574e8398608e4d1fd2a4cbdeaf368917dc7deb03c95cf4.npz
n12,12,0.683,1.675,interior,B3,631,True,39.964607917005196,13938,12816,0.23229472804105583,0.05396084067566809,0.9999999999999968,0.0,0.999656782863385,0.0,-21.993354480696105,-21.999052686110463,0.0004748504511965142,0.011719092081286782,0.003191218532923923,0.0010739801818188122,0.9992272638228912,True,True,True,False,results/stage6_v1/reference_atlas/cache/99ff2cf606cadd20d06adca87a3ec946338aeded9ff0cb972fe0d9e6dac02e6a.npz,physical,plus,budget,True,True,True,True,61,329,4392,128,84,6578,19.846201958018355,results/stage6_v1/legacy_b3/adaptive/cache/2834c6f0a052853429f471487dcd68b398767cd0e827dcb8cf32c5e3e1896750.npz
n12,12,0.763,0.235,antiphase_band,C0,631,True,11.055533959995955,5364,11304,0.07558359391954403,0.005712879669794533,1.0000000000000007,0.0,0.9995400580565048,0.0,-9.374843480209073,-9.37696403019332,0.00017671249868733696,0.0016286029284122705,0.0005860248187914974,0.00352685279758827,0.9990536080564109,True,True,True,False,results/stage6_v1/reference_atlas/cache/f3fda061b19f4ab96da4e501c499b03aab02bb13f57744385c5ecf84a96a12d2.npz,physical,antiphase,budget,True,True,True,True,48,306,3456,128,137,923,1.8024854169925675,results/stage6_v1/domain_wall_candidates/cache/26dbdea6d1efdbce051d61778e1a9d53beaad027fb0e0c630b6e982a21c87a5d.npz
n12,12,0.763,0.235,antiphase_band,C1,631,True,33.43806045805104,17761,11232,0.0834971282732828,0.006971770429885042,1.0000000000000002,0.0,0.9998196831357802,0.0,-9.374480985803093,-9.37696403019332,0.00020692036585234774,0.0016704611999801555,0.000612173379337555,0.0039138936954165315,0.9989452651867474,True,True,True,False,results/stage6_v1/reference_atlas/cache/f3fda061b19f4ab96da4e501c499b03aab02bb13f57744385c5ecf84a96a12d2.npz,physical,antiphase,budget,True,True,True,True,48,306,3456,128,100,2812,4.934075166005641,results/stage6_v1/domain_wall_candidates/cache/b2950c8115aa363455e9e15781ceaecc08f68ed01f6bd21eb68551bb7b07c43d.npz
n12,12,0.763,0.235,antiphase_band,H6,631,True,11.055533959995955,5364,11304,0.07558359391954403,0.005712879669794533,1.0000000000000007,0.0,0.9995400580565048,0.0,-9.374843480209073,-9.37696403019332,0.00017671249868733696,0.0016286029284122705,0.0005860248187914974,0.00352685279758827,0.9990536080564109,True,True,True,False,results/stage6_v1/reference_atlas/cache/f3fda061b19f4ab96da4e501c499b03aab02bb13f57744385c5ecf84a96a12d2.npz,physical,antiphase,budget,True,True,True,True,48,306,3456,128,137,923,1.8024854169925675,results/stage6_v1/domain_wall_candidates/cache/26dbdea6d1efdbce051d61778e1a9d53beaad027fb0e0c630b6e982a21c87a5d.npz
n12,12,0.763,0.235,antiphase_band,B3,631,True,11.754411792033352,5417,11376,0.08916386620942661,0.007950195037412528,1.0000000000000002,0.0,0.9996294285257941,0.0,-9.374056083485119,-9.37696403019332,0.0002423288923501706,0.0021926132053032843,0.000807889386274907,0.004649300924613076,0.9986490316299503,True,True,True,False,results/stage6_v1/reference_atlas/cache/f3fda061b19f4ab96da4e501c499b03aab02bb13f57744385c5ecf84a96a12d2.npz,physical,antiphase,budget,True,True,True,True,37,231,3456,96,84,919,1.9397113749873824,results/stage6_v1/legacy_b3/adaptive/cache/de63e6ef17c5c1a8dd13cae6c80307cb33b31636aec50e55fa4b9dbe8d5b9eba.npz
n12,12,0.763,0.375,antiphase_band,C0,631,False,10.689686917990912,5417,11592,0.21121898194932726,0.04461345833571023,1.0000000000000016,0.0,0.9954305728927089,0.0,-9.722726893407073,-9.745692092686419,0.00191376660661217,0.046390239495097574,0.015442628648762835,0.0345915213962702,0.9715200219141689,False,False,False,False,results/stage6_v1/reference_atlas/cache/8b76b3ab1fb8728d21b49c6b6e99a7d85a7d0fa7d7f4b2cce647bbb980235226.npz,physical,antiphase,budget,True,True,True,False,49,307,3528,128,135,1322,2.3948459170060232,results/stage6_v1/domain_wall_candidates/cache/6b6c78b49028a1096d659bcfde3a9335d1e87d651d2865730f00ebbda54d3bcb.npz
n12,12,0.763,0.375,antiphase_band,C1,631,False,36.277757374045905,19375,11592,0.2277606149323868,0.05187489771437898,1.000000000000001,0.0,0.9943991408507651,0.0,-9.720874577084256,-9.745692092686419,0.002068126300180199,0.046271730738486894,0.015413712433126947,0.03509361009106482,0.9712109995864731,False,False,False,False,results/stage6_v1/reference_atlas/cache/8b76b3ab1fb8728d21b49c6b6e99a7d85a7d0fa7d7f4b2cce647bbb980235226.npz,physical,antiphase,budget,True,True,True,False,49,307,3528,128,119,4562,7.9065286660334095,results/stage6_v1/domain_wall_candidates/cache/00e75b0e1d91d887b413a1b81c09f2b218340b168556c2c163a40d309104b310.npz
n12,12,0.763,0.375,antiphase_band,H6,631,False,10.689686917990912,5417,11592,0.21121898194932726,0.04461345833571023,1.0000000000000016,0.0,0.9954305728927089,0.0,-9.722726893407073,-9.745692092686419,0.00191376660661217,0.046390239495097574,0.015442628648762835,0.0345915213962702,0.9715200219141689,False,False,False,False,results/stage6_v1/reference_atlas/cache/8b76b3ab1fb8728d21b49c6b6e99a7d85a7d0fa7d7f4b2cce647bbb980235226.npz,physical,antiphase,budget,True,True,True,False,49,307,3528,128,135,1322,2.3948459170060232,results/stage6_v1/domain_wall_candidates/cache/6b6c78b49028a1096d659bcfde3a9335d1e87d651d2865730f00ebbda54d3bcb.npz
n12,12,0.763,0.375,antiphase_band,B3,631,False,11.066422915959265,5407,11232,0.17747066309523457,0.031495836259462257,1.0000000000000004,0.0,0.9985450589844833,0.0,-9.729529494887776,-9.745692092686419,0.001346883149886846,0.042740860930630564,0.014008579627306172,0.02749134603678588,0.9764293705638086,False,False,False,False,results/stage6_v1/reference_atlas/cache/8b76b3ab1fb8728d21b49c6b6e99a7d85a7d0fa7d7f4b2cce647bbb980235226.npz,physical,antiphase,budget,True,True,True,False,49,307,3528,128,144,1393,3.067265124991536,results/stage6_v1/legacy_b3/adaptive/cache/9853a75f1a0a54623ceac1cf6bbc02b7196981d836b7a2ff5d5be71ad4694e7a.npz
n12,12,0.763,0.515,antiphase_band,C0,631,False,9.3533468330279,4905,10944,0.5449591228914031,0.2969804456225674,0.9999999999999973,0.0,0.7035298891951951,0.0,-10.413652351933584,-10.528756468143113,0.00959200968412747,0.07484716649382822,0.022031263311115518,0.0029251630341854407,0.8307146173013505,False,False,False,False,results/stage6_v1/reference_atlas/cache/77835c64d22bc5941480d51b172249abf17ad94435b404a8123576682a6856f5.npz,physical,plus,budget,True,True,True,False,60,328,4320,128,102,1861,4.066505208029412,results/stage6_v1/domain_wall_candidates/cache/406b3e8b29ff6975a531a0f8f7faef6e31d0377333fe6749a82982e4836679bb.npz
n12,12,0.763,0.515,antiphase_band,C1,631,False,38.861132624035235,20358,11808,0.5292547589121985,0.2801105998312094,0.9999999999999951,0.0,0.7147612928782647,0.0,-10.418160395135004,-10.528756468143113,0.00921633941734242,0.07324947433494122,0.021816339859025896,0.0017859101196037175,0.8359551975834197,False,False,False,False,results/stage6_v1/reference_atlas/cache/77835c64d22bc5941480d51b172249abf17ad94435b404a8123576682a6856f5.npz,physical,plus,budget,True,True,True,False,60,328,4320,128,94,7067,14.683800583006814,results/stage6_v1/domain_wall_candidates/cache/649ffe18f1fe9de8505cb4b51cce4ab196f1f746170e17891f044ba53642be26.npz
n12,12,0.763,0.515,antiphase_band,H6,631,False,9.3533468330279,4905,10944,0.5449591228914031,0.2969804456225674,0.9999999999999973,0.0,0.7035298891951951,0.0,-10.413652351933584,-10.528756468143113,0.00959200968412747,0.07484716649382822,0.022031263311115518,0.0029251630341854407,0.8307146173013505,False,False,False,False,results/stage6_v1/reference_atlas/cache/77835c64d22bc5941480d51b172249abf17ad94435b404a8123576682a6856f5.npz,physical,plus,budget,True,True,True,False,60,328,4320,128,102,1861,4.066505208029412,results/stage6_v1/domain_wall_candidates/cache/406b3e8b29ff6975a531a0f8f7faef6e31d0377333fe6749a82982e4836679bb.npz
n12,12,0.763,0.515,antiphase_band,B3,631,False,15.317330375954043,6693,11952,0.5350134207743671,0.28623936040868997,0.9999999999999961,0.0,0.7097861815002293,0.0,-10.41519135243943,-10.528756468143113,0.009463759641973546,0.07607164947240014,0.022558977986514295,0.002941749244303793,0.8337164005302705,False,False,False,False,results/stage6_v1/reference_atlas/cache/77835c64d22bc5941480d51b172249abf17ad94435b404a8123576682a6856f5.npz,physical,plus,budget,True,True,True,False,61,329,4392,128,81,2144,5.791484166984446,results/stage6_v1/legacy_b3/adaptive/cache/72f8c0e2b88cba2f9116a105fa1cc9ec270227b51cf6a3e214c18d02fb525941.npz
n12,12,0.863,0.235,antiphase_band,C0,631,True,12.701115416013636,6283,11520,0.061676992482527435,0.003804051401689746,0.999999999999999,0.0,0.9997529260092255,0.0,-10.548859954788647,-10.550018285260832,9.652753934874525e-05,0.0006451070492784483,0.00023312097274308385,0.0018168559993373967,0.9996110631480959,True,True,True,False,results/stage6_v1/reference_atlas/cache/d215162ff42e177fba872d39e28319d865d7569235115ef024b8fe9c85e9cf7c.npz,physical,antiphase,budget,True,True,True,True,49,307,3528,128,135,1034,2.0431716250022873,results/stage6_v1/domain_wall_candidates/cache/19fde800bbcbf9fa604d58e4dadd1a63641a9ad7caa202f789f0b22db4d5eb03.npz
n12,12,0.863,0.235,antiphase_band,C1,631,True,43.931521584047005,22931,11160,0.04445401134733163,0.0019761591248686895,0.9999999999999948,0.0,3.7284712731739754e-05,0.0,-10.54933060548875,-10.550018285260832,5.730664767344962e-05,0.000478002648383935,0.0001657794393298273,0.0011925427479521078,0.4999280605035528,True,False,False,False,results/stage6_v1/reference_atlas/cache/d215162ff42e177fba872d39e28319d865d7569235115ef024b8fe9c85e9cf7c.npz,physical,plus,budget,False,False,True,False,53,321,3816,128,85,7746,15.5033130000229,results/stage6_v1/domain_wall_candidates/cache/9d10398d63df09503c644454e593c4651f398b681ec4d1dfed2caf30bb90f162.npz
n12,12,0.863,0.235,antiphase_band,H6,631,True,12.701115416013636,6283,11520,0.061676992482527435,0.003804051401689746,0.999999999999999,0.0,0.9997529260092255,0.0,-10.548859954788647,-10.550018285260832,9.652753934874525e-05,0.0006451070492784483,0.00023312097274308385,0.0018168559993373967,0.9996110631480959,True,True,True,False,results/stage6_v1/reference_atlas/cache/d215162ff42e177fba872d39e28319d865d7569235115ef024b8fe9c85e9cf7c.npz,physical,antiphase,budget,True,True,True,True,49,307,3528,128,135,1034,2.0431716250022873,results/stage6_v1/domain_wall_candidates/cache/19fde800bbcbf9fa604d58e4dadd1a63641a9ad7caa202f789f0b22db4d5eb03.npz
n12,12,0.863,0.235,antiphase_band,B3,631,True,18.62628629099345,8558,11520,0.0645764351647,0.004170115978580704,1.0,0.0,0.999835561556957,0.0,-10.548706001300133,-10.550018285260832,0.00010935699672491121,0.0007507025428283853,0.00026438531358063955,0.0020465651329015233,0.9995544178602891,True,True,True,False,results/stage6_v1/reference_atlas/cache/d215162ff42e177fba872d39e28319d865d7569235115ef024b8fe9c85e9cf7c.npz,physical,antiphase,budget,True,True,True,True,48,306,3456,128,125,936,2.1402145419851877,results/stage6_v1/legacy_b3/adaptive/cache/08d6fd7e95b035b07bd3c929bd8e9bb9e1d4c2b071d6d601e4574cb5b12847a5.npz
n12,12,0.863,0.375,antiphase_band,C0,631,True,12.035513959010132,5906,11592,0.06645049636569479,0.004415668467247217,0.9999999999999996,0.0,0.0014354741181935586,0.0,-10.856589473175013,-10.861202041476368,0.00038438069177952155,0.004927035503677235,0.00170506342439819,0.006682750844488883,0.5002120931833743,True,False,False,False,results/stage6_v1/reference_atlas/cache/980848b6304b810f5a50aa342f6f819bbdd6eb169d19c20fb3a3b3c4c48e2ff8.npz,physical,ghz,budget,False,False,True,False,54,298,3888,127,99,3138,6.556327458994929,results/stage6_v1/domain_wall_candidates/cache/de3a34fab71dc2fe6592b82e492c38981f84b2033d9f644089202ba7d64c28e4.npz
n12,12,0.863,0.375,antiphase_band,C1,631,True,33.41424258297775,18514,11304,0.1860291552748832,0.03460684661228661,1.0000000000000007,0.0,0.9992493054313676,0.0,-10.849908566001963,-10.861202041476368,0.0009411229562004131,0.00735351168011944,0.0026146164732729904,0.011617597384184664,0.9952937720454623,True,True,True,False,results/stage6_v1/reference_atlas/cache/980848b6304b810f5a50aa342f6f819bbdd6eb169d19c20fb3a3b3c4c48e2ff8.npz,physical,antiphase,budget,True,True,True,True,49,307,3528,128,135,4361,7.4405208340031095,results/stage6_v1/domain_wall_candidates/cache/2d578622dfa43e6d95c749deff99e1442957d9f7d98edaa7dc68df0fb7027e1b.npz
n12,12,0.863,0.375,antiphase_band,H6,631,True,12.035513959010132,5906,11592,0.06645049636569479,0.004415668467247217,0.9999999999999996,0.0,0.0014354741181935586,0.0,-10.856589473175013,-10.861202041476368,0.00038438069177952155,0.004927035503677235,0.00170506342439819,0.006682750844488883,0.5002120931833743,True,False,False,False,results/stage6_v1/reference_atlas/cache/980848b6304b810f5a50aa342f6f819bbdd6eb169d19c20fb3a3b3c4c48e2ff8.npz,physical,ghz,budget,False,False,True,False,54,298,3888,127,99,3138,6.556327458994929,results/stage6_v1/domain_wall_candidates/cache/de3a34fab71dc2fe6592b82e492c38981f84b2033d9f644089202ba7d64c28e4.npz
n12,12,0.863,0.375,antiphase_band,B3,631,True,17.400809750019107,7788,11808,0.1115550706114725,0.012444533779130617,0.9999999999999987,0.0,0.999362998288821,0.0,-10.85723710672153,-10.861202041476368,0.0003304112295697455,0.00444927030422404,0.0015046729158099126,0.005032580437670131,0.9981842572049733,True,True,True,False,results/stage6_v1/reference_atlas/cache/980848b6304b810f5a50aa342f6f819bbdd6eb169d19c20fb3a3b3c4c48e2ff8.npz,physical,antiphase,budget,True,True,True,True,51,309,3672,128,136,1404,3.2412358750007115,results/stage6_v1/legacy_b3/adaptive/cache/973594e0266c9a1e1557fb6fe275281fedcc29498e2e47b9eba7dee44131326f.npz
n12,12,0.863,0.515,antiphase_band,C0,631,False,7.805373583978508,4084,10728,0.2815605389861941,0.07927633711419613,1.0000000000000004,0.0,0.9962820132847562,0.0,-11.330436346488742,-11.362220055728608,0.002648642436655487,0.06420084826643113,0.02063976423006647,0.038298063406937866,0.9687163820610086,False,False,False,False,results/stage6_v1/reference_atlas/cache/af7cc5cdfbbce8040849a737268a3a0da35357edae9f02421205ee2f420eac68.npz,physical,antiphase,budget,True,True,True,False,49,307,3528,128,106,1542,2.8669137500110082,results/stage6_v1/domain_wall_candidates/cache/ab091471ae21a7decd3f9b4c78fa6a310c219d3a9ed10ef1587b6a00c8bc5717.npz
n12,12,0.863,0.515,antiphase_band,C1,631,False,40.804732832999434,21573,11520,0.2592789515472546,0.0672255747154436,0.9999999999999997,0.0,0.9974545426366239,0.0,-11.333520883211234,-11.362220055728608,0.0023915977097811827,0.06341029720739189,0.02039850058068604,0.035597008569685284,0.9696085952464762,False,False,False,False,results/stage6_v1/reference_atlas/cache/af7cc5cdfbbce8040849a737268a3a0da35357edae9f02421205ee2f420eac68.npz,physical,antiphase,budget,True,True,True,False,50,308,3600,128,140,6017,10.843547875003424,results/stage6_v1/domain_wall_candidates/cache/c4ddb3006771d813b04ed7e176f1d7079540a4faf3266bb4c0ebb8288e9b31a2.npz
n12,12,0.863,0.515,antiphase_band,H6,631,False,7.805373583978508,4084,10728,0.2815605389861941,0.07927633711419613,1.0000000000000004,0.0,0.9962820132847562,0.0,-11.330436346488742,-11.362220055728608,0.002648642436655487,0.06420084826643113,0.02063976423006647,0.038298063406937866,0.9687163820610086,False,False,False,False,results/stage6_v1/reference_atlas/cache/af7cc5cdfbbce8040849a737268a3a0da35357edae9f02421205ee2f420eac68.npz,physical,antiphase,budget,True,True,True,False,49,307,3528,128,106,1542,2.8669137500110082,results/stage6_v1/domain_wall_candidates/cache/ab091471ae21a7decd3f9b4c78fa6a310c219d3a9ed10ef1587b6a00c8bc5717.npz
n12,12,0.863,0.515,antiphase_band,B3,631,False,18.396387166983914,8038,11592,0.22258983751167366,0.049546235763473286,0.9999999999999947,0.0,0.999009544017428,0.0,-11.338917048511787,-11.362220055728608,0.0019419172680684345,0.058623176719799774,0.01872006318982289,0.03095706440920082,0.9732448642796453,False,False,False,False,results/stage6_v1/reference_atlas/cache/af7cc5cdfbbce8040849a737268a3a0da35357edae9f02421205ee2f420eac68.npz,physical,antiphase,budget,True,True,True,False,50,308,3600,128,89,1467,3.587938332988415,results/stage6_v1/legacy_b3/adaptive/cache/be8e31f62944f08685568b48627e048372f565d6cd8bb3f67deeb57931b04fba.npz
n12,12,0.883,0.085,interior,C0,631,True,18.250617665995378,9427,10512,0.005117715304671758,2.619100993967155e-05,0.999999999999989,0.0,7.284432818008639e-08,0.0,-10.620567406043683,-10.620575106126278,6.416735495543927e-07,4.490333142870284e-06,1.509116176467984e-06,3.137258666144338e-05,0.4999989689729853,True,False,False,False,results/stage6_v1/reference_atlas/cache/49193cba37adb459f6c4bedba3b324c45f679d04f008fe2092fd1088841a4172.npz,physical,plus,budget,True,True,True,False,34,238,3240,96,80,825,1.3715464160195552,results/stage6_v1/domain_wall_candidates/cache/28c4a306fa9d44b6248a18d4caf47fb5d7aac83bad6eb567a514f7ecb0627734.npz
n12,12,0.883,0.085,interior,C1,631,True,33.43274762498913,18896,10584,0.005485404705729803,3.0089664785642665e-05,0.9999999999999917,0.0,7.828046227176534e-08,0.0,-10.620566265587762,-10.620575106126278,7.367115430293817e-07,5.129952848070829e-06,1.7201005946820835e-06,3.577132736887895e-05,0.49999880093486776,True,False,False,False,results/stage6_v1/reference_atlas/cache/49193cba37adb459f6c4bedba3b324c45f679d04f008fe2092fd1088841a4172.npz,physical,plus,budget,True,True,True,False,33,237,3240,96,96,2660,4.022017500014044,results/stage6_v1/domain_wall_candidates/cache/62c0f4b36b36fa4a11e483d117009d08f5a93903177018d92198def3706b08a0.npz
n12,12,0.883,0.085,interior,H6,631,True,18.250617665995378,9427,10512,0.005117715304671758,2.619100993967155e-05,0.999999999999989,0.0,7.284432818008639e-08,0.0,-10.620567406043683,-10.620575106126278,6.416735495543927e-07,4.490333142870284e-06,1.509116176467984e-06,3.137258666144338e-05,0.4999989689729853,True,False,False,False,results/stage6_v1/reference_atlas/cache/49193cba37adb459f6c4bedba3b324c45f679d04f008fe2092fd1088841a4172.npz,physical,plus,budget,True,True,True,False,34,238,3240,96,80,825,1.3715464160195552,results/stage6_v1/domain_wall_candidates/cache/28c4a306fa9d44b6248a18d4caf47fb5d7aac83bad6eb567a514f7ecb0627734.npz
n12,12,0.883,0.085,interior,B3,631,True,28.88282275001984,11543,9000,0.011124108750220688,0.0001237457954867365,1.0000000000000007,0.0,0.9999986527929315,0.0,-10.620544580584713,-10.620575106126278,2.5437951303904547e-06,1.5566170949776748e-05,5.969978335851334e-06,0.00012073896215628044,0.9999913136309291,True,True,True,False,results/stage6_v1/reference_atlas/cache/49193cba37adb459f6c4bedba3b324c45f679d04f008fe2092fd1088841a4172.npz,physical,antiphase,energy_stagnation,True,True,True,True,18,112,1296,46,39,171,0.31201891700038686,results/stage6_v1/legacy_b3/adaptive/cache/aa3c78ec9c2ac1c7938526c7cc873d4d09a568643c47d42e3f8b7c10847f57b6.npz
n12,12,0.883,1.675,interior,C0,631,False,21.666501166007947,9666,12312,0.381201906021356,0.14531489315431473,0.9999999999999981,0.0,0.9987530927539214,0.0,-22.40990332759872,-22.42430575647105,0.00120020240602751,0.01121798244245362,0.0039013887324578778,0.0023821968308097574,0.9982324921003468,False,True,False,False,results/stage6_v1/reference_atlas/cache/c3e664ea7fa921e58b7075b838ba62288062b1549dea638b495a05f645bfa4aa.npz,physical,plus,budget,True,True,True,False,61,329,4392,128,86,5431,12.731358207995072,results/stage6_v1/domain_wall_candidates/cache/11bd9698ca764c52b978b3ff69276098ea263de3a89a314db4868f4b2e24eede.npz
n12,12,0.883,1.675,interior,C1,631,True,52.948256792034954,26374,12600,0.3307018971370945,0.10936374477007345,0.9999999999999968,0.0,0.9990774640222408,0.0,-22.413857243315853,-22.42430575647105,0.0008707094295997327,0.007724149746877761,0.002136839318153061,0.0018875371052297085,0.9987528312863511,True,True,True,False,results/stage6_v1/reference_atlas/cache/c3e664ea7fa921e58b7075b838ba62288062b1549dea638b495a05f645bfa4aa.npz,physical,plus,budget,True,True,True,True,62,330,4464,128,112,11237,24.303963166021276,results/stage6_v1/domain_wall_candidates/cache/72b6ef9c6c308411800d654b521a80092675f9fd91b21fcb823c9b03fc8829f7.npz
n12,12,0.883,1.675,interior,H6,631,False,21.666501166007947,9666,12312,0.381201906021356,0.14531489315431473,0.9999999999999981,0.0,0.9987530927539214,0.0,-22.40990332759872,-22.42430575647105,0.00120020240602751,0.01121798244245362,0.0039013887324578778,0.0023821968308097574,0.9982324921003468,False,True,False,False,results/stage6_v1/reference_atlas/cache/c3e664ea7fa921e58b7075b838ba62288062b1549dea638b495a05f645bfa4aa.npz,physical,plus,budget,True,True,True,False,61,329,4392,128,86,5431,12.731358207995072,results/stage6_v1/domain_wall_candidates/cache/11bd9698ca764c52b978b3ff69276098ea263de3a89a314db4868f4b2e24eede.npz
n12,12,0.883,1.675,interior,B3,631,True,36.46521516703069,12952,12456,0.3202125009282317,0.1025360457507128,1.0,0.0,0.99921628104582,0.0,-22.414681338768176,-22.42430575647105,0.0008020348085728083,0.008609605812270823,0.0028649853632816136,0.0017886546562619898,0.9988846962744184,True,True,True,False,results/stage6_v1/reference_atlas/cache/c3e664ea7fa921e58b7075b838ba62288062b1549dea638b495a05f645bfa4aa.npz,physical,plus,budget,True,True,True,True,61,329,4392,128,92,7358,21.945195250038523,results/stage6_v1/legacy_b3/adaptive/cache/f69843236c3115877d3682a13353173b4843e6960b6d5452f01130848f6b6b73.npz
n12,12,0.963,0.235,antiphase_band,C0,631,True,6.466002373897936,3455,10440,0.014956520530060273,0.00022369750636611443,1.0,0.0,4.654289024933674e-05,0.0,-11.729144580962902,-11.729285141349523,1.1713365551724308e-05,0.00010109196674346066,3.5171424305868726e-05,0.0003027834788309758,0.5000174846855591,True,False,False,False,results/stage6_v1/reference_atlas/cache/caedb1546f3aa0e88de1f21b646ddd3a5b14c41d5b56b523f31830ee5c2a430e.npz,physical,ghz,budget,True,True,True,False,41,285,2952,127,97,883,1.4005431659752503,results/stage6_v1/domain_wall_candidates/cache/d6e423585b9098c16160afb3e47ed2a9fc091754335f00b86045d0f0205cccea.npz
n12,12,0.963,0.235,antiphase_band,C1,631,True,36.486802500032354,19829,11232,0.047437601527094274,0.002250326038643377,1.0000000000000004,0.0,0.9998793608552625,0.0,-11.728713849915994,-11.729285141349523,4.760761946072852e-05,0.000252038134140653,9.265682986930868e-05,0.0008625583193542091,0.9998430502746901,True,True,True,False,results/stage6_v1/reference_atlas/cache/caedb1546f3aa0e88de1f21b646ddd3a5b14c41d5b56b523f31830ee5c2a430e.npz,physical,antiphase,budget,True,True,True,True,50,308,3600,128,142,3466,5.792724624974653,results/stage6_v1/domain_wall_candidates/cache/c6022a6395e1bb04be4f47b2e7b32fdddf01cffae35c973d8b3669ea9dad2c9b.npz
n12,12,0.963,0.235,antiphase_band,H6,631,True,6.466002373897936,3455,10440,0.014956520530060273,0.00022369750636611443,1.0,0.0,4.654289024933674e-05,0.0,-11.729144580962902,-11.729285141349523,1.1713365551724308e-05,0.00010109196674346066,3.5171424305868726e-05,0.0003027834788309758,0.5000174846855591,True,False,False,False,results/stage6_v1/reference_atlas/cache/caedb1546f3aa0e88de1f21b646ddd3a5b14c41d5b56b523f31830ee5c2a430e.npz,physical,ghz,budget,True,True,True,False,41,285,2952,127,97,883,1.4005431659752503,results/stage6_v1/domain_wall_candidates/cache/d6e423585b9098c16160afb3e47ed2a9fc091754335f00b86045d0f0205cccea.npz
n12,12,0.963,0.235,antiphase_band,B3,631,True,15.565747250977438,7042,10728,0.06850235032810825,0.004692572000474873,0.9999999999999982,0.0,0.999848455223123,0.0,-11.728187388060888,-11.729285141349523,9.147944071955887e-05,0.000517513062210817,0.00019540025434744424,0.001641755875691292,0.9996998314054197,True,True,True,False,results/stage6_v1/reference_atlas/cache/caedb1546f3aa0e88de1f21b646ddd3a5b14c41d5b56b523f31830ee5c2a430e.npz,physical,antiphase,budget,True,True,True,True,25,155,3528,64,59,935,2.0198750420240685,results/stage6_v1/legacy_b3/adaptive/cache/17f97122673484c6c8575adc29bfc2cac28d2a76931517494aa454647663e55a.npz
n12,12,0.963,0.375,antiphase_band,C0,631,True,6.41210354102077,3493,10224,0.09290249077010079,0.008630872791288663,0.9999999999999984,0.0,0.9997926952898019,0.0,-12.001571634236011,-12.003586708079752,0.00016792282031167596,0.001521526898921044,0.0005233135753885954,0.002449166415285059,0.999409462309358,True,True,True,False,results/stage6_v1/reference_atlas/cache/c855fd43acf08456f8572948d1626abbe88eadcc8ef15df9c4038a25c7969da3.npz,physical,antiphase,budget,True,True,True,True,49,307,3528,128,126,1412,2.647385750024114,results/stage6_v1/domain_wall_candidates/cache/bc2c5cca36d2a529bee6557e1ce4da379e04ae94460142eed4be81b37e76c4ce.npz
n12,12,0.963,0.375,antiphase_band,C1,631,True,31.144355374970473,17151,10728,0.09151836028925384,0.008375610270033673,1.0000000000000018,0.0,0.9998108372134267,0.0,-12.001697117439859,-12.003586708079752,0.0001574658866577335,0.0015272079568280361,0.0005157538525945027,0.0022942283938802155,0.9994439180630078,True,True,True,False,results/stage6_v1/reference_atlas/cache/c855fd43acf08456f8572948d1626abbe88eadcc8ef15df9c4038a25c7969da3.npz,physical,antiphase,budget,True,True,True,True,49,307,3528,128,106,4317,7.638560542021878,results/stage6_v1/domain_wall_candidates/cache/9c982be1ae438f7133332285cd0d8b28edbfab065154d9def6bd2e3da9d71c89.npz
n12,12,0.963,0.375,antiphase_band,H6,631,True,6.41210354102077,3493,10224,0.09290249077010079,0.008630872791288663,0.9999999999999984,0.0,0.9997926952898019,0.0,-12.001571634236011,-12.003586708079752,0.00016792282031167596,0.001521526898921044,0.0005233135753885954,0.002449166415285059,0.999409462309358,True,True,True,False,results/stage6_v1/reference_atlas/cache/c855fd43acf08456f8572948d1626abbe88eadcc8ef15df9c4038a25c7969da3.npz,physical,antiphase,budget,True,True,True,True,49,307,3528,128,126,1412,2.647385750024114,results/stage6_v1/domain_wall_candidates/cache/bc2c5cca36d2a529bee6557e1ce4da379e04ae94460142eed4be81b37e76c4ce.npz
n12,12,0.963,0.375,antiphase_band,B3,631,True,15.680119375931099,6677,11232,0.034113216827275035,0.0011637115623046807,1.000000000000001,0.0,0.0009542849752414587,0.0,-12.001568688154558,-12.003586708079752,0.0001681683270994642,0.0015578364353437957,0.0005352032377911042,0.002783536849862822,0.5004067063829754,True,False,False,False,results/stage6_v1/reference_atlas/cache/c855fd43acf08456f8572948d1626abbe88eadcc8ef15df9c4038a25c7969da3.npz,physical,ghz,budget,False,False,True,False,54,298,3888,127,102,4170,9.522299624979496,results/stage6_v1/legacy_b3/adaptive/cache/1659393db6cb5dafdff0b20ab84e68c6f3e12e254d35c47f80d517734c976181.npz
n12,12,0.963,0.515,antiphase_band,C0,631,False,6.812529791961424,3821,10224,0.2194538306256392,0.048159983776266735,1.0000000000000009,0.0,0.9981507944557725,0.0,-12.411967285053446,-12.424854445986165,0.0010739300777265666,0.012518863254478707,0.004132462648496593,0.01232325224977987,0.994694784565503,False,True,False,False,results/stage6_v1/reference_atlas/cache/31eb65ec8039cc10762b1ec386aa826b432e69a28325bff1e957183b38bf663e.npz,physical,antiphase,budget,True,True,True,False,49,307,3528,128,114,1684,3.0421451670117676,results/stage6_v1/domain_wall_candidates/cache/cf3c56feb73f087c2182f8cd50d6b279327b491ed65124cb3710890224050314.npz
n12,12,0.963,0.515,antiphase_band,C1,631,True,33.31224366603419,18608,10944,0.19087303680387174,0.03643251617873218,1.000000000000001,0.0,0.9987311219288617,0.0,-12.415155001875274,-12.424854445986165,0.00080828700924096,0.010590722774384664,0.0034291725044863774,0.00940801260076174,0.9959373499836772,True,True,True,False,results/stage6_v1/reference_atlas/cache/31eb65ec8039cc10762b1ec386aa826b432e69a28325bff1e957183b38bf663e.npz,physical,antiphase,budget,True,True,True,True,50,308,3600,128,108,5541,9.614260666014161,results/stage6_v1/domain_wall_candidates/cache/0728f643100359868f14478079da7114a7becac15187193e94a45a2089b94eb8.npz
n12,12,0.963,0.515,antiphase_band,H6,631,False,6.812529791961424,3821,10224,0.2194538306256392,0.048159983776266735,1.0000000000000009,0.0,0.9981507944557725,0.0,-12.411967285053446,-12.424854445986165,0.0010739300777265666,0.012518863254478707,0.004132462648496593,0.01232325224977987,0.994694784565503,False,True,False,False,results/stage6_v1/reference_atlas/cache/31eb65ec8039cc10762b1ec386aa826b432e69a28325bff1e957183b38bf663e.npz,physical,antiphase,budget,True,True,True,False,49,307,3528,128,114,1684,3.0421451670117676,results/stage6_v1/domain_wall_candidates/cache/cf3c56feb73f087c2182f8cd50d6b279327b491ed65124cb3710890224050314.npz
n12,12,0.963,0.515,antiphase_band,B3,631,True,7.974960041989107,3851,10728,0.1454684768176109,0.0211610777476358,0.9999999999999986,0.0,0.9993590557776996,0.0,-12.41867966064589,-12.424854445986165,0.0005145654450230038,0.008708193113445062,0.0028372331749003665,0.006541276763734671,0.9970637617491265,True,True,True,False,results/stage6_v1/reference_atlas/cache/31eb65ec8039cc10762b1ec386aa826b432e69a28325bff1e957183b38bf663e.npz,physical,plus,budget,True,True,True,True,57,325,4104,128,113,1133,2.683825458982028,results/stage6_v1/legacy_b3/adaptive/cache/1c9d5b7635cb7a0cfaa71466bd3cfe4d035d6a5b3d28cc8928d18a0ea73c3013.npz
