kappa,h,layers,p,energy,mx,fidelity_ed,trace_real,trace_imag,hermiticity_error,min_eigenvalue,max_eigenvalue,purity,r_mix,d_mix,cnot_count,depth,target_counts,params_sha256,preparation_failed,diagnostic_uncertain,noise_degraded,branch_sensitive,numerical_error,diagnostic,epsilon_c_total,epsilon_sf_total,epsilon_mx_total,epsilon_c_noise,epsilon_sf_noise,epsilon_mx_noise,evolution_seconds,postprocess_seconds,source_optimization,group_first_evaluated,created_utc,end_to_end_seconds,archive_sha256,cache_status,archive
0,0.2,2,0,-6.431770634858216,0.3756432678544891,0.5790986127595287,0.9999999999999989,-5.003169509546976e-17,2.359479019930958e-17,-4.631752441957346e-16,0.9999999999999996,0.9999999999999974,0.9999999999999974,0.9960937499999998,64,75,"[8, 8, 8, 8, 8, 8, 8, 8]",92edd5ff02b3e54fb922236d3f3453b3a356087c0a71568552a2f7f1b6e1f6e8,True,True,False,False,False,uncertain,0.5503406007753585,0.36804307153575644,0.27513298286548715,1.1102230246251565e-15,6.661338147750939e-16,3.3306690738754696e-16,0.018203875020844862,0.06396266599767841,B_p0_L2_s211,B,2026-09-22T04:24:58.047763+00:00,0.09536320800543763,d7f17bf5c74bf5953a1a08ab2d911f22d36c158ae42db14f447f83fb77cf8e75,executed,results/stage3_v1/density_cache/9f20f308a9df7e8e254f4704e089eb856dfa543daf50efc4789805ed6d8246bb.npz
0,0.2,2,0.01,-5.0944181033091205,0.33575256571072537,0.34950375033186176,0.9999999999999988,-2.3445871979999033e-18,2.1174998587429782e-17,6.4789995180586014e-06,0.604449955778139,0.36977331567895133,0.36730183848553544,0.8094146092892088,64,75,"[8, 8, 8, 8, 8, 8, 8, 8]",92edd5ff02b3e54fb922236d3f3453b3a356087c0a71568552a2f7f1b6e1f6e8,True,True,False,False,False,uncertain,0.6818663108457235,0.4925982793196767,0.23524228072172343,0.15919092601488494,0.12455520778392093,0.039890702143764056,0.04001604099175893,0.009754625003552064,B_p0_L2_s211,B,2026-09-22T04:24:58.111280+00:00,0.07506637502228841,2c3ee171e5f422a02bc9f6a5d0bd0bdbc9291738262b95f6967ab44dcf4f32d4,executed,results/stage3_v1/density_cache/d2d4499d359a9bf2224c578be8a4b97cb8f638e59a28d25293de981491a26580.npz
0,0.2,2,0.05,-2.0148536855631756,0.19124414531105896,0.053663832941827166,0.9999999999999969,-1.3254371558635292e-17,4.119968255444917e-18,0.0003924333728339333,0.0895555172355631,0.015014189529075607,0.011151500076248452,0.37918070336334253,64,75,"[8, 8, 8, 8, 8, 8, 8, 8]",92edd5ff02b3e54fb922236d3f3453b3a356087c0a71568552a2f7f1b6e1f6e8,True,False,True,False,False,degraded,0.9171382757072161,0.7440071844053349,0.090733860322057,0.5152347941531948,0.3759641128695791,0.18439912254343047,0.04121679099625908,0.009926792001351714,B_p0_L2_s211,B,2026-09-22T04:24:58.188694+00:00,0.07433008300722577,fae87f01974433067ecbd3971bb0e3d7f841ea634c88eddf11b8165b0d81588f,executed,results/stage3_v1/density_cache/8cb30ebf465d0e43dc5c6feb0353a07066adc19a37cb4017df1e9b8d9f1d21b3.npz
0,0.2,4,0,-8.004495837419684,0.10923143923052919,0.9882632659593481,0.9999999999999977,-4.65834239671975e-17,7.806255641895632e-17,-8.344081051570463e-16,0.9999999999999991,0.9999999999999978,0.9999999999999978,0.9960937500000002,128,149,"[16, 16, 16, 16, 16, 16, 16, 16]",7f57029d113ef161a5fe0e5a4aa39d20cbc82a950fec30a10e2d10883ff19ee7,True,False,False,False,False,ferro_like,0.016500989375514585,0.012440301522449126,0.008721154241527238,3.3306690738754696e-15,2.7755575615628914e-15,2.7755575615628914e-16,0.03465350001351908,0.011919417011085898,B_p0_L4_s307,B,2026-09-22T04:24:58.261226+00:00,0.06125970900757238,952e7306af5af08497a9c956a43a963107e074933aa557288aa661762e443a65,executed,results/stage3_v1/density_cache/ec09b8f314dfa93fe381b03f2814195d60bceba409cffe055a3d016e8273b0e8.npz
0,0.2,4,0.01,-4.503486087776048,0.20928970964982613,0.3622232854826274,0.9999999999999979,3.876022766635678e-18,1.6135318057606433e-17,4.7201029751761734e-05,0.3667572296417776,0.14216009031111443,0.13879601223390312,0.667359039519403,128,149,"[16, 16, 16, 16, 16, 16, 16, 16]",7f57029d113ef161a5fe0e5a4aa39d20cbc82a950fec30a10e2d10883ff19ee7,True,True,False,False,False,uncertain,0.5566278746147719,0.43909040737478866,0.10877942466082417,0.54012688523926,0.4266501058523423,0.10005827041929666,0.08113633299944922,0.011428750003688037,B_p0_L4_s307,B,2026-09-22T04:24:58.369109+00:00,0.11737029202049598,a8f176661184d7ab169dc45c42283e4ea5bf7f283ac9c346def4d671f5af1154,executed,results/stage3_v1/density_cache/7a5bce524f103659d0ffa2de5f8b16a0816630720355e1d0eef86fba74078377.npz
0,0.2,4,0.05,-0.6181120351418781,0.08562268190331578,0.014102035480769506,0.9999999999999933,-5.068645156369733e-18,1.2739375526704677e-18,0.0016336240644554546,0.014455558570312017,0.004553810528835859,0.0006500999818901172,0.14628432087421572,128,149,"[16, 16, 16, 16, 16, 16, 16, 16]",7f57029d113ef161a5fe0e5a4aa39d20cbc82a950fec30a10e2d10883ff19ee7,True,False,True,False,False,degraded,0.9722153585914723,0.8260247125252729,0.01488760308568618,0.9557143692159604,0.8135844110028265,0.023608757327213695,0.08063687500543892,0.011181707988725975,B_p0_L4_s307,B,2026-09-22T04:24:58.487016+00:00,0.11804720800137147,f12cedd53377b98cf1c86379e34ac377b205ab3b3e56940fa3aa29d01c964a16,executed,results/stage3_v1/density_cache/db16551b2556bf7f050f5498b0a5214a7fa3a93f32bed62db832f6f5776de7d7.npz
0,0.2,6,0,-8.080202559107962,0.10051039426547584,0.9999999999994015,1.000000000000001,3.766512749269847e-17,5.1354229045915255e-17,-8.169636455648095e-16,1.000000000000001,1.0000000000000013,1.0000000000000013,0.9960937500000007,192,223,"[24, 24, 24, 24, 24, 24, 24, 24]",401782718bf493d5639731569cd17e7181df2015b0ac7e12b57c7aad9d6166f9,False,False,False,False,False,ferro_like,2.7681606340479448e-08,2.1963990293194513e-08,1.0927647388359052e-07,8.881784197001252e-16,6.661338147750939e-16,9.71445146547012e-17,0.05006075001438148,0.013139375019818544,B_p0_L6_s211,B,2026-09-22T04:24:58.579449+00:00,0.08125058398582041,56b0662635786304e39872b437ffb3d2ce0cf50a4afec844e67fc16096427812,executed,results/stage3_v1/density_cache/c1d38f7085fa4149ffb2b16978f63f94a5cd5f061ab4946b1d96fe7d4ff110a3.npz
0,0.2,6,0.01,-3.3305091186082665,0.10759897607307763,0.18049737041779734,0.9999999999999998,3.363059613778474e-17,9.69739903612216e-18,0.00040034268574643477,0.180952419511139,0.03892792057028931,0.035159010454878674,0.4513337575485294,192,223,"[24, 24, 24, 24, 24, 24, 24, 24]",401782718bf493d5639731569cd17e7181df2015b0ac7e12b57c7aad9d6166f9,False,False,True,False,False,degraded,0.7675629207417602,0.610148873022968,0.007088691084075671,0.7675628936078838,0.6101488510589772,0.007088581807601885,0.11950508301379159,0.01248099998338148,B_p0_L6_s211,B,2026-09-22T04:24:58.729837+00:00,0.15902200000709854,22f3648e5932a3c7294bfe4db487479d07b5e39671daf3d169a405fbfcaa15ae,executed,results/stage3_v1/density_cache/3e553fd778ae29635d54878fc68ed6798481608995e215ef2685265861e9c0cc.npz
0,0.2,6,0.05,-0.13922374897743353,0.013860024870063627,0.004634729940168751,0.9999999999999925,-2.3107058801097313e-18,4.355825238257497e-19,0.0033663083129023296,0.0047604388867632345,0.003921795633437204,1.5606596705585414e-05,0.025218430410878342,192,223,"[24, 24, 24, 24, 24, 24, 24, 24]",401782718bf493d5639731569cd17e7181df2015b0ac7e12b57c7aad9d6166f9,False,False,True,False,False,degraded,0.989232821619577,0.861614035694818,0.08665026011893832,0.9892327944857006,0.861614013730827,0.08665036939541211,0.12322833298821934,0.012539040995761752,B_p0_L6_s211,B,2026-09-22T04:24:58.893833+00:00,0.16411620800499804,12077dce04a742ca1d1aea0dc789366ccdd6f8e5755b0a1f535976c16703fece,executed,results/stage3_v1/density_cache/b8832d74cb2cd78a41f3593122225ac8f99912e5fa18e8a37921e620a2ccbc1a.npz
0,1.8,2,0,-15.532674243886555,0.9186742302995848,0.9992632662926739,0.9999999999999998,-5.4752209710517974e-18,1.2329433460152911e-17,-6.001399854724379e-16,0.9999999999999992,0.9999999999999992,0.9999999999999992,0.9960937499999998,64,75,"[8, 8, 8, 8, 8, 8, 8, 8]",23ba6f443aaa7da223f8c802b818043c6b7d7b6858366223e2242e470736608a,False,False,False,False,False,paramagnetic_like,0.0074911582355644685,0.004179863857371846,0.0023479377720486694,1.1102230246251565e-16,2.7755575615628914e-17,1.1102230246251565e-16,0.017943874991033226,0.010763166996184736,B_p1_L2_s307,B,2026-09-22T04:24:58.948989+00:00,0.04117541600135155,a598bd07fcf391868dfe9390c8c1a5528eaa5ce7c8de4b6bbfea9e5eb0cb4a87,executed,results/stage3_v1/density_cache/941213f65ad4e64100cadfcca6022c51233b7170231359318840a1c759b2308b.npz
0,1.8,2,0.01,-13.12333259426337,0.7798460662695138,0.6441556519063255,0.9999999999999993,-1.6263032587282567e-18,8.684452633802431e-18,5.587032233772481e-07,0.6447922008235266,0.4200389899250135,0.4177646330227586,0.8503063046853492,64,75,"[8, 8, 8, 8, 8, 8, 8, 8]",23ba6f443aaa7da223f8c802b818043c6b7d7b6858366223e2242e470736608a,False,False,False,False,False,paramagnetic_like,0.05609069441832015,0.029682352784093508,0.13648022625802236,0.05127701094876985,0.02550248892672166,0.13882816403007092,0.04193858298822306,0.009701166010927409,B_p1_L2_s307,B,2026-09-22T04:24:59.013574+00:00,0.07753762500942685,7a24187b60003e60ff3efba9d8da2e19e447e15ccc76af4eb2183f6201a03f17,executed,results/stage3_v1/density_cache/0ab8467f9bf5c3186d1e3f763df21f4cd8bdf799102add085a53f0a1628d178c.npz
0,1.8,2,0.05,-6.544786784552732,0.39590694029917506,0.11899063625446195,0.9999999999999976,-3.003240017784847e-17,2.168404344971009e-18,0.00018854075280014514,0.11945545249136738,0.022626234366452714,0.018793396069850567,0.44864231307945723,64,75,"[8, 8, 8, 8, 8, 8, 8, 8]",23ba6f443aaa7da223f8c802b818043c6b7d7b6858366223e2242e470736608a,False,False,True,False,False,degraded,0.1873184938855404,0.08864905455578914,0.5204193522283611,0.1825048104159901,0.0844691906984173,0.5227672900004097,0.04162750000250526,0.009780833002878353,B_p1_L2_s307,B,2026-09-22T04:24:59.092237+00:00,0.07623099998454563,b136017576996a74134f2a846d27f8a6c65262bb3b3ebbe33495fd44b13ceb9d,executed,results/stage3_v1/density_cache/b87ae9c736cec819b94fe4cf31c977616544f05abf36d7c55a04fd8f296fe156.npz
0,1.8,4,0,-15.537241250640388,0.916403084568106,0.9999893076709792,0.9999999999999963,3.491130995403324e-17,1.3904866443919908e-17,-4.172791985635486e-16,0.9999999999999978,0.9999999999999936,0.9999999999999936,0.9960937499999991,128,149,"[16, 16, 16, 16, 16, 16, 16, 16]",e56e7927423e87a7bc51cd8c9906d506b1e103921e67e2bfd27f0b0cad8b6e35,False,False,False,False,False,paramagnetic_like,0.0009001676282791651,0.00018214545510805702,7.679204056987299e-05,3.219646771412954e-15,6.661338147750939e-16,2.6645352591003757e-15,0.03444520800258033,0.01208924999809824,B_p1_L4_s211,B,2026-09-22T04:24:59.166043+00:00,0.061222790973261,76eae105c18f9bbbc669d3ec7ba9c003b30c52a609ea10d7b4d043fc9adb57ac,executed,results/stage3_v1/density_cache/0d9fa8aebd3882bb42cbf9d30e4b6ae47a92d9268cc5a8400164d6db6dbfedc0.npz
0,1.8,4,0.01,-10.899873654969614,0.6566617142671053,0.4063787569458343,0.9999999999999956,-6.938893903907228e-18,6.938893903907228e-18,1.0082890586397288e-05,0.407193961171892,0.1742092404868511,0.17097084535150542,0.7336250781324374,128,149,"[16, 16, 16, 16, 16, 16, 16, 16]",e56e7927423e87a7bc51cd8c9906d506b1e103921e67e2bfd27f0b0cad8b6e35,False,False,False,False,False,paramagnetic_like,0.11229122822570464,0.0527037991052573,0.2596645782604309,0.11213648291704642,0.0526280647773103,0.2597413703010034,0.08038408399443142,0.011031333997379988,B_p1_L4_s211,B,2026-09-22T04:24:59.272907+00:00,0.11963279100018553,577f72ce7c0a31029e16905e81463e2c4fafedc852c5f09260a25bff3e080bb7,executed,results/stage3_v1/density_cache/7c37c6ee5e21dbf234cf3e409946a6aff2a0fe5276195bc7a1dda10f7a028354.npz
0,1.8,4,0.05,-2.580420218144822,0.16574356434466433,0.02056710278835698,0.999999999999991,3.577867169202165e-18,1.0842021724855044e-18,0.0012409157066431465,0.021086728543872377,0.005109273122861762,0.0012077408605984745,0.18905146479183066,128,149,"[16, 16, 16, 16, 16, 16, 16, 16]",e56e7927423e87a7bc51cd8c9906d506b1e103921e67e2bfd27f0b0cad8b6e35,False,False,True,False,False,degraded,0.26857023796840984,0.12107033684350774,0.7505827281828719,0.2684154926597516,0.12099460251556074,0.7506595202234444,0.08038249998935498,0.011154375009937212,B_p1_L4_s211,B,2026-09-22T04:24:59.393708+00:00,0.11905308399582282,a0f968a982a737d4c3ba29b3c218bc342cd4629d111747849dc14ff68ad25492,executed,results/stage3_v1/density_cache/7d6605b7e20d3cd570c1af1defc3c1eec81068e560fe654fd631bcdde947d27b.npz
0,1.8,6,0,-15.537373384838734,0.9163256746198414,0.9999999978803786,1.0000000000000027,4.445228907190568e-17,2.1689531528711182e-17,-7.769962813020658e-16,1.0000000000000016,1.000000000000005,1.000000000000005,0.9960937500000012,192,223,"[24, 24, 24, 24, 24, 24, 24, 24]",dc17559c9bcf0f789a7c1d96b483fda3c7b17a1cd7e1ae8fb7db5afe4d8fd618,False,False,False,False,False,paramagnetic_like,2.2564546636086313e-05,8.167818958182416e-06,6.179076947887552e-07,1.9984014443252818e-15,5.551115123125783e-16,1.7763568394002505e-15,0.05026425002142787,0.013173249986721203,B_p1_L6_s211,B,2026-09-22T04:24:59.487420+00:00,0.07960612498573028,730ef5c0e323ba587f1cf8ddb0cc9e6fc8ed9681d73d24eeef2cf2f979788b02,executed,results/stage3_v1/density_cache/2236c804789791b26d756abeb4ac6d5ffd51c699173aa7c94eabd017bc9a6aed.npz
0,1.8,6,0.01,-5.8334780445168155,0.3614583827106661,0.17515873403830592,1.0000000000000009,6.505213034913027e-19,3.0357660829594124e-18,0.0007828821323570378,0.1754584178442971,0.03647465556541965,0.0326961248029311,0.43048938384829005,192,223,"[24, 24, 24, 24, 24, 24, 24, 24]",dc17559c9bcf0f789a7c1d96b483fda3c7b17a1cd7e1ae8fb7db5afe4d8fd618,False,False,True,False,False,degraded,0.21422468273071385,0.09371270109918167,0.5548679098168701,0.21422579210372353,0.0937208689181393,0.5548672919091735,0.11981149998609908,0.012411875010002404,B_p1_L6_s211,B,2026-09-22T04:24:59.636373+00:00,0.1602250000287313,6e3725af1b2931cd0dcdfa8c98e12e8b38c98646e21898f1c49da6b82714d60d,executed,results/stage3_v1/density_cache/62dc35e78e315c14da56762470ad4f6ee50a31cff402a8c4602c660a387e40d5.npz
0,1.8,6,0.05,-0.11882181619340051,0.00879610223788534,0.004365550446210129,0.9999999999999949,2.3859224058259132e-17,4.370558682921689e-19,0.0036935645744994184,0.00440278911482706,0.003909352772897632,3.114940634485257e-06,0.011039802956656193,192,223,"[24, 24, 24, 24, 24, 24, 24, 24]",dc17559c9bcf0f789a7c1d96b483fda3c7b17a1cd7e1ae8fb7db5afe4d8fd618,False,False,True,False,False,degraded,0.2937646064201353,0.13033000482974844,0.9075301902896509,0.293765715793145,0.13033817264870606,0.9075295723819543,0.12036058297962882,0.012632291007321328,B_p1_L6_s211,B,2026-09-22T04:24:59.798613+00:00,0.1614173749985639,ebb1d5d5aae6dbb7924516620d363e4cde22a952b4ad60ad84157d4047ca468c,executed,results/stage3_v1/density_cache/8db7c021696930f60e7a52880d7310e293e5716571af1fd22375d3d9c10e93a7.npz
0.3,0.4,2,0,-5.972718451651485,0.5829370826531216,0.7300620714953776,0.9999999999999981,-4.841132106737228e-17,1.514782153580212e-17,-1.6842111471307946e-15,0.9999999999999963,0.9999999999999971,0.9999999999999971,0.9960937499999987,64,75,"[8, 8, 8, 8, 8, 8, 8, 8]",cb6fe8028205503ba5a12f018da0b0879127ee098ff71b95fbe24a81a255387e,True,True,False,False,False,uncertain,0.6613786733217545,0.4078955570260687,0.19640111542481864,1.2212453270876722e-15,3.885780586188048e-16,4.440892098500626e-16,0.01751404200331308,0.010590249992674217,B_p2_L2_s101,B,2026-09-22T04:24:59.853401+00:00,0.040916957979789004,44286e31dc382af365f1eb3425942d2487e4ed6a465fba7421e8cbb22e8980d7,executed,results/stage3_v1/density_cache/53927730e28e6a3df9a4d40fca61c81dc0a04532c30ec40a0751b63503710876.npz
0.3,0.4,2,0.01,-4.74479202664188,0.4982533009495327,0.42707357681201985,0.9999999999999973,-2.0504973587132103e-17,1.6479873021779667e-17,6.044006674290154e-06,0.5923292440049414,0.35582267300740944,0.35329648741136005,0.8185812234239085,64,75,"[8, 8, 8, 8, 8, 8, 8, 8]",cb6fe8028205503ba5a12f018da0b0879127ee098ff71b95fbe24a81a255387e,True,True,False,False,False,uncertain,0.6912002071070363,0.47899901727338157,0.11171733372122972,0.14394915506259126,0.07110346024731323,0.08468378170358937,0.040574541984824464,0.009813625016249716,B_p2_L2_s101,B,2026-09-22T04:24:59.917133+00:00,0.07487854102510028,912e91e1bb01e3ff8c7459931aa7ad6292b58aef7f9c428729214f6445840866,executed,results/stage3_v1/density_cache/4fb8b3deefb989d801f23395aa57a3b64c01ae7686b1bd9d75f7432ad2a5bd27.npz
0.3,0.4,2,0.05,-1.8876390136909964,0.2591097090392422,0.05917154305717275,0.9999999999999962,1.22514845490862e-17,1.7436473083185305e-18,0.00041421448834725975,0.08610127694009811,0.014412334894750096,0.010547285227670684,0.3722061466453568,64,75,"[8, 8, 8, 8, 8, 8, 8, 8]",cb6fe8028205503ba5a12f018da0b0879127ee098ff71b95fbe24a81a255387e,True,False,True,False,False,degraded,0.7408057752067677,0.6257034014200762,0.12742625818906078,0.4564969472604376,0.21780784439400785,0.32382737361387987,0.04051520797656849,0.00986954101244919,B_p2_L2_s101,B,2026-09-22T04:24:59.993264+00:00,0.07543483297922648,98c5f2e8a991130b69c32436270b4b2854d2c5f2773f443abbf85583e0a26727,executed,results/stage3_v1/density_cache/8e5adeeafa985f19ffaa7ca4723c0109ca7e997afeb6dd186f31d8cf6eec75ea.npz
0.3,0.4,4,0,-6.05974651196592,0.48264177648396334,0.9152141840432143,0.9999999999999968,4.164220432983034e-17,5.13069395816144e-17,-8.108051782811601e-16,0.9999999999999976,0.9999999999999961,0.9999999999999961,0.9960937499999991,128,149,"[16, 16, 16, 16, 16, 16, 16, 16]",f169a1a5c0709aa0930431e1079144dce3271e04acf4ce3968e3b5dd41b2ac8a,True,True,False,False,False,uncertain,0.297877210811052,0.1810642079530873,0.09610580925566037,2.4424906541753444e-15,1.1102230246251565e-15,7.771561172376096e-16,0.03421933299978264,0.012369415984721854,B_p2_L4_s211,B,2026-09-22T04:25:00.067765+00:00,0.06151783399400301,ad3307cf1595277a4a96f22aea2796d8c720c58876fcee103b0fd069bb02da19,executed,results/stage3_v1/density_cache/1de5f5a5d066a4541aedd3c797281a322bcea3a1f9cfdb0eae2562cd7032eff3.npz
0.3,0.4,4,0.01,-3.9636640659203426,0.3674261024909796,0.34757236507664935,0.9999999999999962,9.202165938970719e-18,1.214306433183765e-17,3.1618397086930375e-05,0.3831292977802886,0.1545529662249625,0.15123748766113884,0.6921716953869319,128,149,"[16, 16, 16, 16, 16, 16, 16, 16]",f169a1a5c0709aa0930431e1079144dce3271e04acf4ce3968e3b5dd41b2ac8a,True,True,False,False,False,uncertain,0.5391664896120643,0.41041657046403446,0.019109864737323345,0.2914477158791135,0.22935236251094826,0.11521567399298449,0.07733504200587049,0.01110170898027718,B_p2_L4_s211,B,2026-09-22T04:25:00.171776+00:00,0.11387837497750297,102071b9bffaef5f55b483dff75cce66a830ccbd575aaa4b407b98989e6c56a8,executed,results/stage3_v1/density_cache/2274ff0a5475dd6d8aa79c683c587c5b23b38150b4e93e3c0b66238663097802.npz
0.3,0.4,4,0.05,-0.7306229850610406,0.09435878760190769,0.014954644866528179,0.999999999999992,-2.2876665839444144e-17,1.1126286389490975e-18,0.00159345414550581,0.016493631249075828,0.004645356579762503,0.0007420050369380427,0.15251717689238797,128,149,"[16, 16, 16, 16, 16, 16, 16, 16]",f169a1a5c0709aa0930431e1079144dce3271e04acf4ce3968e3b5dd41b2ac8a,True,False,True,False,False,degraded,0.7782582202108866,0.6585244635076366,0.2921771796263953,0.6727488874661977,0.4774602555545504,0.3882829888820564,0.07813641699613072,0.011272666975855827,B_p2_L4_s211,B,2026-09-22T04:25:00.287981+00:00,0.11653270799433812,ea4e3483ebe530af0314dd3ae090c9d71126b90e8448878b3664d0d6cd4b46e5,executed,results/stage3_v1/density_cache/91371553e0359d8321dd4b5e5714c8f499edcb1dd888ef6f585a2f0292c40662.npz
0.3,0.4,6,0,-6.117192006779068,0.38654844926335363,0.9999812506129089,0.9999999999999989,8.767955674384483e-17,2.482822974991805e-17,-6.750541555204714e-16,0.9999999999999987,0.9999999999999982,0.9999999999999982,0.9960937499999994,192,223,"[24, 24, 24, 24, 24, 24, 24, 24]",06c0035f0f03a01fb35ac43e56edbec1620c000aa1b57b5498ffb8257e99edf6,False,False,False,False,False,ferro_like,0.00015765650833698963,2.7772731189416866e-05,1.2482035050664919e-05,2.220446049250313e-16,1.1102230246251565e-16,2.7755575615628914e-16,0.05121329199755564,0.01306120801018551,B_p2_L6_s211,B,2026-09-22T04:25:00.381916+00:00,0.08152033400256187,284db2e5f7b7be8727394bcd3739f9d8833386865d40e513a4ada955efc76c25,executed,results/stage3_v1/density_cache/9e6d33f9f67fadfb00cd1142f09cd290776d18e65eec00c5a9247890966ebf62.npz
0.3,0.4,6,0.01,-3.027413494806821,0.2107644578464989,0.19501790906154376,0.9999999999999982,4.449294665337389e-17,7.152448122690996e-18,0.00036985113423021557,0.1954558220084559,0.044867060205874276,0.041121440834132605,0.48356435826447497,192,223,"[24, 24, 24, 24, 24, 24, 24, 24]",06c0035f0f03a01fb35ac43e56edbec1620c000aa1b57b5498ffb8257e99edf6,False,False,True,False,False,degraded,0.5926892909021403,0.47969644015044155,0.17577150938180408,0.592846947410477,0.47971375124095683,0.17578399141685447,0.12201391701819375,0.012437749974196777,B_p2_L6_s211,B,2026-09-22T04:25:00.534266+00:00,0.1615158749918919,fbb0c0bb14a38c7253fc8a88c5037fdba3e7d4ac27b796f14e97345fec11836b,executed,results/stage3_v1/density_cache/635cf89daaebf72ae48af1003b8ea06d44970a087b9262afba01fa56f5ca68a2.npz
0.3,0.4,6,0.05,-0.1592175746804962,0.014620258517826527,0.0048586143724978804,0.999999999999992,1.4575742956352e-17,4.57447983308488e-19,0.0034033641157377743,0.004934648421068397,0.003922634872773862,1.644912717689698e-05,0.0256506373743397,192,223,"[24, 24, 24, 24, 24, 24, 24, 24]",06c0035f0f03a01fb35ac43e56edbec1620c000aa1b57b5498ffb8257e99edf6,False,False,True,False,False,degraded,0.8308624852048587,0.6874679886093394,0.37191570871047647,0.8308427184311209,0.6874852996998547,0.37192819074552685,0.11856658398755826,0.012338583008386195,B_p2_L6_s211,B,2026-09-22T04:25:00.693117+00:00,0.15910020799492486,3ea591355d9cb4226e7e4c08a53cbd92cbec91df74bc13805048fcce7425076e,executed,results/stage3_v1/density_cache/e416d483941bec601829c18a335e75496f6085cd5c73cf761fb9aab5a6e625b5.npz
0.8,0.2,2,0,-6.502304646360283,0.1307098015782811,0.9997403241870972,1.0000000000000022,-2.5647930168191762e-17,2.5373922327428557e-17,-5.104931605207415e-16,1.0000000000000036,1.0000000000000022,1.0000000000000022,0.9960937500000019,64,75,"[8, 8, 8, 8, 8, 8, 8, 8]",809c166733583fcbe13e8337f0fcad1f0ef6ad2d7430c7727fa8e60eb306a4f7,False,False,False,False,False,antiphase_like,0.0007207558615744958,0.0002593073379096311,0.001724819815027423,2.220446049250313e-16,1.1102230246251565e-16,2.7755575615628914e-17,0.016930125013459474,0.010805708996485919,B_p3_L2_s307,B,2026-09-22T04:25:00.747197+00:00,0.041598582989536226,d2755ca2e4cd637af24f934720feb83a741d5bf7c79e5760615ee1533b22b622,executed,results/stage3_v1/density_cache/ed3896f9bf1e8f29b97e372ac6b35bbd17fd987d8807950908a1a4f7c9802e29.npz
0.8,0.2,2,0.01,-4.74998249342196,0.11555983045403034,0.5683674308701612,1.0000000000000018,-4.950484060227758e-18,1.8539857149502126e-17,6.235711579991367e-05,0.568513054887199,0.32719474077484595,0.32455628877788456,0.7645666246983398,64,75,"[8, 8, 8, 8, 8, 8, 8, 8]",809c166733583fcbe13e8337f0fcad1f0ef6ad2d7430c7727fa8e60eb306a4f7,False,False,False,False,False,antiphase_like,0.30090466358753476,0.10494710891318015,0.016874790939278184,0.30162541944910903,0.10520641625108967,0.015149971124250788,0.040249207988381386,0.009730749996379018,B_p3_L2_s307,B,2026-09-22T04:25:00.811752+00:00,0.07460795799852349,98507073ddf5014ed14c95776106e01ff4cdf473f0e67fba4b92f43ae3a992d3,executed,results/stage3_v1/density_cache/9a3f6c9fe9ed472a724ab95d8671b6d01c6734b82d25b97fcbc4aa6e6f2c5e77.npz
0.8,0.2,2,0.05,-1.3361236063585187,0.05619070941754379,0.06473825817430368,1.0000000000000009,5.515878552520004e-18,3.903127820947816e-18,0.001296035245704466,0.06475786730669254,0.009448291569521438,0.005563775065872503,0.269740706853206,64,75,"[8, 8, 8, 8, 8, 8, 8, 8]",809c166733583fcbe13e8337f0fcad1f0ef6ad2d7430c7727fa8e60eb306a4f7,False,False,True,False,False,degraded,0.8322443891014841,0.3010080062253616,0.07624391197576474,0.8329651449630584,0.30126731356327113,0.07451909216073735,0.04040783300297335,0.010290541977155954,B_p3_L2_s307,B,2026-09-22T04:25:00.888339+00:00,0.07569295799476095,834c38a40874c1fa3dd48cc34f3bf27b24c5b9861ba168c70c1dca5a924fd0fd,executed,results/stage3_v1/density_cache/00a78d89ccdecc299608041f87aabfa4c8310215c7a55e5917382326320dd01d.npz
0.8,0.2,4,0,-6.502903397440436,0.13233137323311936,0.9999905275582618,0.9999999999999984,7.863062580655441e-19,1.4234315209084515e-16,-6.391920938238957e-16,0.9999999999999991,0.9999999999999989,0.9999999999999989,0.99609375,128,149,"[16, 16, 16, 16, 16, 16, 16, 16]",b0892033a6659dad568baf74149ba753b38d896bd1ce441dadebe78f03c1b4e0,False,False,False,False,False,antiphase_like,6.895236349802047e-05,2.1261951534790047e-05,0.00010324816018916771,4.440892098500626e-16,1.1362438767648086e-16,1.6653345369377348e-16,0.03463458301848732,0.011901542020495981,B_p3_L4_s211,B,2026-09-22T04:25:00.962952+00:00,0.06197537499247119,22957dc0b98bbee5424f7832a4da7790057b35e05b1fb81cdc7b450cf6a9cf72,executed,results/stage3_v1/density_cache/cff9f45d9c224393902df9b73d70fa17aa15b2cd99b7a78794cd36bd3a2165d9.npz
0.8,0.2,4,0.01,-3.8528438122358186,0.10226011439935723,0.3229542834727088,0.9999999999999989,-5.0765119748673575e-17,2.809234570782673e-17,0.00018542529602766074,0.32299770044799264,0.111776944830155,0.10829371716282228,0.6219751061210665,128,149,"[16, 16, 16, 16, 16, 16, 16, 16]",b0892033a6659dad568baf74149ba753b38d896bd1ce441dadebe78f03c1b4e0,False,True,False,False,False,uncertain,0.44205478447903657,0.15805461328707576,0.0301745069939513,0.44212373684253437,0.15807587523861044,0.030071258833761966,0.08155424997676164,0.011404249991755933,B_p3_L4_s211,B,2026-09-22T04:25:01.071937+00:00,0.11855675000697374,82ddfa4c5a1bb4131d0a649b14e444b78c1ed717c646c5c34cd4a76d626ab0d9,executed,results/stage3_v1/density_cache/d7b9d0a150690326570ad20ff414fe63f4427dc36f3717686a81146b007c9be3.npz
0.8,0.2,4,0.05,-0.46603373737325043,0.025640045934800466,0.009724950436930007,0.999999999999995,-2.2624250021162362e-18,8.809142651444724e-19,0.002700739427892336,0.009751619793345101,0.004113499445400013,0.00020806218832315068,0.08288642071777724,128,149,"[16, 16, 16, 16, 16, 16, 16, 16]",b0892033a6659dad568baf74149ba753b38d896bd1ce441dadebe78f03c1b4e0,False,False,True,False,False,degraded,0.9356811276982153,0.34682169983826344,0.10679457545850807,0.9357500800617131,0.3468429617897981,0.10669132729831873,0.08012954102014191,0.011451750004198402,B_p3_L4_s211,B,2026-09-22T04:25:01.190531+00:00,0.1183085420052521,30445ae20728d613290d3acdb7fe47859b63b8805dffddf7ea73377d7cb60ec0,executed,results/stage3_v1/density_cache/5e2a55bcfaa6ee879a6abf4ae55928ae0132b8ad77750b66b5fdf1b531f464be.npz
0.8,0.2,6,0,-6.502906614039852,0.1323425061469953,0.9999923705504585,0.9999999999999991,2.5425447110806373e-16,1.3487475025719675e-16,-6.476698711904965e-16,0.9999999999999974,0.9999999999999976,0.9999999999999976,0.9960937499999986,192,223,"[24, 24, 24, 24, 24, 24, 24, 24]",104f5e6b162a49e77a53d28ca464c90a6f3050b53525e156e0cb53d7f069e87d,False,False,False,False,False,antiphase_like,6.30175211386863e-05,1.9118487712355137e-05,9.211524631322354e-05,1.9984014443252818e-15,8.881784197001252e-16,1.3877787807814457e-16,0.05139233299996704,0.013153208012226969,B_p3_L6_s211,B,2026-09-22T04:25:01.284593+00:00,0.08125208297860809,c9a5f4f22f6745cb0cebb3b9ef540b0b7246f7a078d475e0a40b20047eed5d76,executed,results/stage3_v1/density_cache/86b324629d27a6eb0680e992e3e160557f71c73bd8dc5a02bfb179d385d5c59a.npz
0.8,0.2,6,0.01,-2.3436157952879983,0.021556230840083734,0.18226089018594815,0.999999999999998,-8.579404816836696e-17,2.7755575615628914e-17,0.0006082383813573412,0.18274187814224713,0.039463392997284706,0.03569658277374465,0.4524534051793457,192,223,"[24, 24, 24, 24, 24, 24, 24, 24]",104f5e6b162a49e77a53d28ca464c90a6f3050b53525e156e0cb53d7f069e87d,False,False,True,False,False,degraded,0.6448577234604984,0.23634667386002867,0.11087839055322479,0.6449207409816391,0.2363657923477419,0.11078627530691171,0.11939612502465025,0.012649874988710508,B_p3_L6_s211,B,2026-09-22T04:25:01.434053+00:00,0.15805662499042228,7990900d61506fcb469f10f262b2d88b60d032e75e64abce66efef0ad3e1742f,executed,results/stage3_v1/density_cache/1d8308bc74b93b97d39dc65dd69bc6149c29cef90f5a2953c991af5b8dcd418f.npz
0.8,0.2,6,0.05,-0.07983613939036528,-0.0014937859096846185,0.004579409319836367,0.9999999999999918,-1.7792985848260646e-18,2.1421463236061256e-18,0.003507975446018151,0.004671121752981429,0.003915551598996576,9.338075855386154e-06,0.018883678402032936,192,223,"[24, 24, 24, 24, 24, 24, 24, 24]",104f5e6b162a49e77a53d28ca464c90a6f3050b53525e156e0cb53d7f069e87d,False,False,True,False,False,degraded,0.9777178385952098,0.3647094640526119,0.13392840730299316,0.9777808561163505,0.36472858254032514,0.13383629205668007,0.1216144579811953,0.01234716601902619,B_p3_L6_s211,B,2026-09-22T04:25:01.595134+00:00,0.1620635840226896,6c9ad7a1f36b38636b5fc49fd8d9272eedeeddfc548fea64285b88e64de8ab07,executed,results/stage3_v1/density_cache/7c1cd7b7cd6149c9ccef578379b98616966ae845e0a3e98df0abefe1684f961f.npz
0.8,0.5,2,0,-7.11346811758304,0.401362842869841,0.9663382152293634,0.9999999999999984,-2.825998373571885e-17,1.7482234731686756e-17,-6.019581079768618e-16,0.9999999999999973,0.9999999999999967,0.9999999999999967,0.9960937499999989,64,75,"[8, 8, 8, 8, 8, 8, 8, 8]",7a3ba672a27c338fd1a15f641f6db4703a1936c42be885f5c9ad0d3854e41a00,True,False,False,False,False,antiphase_like,0.083071909031316,0.026179710244603083,0.05289425571960066,5.551115123125783e-16,1.6653345369377348e-16,2.7755575615628914e-16,0.016627959004836157,0.01083966699661687,B_p4_L2_s307,B,2026-09-22T04:25:01.649065+00:00,0.040617666993057355,971e180602563cac7a29fa7257ebe4a2db22041394997c988198a8a409c99197,executed,results/stage3_v1/density_cache/be15a0bb6d3d14aa9a1576ab467772445b416f7b146d5580f7f86ef7961dbe05.npz
0.8,0.5,2,0.01,-5.7114099897114805,0.35503294234447225,0.5896633537528716,0.999999999999998,2.7111830575715645e-17,2.8609792490763984e-17,4.119995199472715e-06,0.6093139394696332,0.37553130790728667,0.3730824110755505,0.8118954851261957,64,75,"[8, 8, 8, 8, 8, 8, 8, 8]",7a3ba672a27c338fd1a15f641f6db4703a1936c42be885f5c9ad0d3854e41a00,True,False,False,False,False,antiphase_like,0.14920964891500677,0.05082511772267012,0.09922415624496939,0.23228155794632277,0.07700482796727337,0.046329900525369005,0.04000074998475611,0.00973979101399891,B_p4_L2_s307,B,2026-09-22T04:25:01.712439+00:00,0.07364529199548997,f3f6bc2aab88793dc8a2f1e60908e693cee70fce9e48550a57525ecd43de1959,executed,results/stage3_v1/density_cache/7c0041cde3d5361a7ae069a5d990ea5eefc7b0c7ce864db649fcd5442fb93158.npz
0.8,0.5,2,0.05,-2.4343400011851535,0.19236295604972298,0.08963636493503133,0.9999999999999967,1.157385819128276e-17,4.336808689942018e-18,0.0003706490226982783,0.09311297067376281,0.015724544303512823,0.01186464055568346,0.3879448471301112,64,75,"[8, 8, 8, 8, 8, 8, 8, 8]",7a3ba672a27c338fd1a15f641f6db4703a1936c42be885f5c9ad0d3854e41a00,True,False,True,False,False,degraded,0.5975998238283974,0.20944814224547093,0.26189414253971866,0.6806717328597134,0.23562785249007417,0.20899988682011827,0.0413883330184035,0.009991667000576854,B_p4_L2_s307,B,2026-09-22T04:25:01.788872+00:00,0.07584249999490567,527a4fcfb15629291dd64d7fcb0a48f2eeb823c05be88fe23a10849e3d94d923,executed,results/stage3_v1/density_cache/a1243c4b2ac66e832081234334a4aabbb7fe422fe45bbf02555d143d8a4a2afe.npz
0.8,0.5,4,0,-7.1472915560241175,0.4384376907266237,0.9928416580031357,0.9999999999999964,-1.251839257169991e-17,5.117434254131581e-17,-4.482041283962569e-16,0.9999999999999983,0.9999999999999932,0.9999999999999932,0.9960937499999992,128,149,"[16, 16, 16, 16, 16, 16, 16, 16]",677ee105031a6a364435c7eef6520708227a09ed7a3b5a74a3202284823ac429,True,True,False,False,False,uncertain,0.03718642383011628,0.010557797205324515,0.015819407862817936,2.220446049250313e-15,8.326672684688674e-16,9.43689570931383e-16,0.034574042016174644,0.011883916013175622,B_p4_L4_s307,B,2026-09-22T04:25:01.863372+00:00,0.06279475000337698,1e8953a24227951dce0e311845896b05bc5fd390af8284059a6f89ce395fc263,executed,results/stage3_v1/density_cache/2cb26c40b3c5bdaa3378bc949dc8eb01f97441f5d6d6ee8924f585415026eed7.npz
0.8,0.5,4,0.01,-4.2648955289756225,0.26413812314916985,0.32139272699804367,0.9999999999999962,-5.689520306707135e-18,3.476216610979977e-17,0.00015415494391404004,0.3235888697444889,0.11150950400680709,0.10802522755193182,0.6189147867007951,128,149,"[16, 16, 16, 16, 16, 16, 16, 16]",677ee105031a6a364435c7eef6520708227a09ed7a3b5a74a3202284823ac429,True,True,False,False,False,uncertain,0.35217420873735655,0.1273728435020237,0.1901189754402718,0.38936063256747416,0.13793064070734906,0.1742995675774548,0.0821261249948293,0.011164041003212333,B_p4_L4_s307,B,2026-09-22T04:25:01.972788+00:00,0.11835241699009202,40143a6f9bfefbf0d897c5c91fc254f27eb0c36750390e18486c0c321dfd3c35,executed,results/stage3_v1/density_cache/788df5b828e5e3c4878005d14ff9c636ad75f9853f4b77e1d2e0189cde157751.npz
0.8,0.5,4,0.05,-0.5120974273656194,0.03477253249066735,0.009369071599168126,0.9999999999999916,5.88349085162837e-18,1.2332799712022613e-18,0.0026886670744448353,0.009432884191275854,0.004077873598690305,0.00017229663241065903,0.0751460195115345,128,149,"[16, 16, 16, 16, 16, 16, 16, 16]",677ee105031a6a364435c7eef6520708227a09ed7a3b5a74a3202284823ac429,True,False,True,False,False,degraded,0.7468954142467464,0.278429658249264,0.41948456609877427,0.7708328613307291,0.28898745545458937,0.4036651582359573,0.08003324997844175,0.01115575002040714,B_p4_L4_s307,B,2026-09-22T04:25:02.090395+00:00,0.11805187500431202,832f19195518acf2ac4e6ab827aa256d4371ba722cae0a5b323563a7dd8679bf,executed,results/stage3_v1/density_cache/a8094a1c07476e74a515a411a3255f31d788aaf4945e09f5fd07fcc4f70b8d51.npz
0.8,0.5,6,0,-7.153585889999259,0.4462414900944797,0.9976919609971355,0.9999999999999998,3.6099220722998196e-17,6.491066885584661e-17,-5.559748338288391e-16,1.0000000000000027,1.000000000000004,1.000000000000004,0.9960937500000024,192,223,"[24, 24, 24, 24, 24, 24, 24, 24]",64e9304ab6d01d4fc9800bc81afa9bee1be39dc1f413bf1b1d390901eaf44f76,True,True,False,False,False,uncertain,0.02075264399711152,0.005787934267800499,0.008015608494961912,1.3322676295501878e-15,2.7755575615628914e-16,2.220446049250313e-16,0.051370791014051065,0.013238540996098891,B_p4_L6_s307,B,2026-09-22T04:25:02.184644+00:00,0.08077649999177083,637ce470a2d103e2889cbcb1a869380f3b351768d70728e0ea66dda60c3eb094,executed,results/stage3_v1/density_cache/cc9e04410b1c0a0207dc9a3976291cb7d43fe90a091f26f023cfa5a2d1434df8.npz
0.8,0.5,6,0.01,-3.586723293323735,0.23971168637384055,0.19549149539185517,1.0000000000000002,7.453889935837843e-19,2.4792932580313904e-17,0.00032244370559038576,0.19613262478635574,0.04589965640993503,0.042158086435072024,0.4960118579812587,192,223,"[24, 24, 24, 24, 24, 24, 24, 24]",64e9304ab6d01d4fc9800bc81afa9bee1be39dc1f413bf1b1d390901eaf44f76,True,False,True,False,False,degraded,0.43544043751076256,0.1603617135312525,0.21454541221560108,0.4561930815078743,0.16614964779905328,0.20652980372063895,0.12055799999507144,0.01250266600982286,B_p4_L6_s307,B,2026-09-22T04:25:02.334713+00:00,0.15990641599637456,6be4a73087302eb86052de948fb249197566720d076d60c0bfed264bbfcabb78,executed,results/stage3_v1/density_cache/5a899b79ef40b455be00b2aa1c105b454783e5dc4ddff8960e32658c33fbaee8.npz
0.8,0.5,6,0.05,-0.21522527799070684,0.016235093566000558,0.005037843575243011,0.9999999999999931,1.4350432192382356e-17,1.5178830414797062e-18,0.00334978090718004,0.0050719656690526175,0.0039276979891463126,2.1532098907670648e-05,0.02899698499283601,192,223,"[24, 24, 24, 24, 24, 24, 24, 24]",64e9304ab6d01d4fc9800bc81afa9bee1be39dc1f413bf1b1d390901eaf44f76,True,False,True,False,False,degraded,0.7768567072052577,0.288037307306654,0.4380220050234411,0.7896321222779039,0.2938252415744548,0.43000639652847894,0.1197763750096783,0.012613916012924165,B_p4_L6_s307,B,2026-09-22T04:25:02.494892+00:00,0.16071866700076498,b136fa75e803fe433813cf90e78fcc833e77924738eda70dc1b44e3ac1064a13,executed,results/stage3_v1/density_cache/2ad181c20084775ec892071793299275683f36c79c668388fbded0aa825bc5ea.npz
